year,la_name,school_name,stage,measure,value_label
2024/25,Scotland,All publicly funded schools,P1,Listening & Talking - % Meeting Level,86.5%
2024/25,Scotland,All publicly funded schools,P1,Numeracy - % Meeting Level,84.6%
2024/25,Scotland,All publicly funded schools,P1,Reading - % Meeting Level,80.6%
2024/25,Scotland,All publicly funded schools,P1,Writing - % Meeting Level,78.7%
2024/25,Scotland,All publicly funded schools,"P1, P4 & P7 combined",Listening & Talking - % Meeting Level,87.5%
2024/25,Scotland,All publicly funded schools,"P1, P4 & P7 combined",Numeracy - % Meeting Level,80.3%
2024/25,Scotland,All publicly funded schools,"P1, P4 & P7 combined",Reading - % Meeting Level,80.6%
2024/25,Scotland,All publicly funded schools,"P1, P4 & P7 combined",Writing - % Meeting Level,76.5%
2024/25,Scotland,All publicly funded schools,P4,Listening & Talking - % Meeting Level,87.4%
2024/25,Scotland,All publicly funded schools,P4,Numeracy - % Meeting Level,77.9%
2024/25,Scotland,All publicly funded schools,P4,Reading - % Meeting Level,79.1%
2024/25,Scotland,All publicly funded schools,P4,Writing - % Meeting Level,74.2%
2024/25,Scotland,All publicly funded schools,P7,Listening & Talking - % Meeting Level,88.5%
2024/25,Scotland,All publicly funded schools,P7,Numeracy - % Meeting Level,78.9%
2024/25,Scotland,All publicly funded schools,P7,Reading - % Meeting Level,82%
2024/25,Scotland,All publicly funded schools,P7,Writing - % Meeting Level,76.9%
2024/25,Aberdeenshire,All publicly funded schools,P1,Listening & Talking - % Meeting Level,85.7%
2024/25,Aberdeenshire,All publicly funded schools,P1,Numeracy - % Meeting Level,85.8%
2024/25,Aberdeenshire,All publicly funded schools,P1,Reading - % Meeting Level,81.2%
2024/25,Aberdeenshire,All publicly funded schools,P1,Writing - % Meeting Level,78%
2024/25,Aberdeenshire,All publicly funded schools,"P1, P4 & P7 combined",Listening & Talking - % Meeting Level,86.4%
2024/25,Aberdeenshire,All publicly funded schools,"P1, P4 & P7 combined",Numeracy - % Meeting Level,79.4%
2024/25,Aberdeenshire,All publicly funded schools,"P1, P4 & P7 combined",Reading - % Meeting Level,79.2%
2024/25,Aberdeenshire,All publicly funded schools,"P1, P4 & P7 combined",Writing - % Meeting Level,73.9%
2024/25,Aberdeenshire,All publicly funded schools,P4,Listening & Talking - % Meeting Level,85.6%
2024/25,Aberdeenshire,All publicly funded schools,P4,Numeracy - % Meeting Level,75.9%
2024/25,Aberdeenshire,All publicly funded schools,P4,Reading - % Meeting Level,76.6%
2024/25,Aberdeenshire,All publicly funded schools,P4,Writing - % Meeting Level,70.8%
2024/25,Aberdeenshire,All publicly funded schools,P7,Listening & Talking - % Meeting Level,87.9%
2024/25,Aberdeenshire,All publicly funded schools,P7,Numeracy - % Meeting Level,77.1%
2024/25,Aberdeenshire,All publicly funded schools,P7,Reading - % Meeting Level,80%
2024/25,Aberdeenshire,All publicly funded schools,P7,Writing - % Meeting Level,73.3%
2024/25,Aberdeenshire,Aberchirder School,P1,Listening & Talking - % Meeting Level,c
2024/25,Aberdeenshire,Aberchirder School,P1,Numeracy - % Meeting Level,c
2024/25,Aberdeenshire,Aberchirder School,P1,Reading - % Meeting Level,c
2024/25,Aberdeenshire,Aberchirder School,P1,Writing - % Meeting Level,c
2024/25,Aberdeenshire,Aberchirder School,"P1, P4 & P7 combined",Listening & Talking - % Meeting Level,70-80%
2024/25,Aberdeenshire,Aberchirder School,"P1, P4 & P7 combined",Numeracy - % Meeting Level,70-80%
2024/25,Aberdeenshire,Aberchirder School,"P1, P4 & P7 combined",Reading - % Meeting Level,70-80%
2024/25,Aberdeenshire,Aberchirder School,"P1, P4 & P7 combined",Writing - % Meeting Level,50-60%
2024/25,Aberdeenshire,Aberchirder School,P4,Listening & Talking - % Meeting Level,c
2024/25,Aberdeenshire,Aberchirder School,P4,Numeracy - % Meeting Level,c
2024/25,Aberdeenshire,Aberchirder School,P4,Reading - % Meeting Level,c
2024/25,Aberdeenshire,Aberchirder School,P4,Writing - % Meeting Level,c
2024/25,Aberdeenshire,Aberchirder School,P7,Listening & Talking - % Meeting Level,c
2024/25,Aberdeenshire,Aberchirder School,P7,Numeracy - % Meeting Level,c
2024/25,Aberdeenshire,Aberchirder School,P7,Reading - % Meeting Level,c
2024/25,Aberdeenshire,Aberchirder School,P7,Writing - % Meeting Level,c
2024/25,Aberdeenshire,Aboyne Primary School,P1,Listening & Talking - % Meeting Level,70-80%
2024/25,Aberdeenshire,Aboyne Primary School,P1,Numeracy - % Meeting Level,70-80%
2024/25,Aberdeenshire,Aboyne Primary School,P1,Reading - % Meeting Level,60-70%
2024/25,Aberdeenshire,Aboyne Primary School,P1,Writing - % Meeting Level,50-60%
2024/25,Aberdeenshire,Aboyne Primary School,"P1, P4 & P7 combined",Listening & Talking - % Meeting Level,70-80%
2024/25,Aberdeenshire,Aboyne Primary School,"P1, P4 & P7 combined",Numeracy - % Meeting Level,70-80%
2024/25,Aberdeenshire,Aboyne Primary School,"P1, P4 & P7 combined",Reading - % Meeting Level,60-70%
2024/25,Aberdeenshire,Aboyne Primary School,"P1, P4 & P7 combined",Writing - % Meeting Level,50-60%
2024/25,Aberdeenshire,Aboyne Primary School,P4,Listening & Talking - % Meeting Level,60-70%
2024/25,Aberdeenshire,Aboyne Primary School,P4,Numeracy - % Meeting Level,60-70%
2024/25,Aberdeenshire,Aboyne Primary School,P4,Reading - % Meeting Level,60-70%
2024/25,Aberdeenshire,Aboyne Primary School,P4,Writing - % Meeting Level,40-50%
2024/25,Aberdeenshire,Aboyne Primary School,P7,Listening & Talking - % Meeting Level,80-90%
2024/25,Aberdeenshire,Aboyne Primary School,P7,Numeracy - % Meeting Level,70-80%
2024/25,Aberdeenshire,Aboyne Primary School,P7,Reading - % Meeting Level,60-70%
2024/25,Aberdeenshire,Aboyne Primary School,P7,Writing - % Meeting Level,50-60%
2024/25,Aberdeenshire,Alehousewells School,P1,Listening & Talking - % Meeting Level,80-90%
2024/25,Aberdeenshire,Alehousewells School,P1,Numeracy - % Meeting Level,70-80%
2024/25,Aberdeenshire,Alehousewells School,P1,Reading - % Meeting Level,70-80%
2024/25,Aberdeenshire,Alehousewells School,P1,Writing - % Meeting Level,60-70%
2024/25,Aberdeenshire,Alehousewells School,"P1, P4 & P7 combined",Listening & Talking - % Meeting Level,70-80%
2024/25,Aberdeenshire,Alehousewells School,"P1, P4 & P7 combined",Numeracy - % Meeting Level,60-70%
2024/25,Aberdeenshire,Alehousewells School,"P1, P4 & P7 combined",Reading - % Meeting Level,60-70%
2024/25,Aberdeenshire,Alehousewells School,"P1, P4 & P7 combined",Writing - % Meeting Level,60-70%
2024/25,Aberdeenshire,Alehousewells School,P4,Listening & Talking - % Meeting Level,c
2024/25,Aberdeenshire,Alehousewells School,P4,Numeracy - % Meeting Level,c
2024/25,Aberdeenshire,Alehousewells School,P4,Reading - % Meeting Level,c
2024/25,Aberdeenshire,Alehousewells School,P4,Writing - % Meeting Level,c
2024/25,Aberdeenshire,Alehousewells School,P7,Listening & Talking - % Meeting Level,c
2024/25,Aberdeenshire,Alehousewells School,P7,Numeracy - % Meeting Level,c
2024/25,Aberdeenshire,Alehousewells School,P7,Reading - % Meeting Level,c
2024/25,Aberdeenshire,Alehousewells School,P7,Writing - % Meeting Level,c
2024/25,Aberdeenshire,Alford Primary School,P1,Listening & Talking - % Meeting Level,80-90%
2024/25,Aberdeenshire,Alford Primary School,P1,Numeracy - % Meeting Level,80-90%
2024/25,Aberdeenshire,Alford Primary School,P1,Reading - % Meeting Level,70-80%
2024/25,Aberdeenshire,Alford Primary School,P1,Writing - % Meeting Level,70-80%
2024/25,Aberdeenshire,Alford Primary School,"P1, P4 & P7 combined",Listening & Talking - % Meeting Level,80-90%
2024/25,Aberdeenshire,Alford Primary School,"P1, P4 & P7 combined",Numeracy - % Meeting Level,70-80%
2024/25,Aberdeenshire,Alford Primary School,"P1, P4 & P7 combined",Reading - % Meeting Level,70-80%
2024/25,Aberdeenshire,Alford Primary School,"P1, P4 & P7 combined",Writing - % Meeting Level,60-70%
2024/25,Aberdeenshire,Alford Primary School,P4,Listening & Talking - % Meeting Level,80-90%
2024/25,Aberdeenshire,Alford Primary School,P4,Numeracy - % Meeting Level,80-90%
2024/25,Aberdeenshire,Alford Primary School,P4,Reading - % Meeting Level,70-80%
2024/25,Aberdeenshire,Alford Primary School,P4,Writing - % Meeting Level,60-70%
2024/25,Aberdeenshire,Alford Primary School,P7,Listening & Talking - % Meeting Level,80-90%
2024/25,Aberdeenshire,Alford Primary School,P7,Numeracy - % Meeting Level,60-70%
2024/25,Aberdeenshire,Alford Primary School,P7,Reading - % Meeting Level,80-90%
2024/25,Aberdeenshire,Alford Primary School,P7,Writing - % Meeting Level,60-70%
2024/25,Aberdeenshire,Arduthie School,P1,Listening & Talking - % Meeting Level,90+%
2024/25,Aberdeenshire,Arduthie School,P1,Numeracy - % Meeting Level,80-90%
2024/25,Aberdeenshire,Arduthie School,P1,Reading - % Meeting Level,80-90%
2024/25,Aberdeenshire,Arduthie School,P1,Writing - % Meeting Level,80-90%
2024/25,Aberdeenshire,Arduthie School,"P1, P4 & P7 combined",Listening & Talking - % Meeting Level,90+%
2024/25,Aberdeenshire,Arduthie School,"P1, P4 & P7 combined",Numeracy - % Meeting Level,80-90%
2024/25,Aberdeenshire,Arduthie School,"P1, P4 & P7 combined",Reading - % Meeting Level,90+%
2024/25,Aberdeenshire,Arduthie School,"P1, P4 & P7 combined",Writing - % Meeting Level,80-90%
2024/25,Aberdeenshire,Arduthie School,P4,Listening & Talking - % Meeting Level,90+%
2024/25,Aberdeenshire,Arduthie School,P4,Numeracy - % Meeting Level,80-90%
2024/25,Aberdeenshire,Arduthie School,P4,Reading - % Meeting Level,90+%
2024/25,Aberdeenshire,Arduthie School,P4,Writing - % Meeting Level,80-90%
2024/25,Aberdeenshire,Arduthie School,P7,Listening & Talking - % Meeting Level,90+%
2024/25,Aberdeenshire,Arduthie School,P7,Numeracy - % Meeting Level,80-90%
2024/25,Aberdeenshire,Arduthie School,P7,Reading - % Meeting Level,90+%
2024/25,Aberdeenshire,Arduthie School,P7,Writing - % Meeting Level,90+%
2024/25,Aberdeenshire,Arnage School,P1,Listening & Talking - % Meeting Level,c
2024/25,Aberdeenshire,Arnage School,P1,Numeracy - % Meeting Level,c
2024/25,Aberdeenshire,Arnage School,P1,Reading - % Meeting Level,c
2024/25,Aberdeenshire,Arnage School,P1,Writing - % Meeting Level,c
2024/25,Aberdeenshire,Arnage School,"P1, P4 & P7 combined",Listening & Talking - % Meeting Level,c
2024/25,Aberdeenshire,Arnage School,"P1, P4 & P7 combined",Numeracy - % Meeting Level,c
2024/25,Aberdeenshire,Arnage School,"P1, P4 & P7 combined",Reading - % Meeting Level,c
2024/25,Aberdeenshire,Arnage School,"P1, P4 & P7 combined",Writing - % Meeting Level,c
2024/25,Aberdeenshire,Arnage School,P4,Listening & Talking - % Meeting Level,c
2024/25,Aberdeenshire,Arnage School,P4,Numeracy - % Meeting Level,c
2024/25,Aberdeenshire,Arnage School,P4,Reading - % Meeting Level,c
2024/25,Aberdeenshire,Arnage School,P4,Writing - % Meeting Level,c
2024/25,Aberdeenshire,Arnage School,P7,Listening & Talking - % Meeting Level,c
2024/25,Aberdeenshire,Arnage School,P7,Numeracy - % Meeting Level,c
2024/25,Aberdeenshire,Arnage School,P7,Reading - % Meeting Level,c
2024/25,Aberdeenshire,Arnage School,P7,Writing - % Meeting Level,c
2024/25,Aberdeenshire,Auchenblae School,P1,Listening & Talking - % Meeting Level,c
2024/25,Aberdeenshire,Auchenblae School,P1,Numeracy - % Meeting Level,c
2024/25,Aberdeenshire,Auchenblae School,P1,Reading - % Meeting Level,c
2024/25,Aberdeenshire,Auchenblae School,P1,Writing - % Meeting Level,c
2024/25,Aberdeenshire,Auchenblae School,"P1, P4 & P7 combined",Listening & Talking - % Meeting Level,80-90%
2024/25,Aberdeenshire,Auchenblae School,"P1, P4 & P7 combined",Numeracy - % Meeting Level,70-80%
2024/25,Aberdeenshire,Auchenblae School,"P1, P4 & P7 combined",Reading - % Meeting Level,60-70%
2024/25,Aberdeenshire,Auchenblae School,"P1, P4 & P7 combined",Writing - % Meeting Level,40-50%
2024/25,Aberdeenshire,Auchenblae School,P4,Listening & Talking - % Meeting Level,c
2024/25,Aberdeenshire,Auchenblae School,P4,Numeracy - % Meeting Level,c
2024/25,Aberdeenshire,Auchenblae School,P4,Reading - % Meeting Level,c
2024/25,Aberdeenshire,Auchenblae School,P4,Writing - % Meeting Level,c
2024/25,Aberdeenshire,Auchenblae School,P7,Listening & Talking - % Meeting Level,c
2024/25,Aberdeenshire,Auchenblae School,P7,Numeracy - % Meeting Level,c
2024/25,Aberdeenshire,Auchenblae School,P7,Reading - % Meeting Level,c
2024/25,Aberdeenshire,Auchenblae School,P7,Writing - % Meeting Level,c
2024/25,Aberdeenshire,Auchnagatt School,P1,Listening & Talking - % Meeting Level,c
2024/25,Aberdeenshire,Auchnagatt School,P1,Numeracy - % Meeting Level,c
2024/25,Aberdeenshire,Auchnagatt School,P1,Reading - % Meeting Level,c
2024/25,Aberdeenshire,Auchnagatt School,P1,Writing - % Meeting Level,c
2024/25,Aberdeenshire,Auchnagatt School,"P1, P4 & P7 combined",Listening & Talking - % Meeting Level,90+%
2024/25,Aberdeenshire,Auchnagatt School,"P1, P4 & P7 combined",Numeracy - % Meeting Level,90+%
2024/25,Aberdeenshire,Auchnagatt School,"P1, P4 & P7 combined",Reading - % Meeting Level,70-80%
2024/25,Aberdeenshire,Auchnagatt School,"P1, P4 & P7 combined",Writing - % Meeting Level,80-90%
2024/25,Aberdeenshire,Auchnagatt School,P4,Listening & Talking - % Meeting Level,c
2024/25,Aberdeenshire,Auchnagatt School,P4,Numeracy - % Meeting Level,c
2024/25,Aberdeenshire,Auchnagatt School,P4,Reading - % Meeting Level,c
2024/25,Aberdeenshire,Auchnagatt School,P4,Writing - % Meeting Level,c
2024/25,Aberdeenshire,Auchnagatt School,P7,Listening & Talking - % Meeting Level,c
2024/25,Aberdeenshire,Auchnagatt School,P7,Numeracy - % Meeting Level,c
2024/25,Aberdeenshire,Auchnagatt School,P7,Reading - % Meeting Level,c
2024/25,Aberdeenshire,Auchnagatt School,P7,Writing - % Meeting Level,c
2024/25,Aberdeenshire,Auchterellon School,P1,Listening & Talking - % Meeting Level,80-90%
2024/25,Aberdeenshire,Auchterellon School,P1,Numeracy - % Meeting Level,90+%
2024/25,Aberdeenshire,Auchterellon School,P1,Reading - % Meeting Level,90+%
2024/25,Aberdeenshire,Auchterellon School,P1,Writing - % Meeting Level,90+%
2024/25,Aberdeenshire,Auchterellon School,"P1, P4 & P7 combined",Listening & Talking - % Meeting Level,90+%
2024/25,Aberdeenshire,Auchterellon School,"P1, P4 & P7 combined",Numeracy - % Meeting Level,80-90%
2024/25,Aberdeenshire,Auchterellon School,"P1, P4 & P7 combined",Reading - % Meeting Level,80-90%
2024/25,Aberdeenshire,Auchterellon School,"P1, P4 & P7 combined",Writing - % Meeting Level,70-80%
2024/25,Aberdeenshire,Auchterellon School,P4,Listening & Talking - % Meeting Level,90+%
2024/25,Aberdeenshire,Auchterellon School,P4,Numeracy - % Meeting Level,60-70%
2024/25,Aberdeenshire,Auchterellon School,P4,Reading - % Meeting Level,70-80%
2024/25,Aberdeenshire,Auchterellon School,P4,Writing - % Meeting Level,60-70%
2024/25,Aberdeenshire,Auchterellon School,P7,Listening & Talking - % Meeting Level,90+%
2024/25,Aberdeenshire,Auchterellon School,P7,Numeracy - % Meeting Level,80-90%
2024/25,Aberdeenshire,Auchterellon School,P7,Reading - % Meeting Level,80-90%
2024/25,Aberdeenshire,Auchterellon School,P7,Writing - % Meeting Level,80-90%
2024/25,Aberdeenshire,Auchterless School,P1,Listening & Talking - % Meeting Level,c
2024/25,Aberdeenshire,Auchterless School,P1,Numeracy - % Meeting Level,c
2024/25,Aberdeenshire,Auchterless School,P1,Reading - % Meeting Level,c
2024/25,Aberdeenshire,Auchterless School,P1,Writing - % Meeting Level,c
2024/25,Aberdeenshire,Auchterless School,"P1, P4 & P7 combined",Listening & Talking - % Meeting Level,90+%
2024/25,Aberdeenshire,Auchterless School,"P1, P4 & P7 combined",Numeracy - % Meeting Level,80-90%
2024/25,Aberdeenshire,Auchterless School,"P1, P4 & P7 combined",Reading - % Meeting Level,90+%
2024/25,Aberdeenshire,Auchterless School,"P1, P4 & P7 combined",Writing - % Meeting Level,70-80%
2024/25,Aberdeenshire,Auchterless School,P4,Listening & Talking - % Meeting Level,c
2024/25,Aberdeenshire,Auchterless School,P4,Numeracy - % Meeting Level,c
2024/25,Aberdeenshire,Auchterless School,P4,Reading - % Meeting Level,c
2024/25,Aberdeenshire,Auchterless School,P4,Writing - % Meeting Level,c
2024/25,Aberdeenshire,Auchterless School,P7,Listening & Talking - % Meeting Level,c
2024/25,Aberdeenshire,Auchterless School,P7,Numeracy - % Meeting Level,c
2024/25,Aberdeenshire,Auchterless School,P7,Reading - % Meeting Level,c
2024/25,Aberdeenshire,Auchterless School,P7,Writing - % Meeting Level,c
2024/25,Aberdeenshire,Ballater School,P1,Listening & Talking - % Meeting Level,c
2024/25,Aberdeenshire,Ballater School,P1,Numeracy - % Meeting Level,c
2024/25,Aberdeenshire,Ballater School,P1,Reading - % Meeting Level,c
2024/25,Aberdeenshire,Ballater School,P1,Writing - % Meeting Level,c
2024/25,Aberdeenshire,Ballater School,"P1, P4 & P7 combined",Listening & Talking - % Meeting Level,80-90%
2024/25,Aberdeenshire,Ballater School,"P1, P4 & P7 combined",Numeracy - % Meeting Level,70-80%
2024/25,Aberdeenshire,Ballater School,"P1, P4 & P7 combined",Reading - % Meeting Level,80-90%
2024/25,Aberdeenshire,Ballater School,"P1, P4 & P7 combined",Writing - % Meeting Level,70-80%
2024/25,Aberdeenshire,Ballater School,P4,Listening & Talking - % Meeting Level,c
2024/25,Aberdeenshire,Ballater School,P4,Numeracy - % Meeting Level,c
2024/25,Aberdeenshire,Ballater School,P4,Reading - % Meeting Level,c
2024/25,Aberdeenshire,Ballater School,P4,Writing - % Meeting Level,c
2024/25,Aberdeenshire,Ballater School,P7,Listening & Talking - % Meeting Level,c
2024/25,Aberdeenshire,Ballater School,P7,Numeracy - % Meeting Level,c
2024/25,Aberdeenshire,Ballater School,P7,Reading - % Meeting Level,c
2024/25,Aberdeenshire,Ballater School,P7,Writing - % Meeting Level,c
2024/25,Aberdeenshire,Balmedie School,P1,Listening & Talking - % Meeting Level,70-80%
2024/25,Aberdeenshire,Balmedie School,P1,Numeracy - % Meeting Level,80-90%
2024/25,Aberdeenshire,Balmedie School,P1,Reading - % Meeting Level,70-80%
2024/25,Aberdeenshire,Balmedie School,P1,Writing - % Meeting Level,70-80%
2024/25,Aberdeenshire,Balmedie School,"P1, P4 & P7 combined",Listening & Talking - % Meeting Level,80-90%
2024/25,Aberdeenshire,Balmedie School,"P1, P4 & P7 combined",Numeracy - % Meeting Level,70-80%
2024/25,Aberdeenshire,Balmedie School,"P1, P4 & P7 combined",Reading - % Meeting Level,70-80%
2024/25,Aberdeenshire,Balmedie School,"P1, P4 & P7 combined",Writing - % Meeting Level,60-70%
2024/25,Aberdeenshire,Balmedie School,P4,Listening & Talking - % Meeting Level,80-90%
2024/25,Aberdeenshire,Balmedie School,P4,Numeracy - % Meeting Level,70-80%
2024/25,Aberdeenshire,Balmedie School,P4,Reading - % Meeting Level,60-70%
2024/25,Aberdeenshire,Balmedie School,P4,Writing - % Meeting Level,60-70%
2024/25,Aberdeenshire,Balmedie School,P7,Listening & Talking - % Meeting Level,80-90%
2024/25,Aberdeenshire,Balmedie School,P7,Numeracy - % Meeting Level,70-80%
2024/25,Aberdeenshire,Balmedie School,P7,Reading - % Meeting Level,70-80%
2024/25,Aberdeenshire,Balmedie School,P7,Writing - % Meeting Level,60-70%
2024/25,Aberdeenshire,Banchory Primary School,P1,Listening & Talking - % Meeting Level,90+%
2024/25,Aberdeenshire,Banchory Primary School,P1,Numeracy - % Meeting Level,90+%
2024/25,Aberdeenshire,Banchory Primary School,P1,Reading - % Meeting Level,90+%
2024/25,Aberdeenshire,Banchory Primary School,P1,Writing - % Meeting Level,90+%
2024/25,Aberdeenshire,Banchory Primary School,"P1, P4 & P7 combined",Listening & Talking - % Meeting Level,90+%
2024/25,Aberdeenshire,Banchory Primary School,"P1, P4 & P7 combined",Numeracy - % Meeting Level,90+%
2024/25,Aberdeenshire,Banchory Primary School,"P1, P4 & P7 combined",Reading - % Meeting Level,90+%
2024/25,Aberdeenshire,Banchory Primary School,"P1, P4 & P7 combined",Writing - % Meeting Level,90+%
2024/25,Aberdeenshire,Banchory Primary School,P4,Listening & Talking - % Meeting Level,90+%
2024/25,Aberdeenshire,Banchory Primary School,P4,Numeracy - % Meeting Level,90+%
2024/25,Aberdeenshire,Banchory Primary School,P4,Reading - % Meeting Level,90+%
2024/25,Aberdeenshire,Banchory Primary School,P4,Writing - % Meeting Level,90+%
2024/25,Aberdeenshire,Banchory Primary School,P7,Listening & Talking - % Meeting Level,90+%
2024/25,Aberdeenshire,Banchory Primary School,P7,Numeracy - % Meeting Level,90+%
2024/25,Aberdeenshire,Banchory Primary School,P7,Reading - % Meeting Level,90+%
2024/25,Aberdeenshire,Banchory Primary School,P7,Writing - % Meeting Level,80-90%
2024/25,Aberdeenshire,Banchory-Devenick School,P1,Listening & Talking - % Meeting Level,c
2024/25,Aberdeenshire,Banchory-Devenick School,P1,Numeracy - % Meeting Level,c
2024/25,Aberdeenshire,Banchory-Devenick School,P1,Reading - % Meeting Level,c
2024/25,Aberdeenshire,Banchory-Devenick School,P1,Writing - % Meeting Level,c
2024/25,Aberdeenshire,Banchory-Devenick School,"P1, P4 & P7 combined",Listening & Talking - % Meeting Level,70-80%
2024/25,Aberdeenshire,Banchory-Devenick School,"P1, P4 & P7 combined",Numeracy - % Meeting Level,70-80%
2024/25,Aberdeenshire,Banchory-Devenick School,"P1, P4 & P7 combined",Reading - % Meeting Level,70-80%
2024/25,Aberdeenshire,Banchory-Devenick School,"P1, P4 & P7 combined",Writing - % Meeting Level,60-70%
2024/25,Aberdeenshire,Banchory-Devenick School,P4,Listening & Talking - % Meeting Level,c
2024/25,Aberdeenshire,Banchory-Devenick School,P4,Numeracy - % Meeting Level,c
2024/25,Aberdeenshire,Banchory-Devenick School,P4,Reading - % Meeting Level,c
2024/25,Aberdeenshire,Banchory-Devenick School,P4,Writing - % Meeting Level,c
2024/25,Aberdeenshire,Banchory-Devenick School,P7,Listening & Talking - % Meeting Level,c
2024/25,Aberdeenshire,Banchory-Devenick School,P7,Numeracy - % Meeting Level,c
2024/25,Aberdeenshire,Banchory-Devenick School,P7,Reading - % Meeting Level,c
2024/25,Aberdeenshire,Banchory-Devenick School,P7,Writing - % Meeting Level,c
2024/25,Aberdeenshire,Banff Primary School,P1,Listening & Talking - % Meeting Level,60-70%
2024/25,Aberdeenshire,Banff Primary School,P1,Numeracy - % Meeting Level,70-80%
2024/25,Aberdeenshire,Banff Primary School,P1,Reading - % Meeting Level,70-80%
2024/25,Aberdeenshire,Banff Primary School,P1,Writing - % Meeting Level,50-60%
2024/25,Aberdeenshire,Banff Primary School,"P1, P4 & P7 combined",Listening & Talking - % Meeting Level,70-80%
2024/25,Aberdeenshire,Banff Primary School,"P1, P4 & P7 combined",Numeracy - % Meeting Level,60-70%
2024/25,Aberdeenshire,Banff Primary School,"P1, P4 & P7 combined",Reading - % Meeting Level,60-70%
2024/25,Aberdeenshire,Banff Primary School,"P1, P4 & P7 combined",Writing - % Meeting Level,60-70%
2024/25,Aberdeenshire,Banff Primary School,P4,Listening & Talking - % Meeting Level,60-70%
2024/25,Aberdeenshire,Banff Primary School,P4,Numeracy - % Meeting Level,50-60%
2024/25,Aberdeenshire,Banff Primary School,P4,Reading - % Meeting Level,50-60%
2024/25,Aberdeenshire,Banff Primary School,P4,Writing - % Meeting Level,50-60%
2024/25,Aberdeenshire,Banff Primary School,P7,Listening & Talking - % Meeting Level,80-90%
2024/25,Aberdeenshire,Banff Primary School,P7,Numeracy - % Meeting Level,60-70%
2024/25,Aberdeenshire,Banff Primary School,P7,Reading - % Meeting Level,60-70%
2024/25,Aberdeenshire,Banff Primary School,P7,Writing - % Meeting Level,60-70%
2024/25,Aberdeenshire,Barthol Chapel School,P1,Listening & Talking - % Meeting Level,c
2024/25,Aberdeenshire,Barthol Chapel School,P1,Numeracy - % Meeting Level,c
2024/25,Aberdeenshire,Barthol Chapel School,P1,Reading - % Meeting Level,c
2024/25,Aberdeenshire,Barthol Chapel School,P1,Writing - % Meeting Level,c
2024/25,Aberdeenshire,Barthol Chapel School,"P1, P4 & P7 combined",Listening & Talking - % Meeting Level,c
2024/25,Aberdeenshire,Barthol Chapel School,"P1, P4 & P7 combined",Numeracy - % Meeting Level,c
2024/25,Aberdeenshire,Barthol Chapel School,"P1, P4 & P7 combined",Reading - % Meeting Level,c
2024/25,Aberdeenshire,Barthol Chapel School,"P1, P4 & P7 combined",Writing - % Meeting Level,c
2024/25,Aberdeenshire,Barthol Chapel School,P4,Listening & Talking - % Meeting Level,c
2024/25,Aberdeenshire,Barthol Chapel School,P4,Numeracy - % Meeting Level,c
2024/25,Aberdeenshire,Barthol Chapel School,P4,Reading - % Meeting Level,c
2024/25,Aberdeenshire,Barthol Chapel School,P4,Writing - % Meeting Level,c
2024/25,Aberdeenshire,Barthol Chapel School,P7,Listening & Talking - % Meeting Level,c
2024/25,Aberdeenshire,Barthol Chapel School,P7,Numeracy - % Meeting Level,c
2024/25,Aberdeenshire,Barthol Chapel School,P7,Reading - % Meeting Level,c
2024/25,Aberdeenshire,Barthol Chapel School,P7,Writing - % Meeting Level,c
2024/25,Aberdeenshire,Bervie School,P1,Listening & Talking - % Meeting Level,60-70%
2024/25,Aberdeenshire,Bervie School,P1,Numeracy - % Meeting Level,90+%
2024/25,Aberdeenshire,Bervie School,P1,Reading - % Meeting Level,70-80%
2024/25,Aberdeenshire,Bervie School,P1,Writing - % Meeting Level,70-80%
2024/25,Aberdeenshire,Bervie School,"P1, P4 & P7 combined",Listening & Talking - % Meeting Level,80-90%
2024/25,Aberdeenshire,Bervie School,"P1, P4 & P7 combined",Numeracy - % Meeting Level,80-90%
2024/25,Aberdeenshire,Bervie School,"P1, P4 & P7 combined",Reading - % Meeting Level,80-90%
2024/25,Aberdeenshire,Bervie School,"P1, P4 & P7 combined",Writing - % Meeting Level,70-80%
2024/25,Aberdeenshire,Bervie School,P4,Listening & Talking - % Meeting Level,90+%
2024/25,Aberdeenshire,Bervie School,P4,Numeracy - % Meeting Level,70-80%
2024/25,Aberdeenshire,Bervie School,P4,Reading - % Meeting Level,70-80%
2024/25,Aberdeenshire,Bervie School,P4,Writing - % Meeting Level,70-80%
2024/25,Aberdeenshire,Bervie School,P7,Listening & Talking - % Meeting Level,90+%
2024/25,Aberdeenshire,Bervie School,P7,Numeracy - % Meeting Level,80-90%
2024/25,Aberdeenshire,Bervie School,P7,Reading - % Meeting Level,80-90%
2024/25,Aberdeenshire,Bervie School,P7,Writing - % Meeting Level,90+%
2024/25,Aberdeenshire,Boddam School,P1,Listening & Talking - % Meeting Level,c
2024/25,Aberdeenshire,Boddam School,P1,Numeracy - % Meeting Level,c
2024/25,Aberdeenshire,Boddam School,P1,Reading - % Meeting Level,c
2024/25,Aberdeenshire,Boddam School,P1,Writing - % Meeting Level,c
2024/25,Aberdeenshire,Boddam School,"P1, P4 & P7 combined",Listening & Talking - % Meeting Level,70-80%
2024/25,Aberdeenshire,Boddam School,"P1, P4 & P7 combined",Numeracy - % Meeting Level,60-70%
2024/25,Aberdeenshire,Boddam School,"P1, P4 & P7 combined",Reading - % Meeting Level,50-60%
2024/25,Aberdeenshire,Boddam School,"P1, P4 & P7 combined",Writing - % Meeting Level,50-60%
2024/25,Aberdeenshire,Boddam School,P4,Listening & Talking - % Meeting Level,c
2024/25,Aberdeenshire,Boddam School,P4,Numeracy - % Meeting Level,c
2024/25,Aberdeenshire,Boddam School,P4,Reading - % Meeting Level,c
2024/25,Aberdeenshire,Boddam School,P4,Writing - % Meeting Level,c
2024/25,Aberdeenshire,Boddam School,P7,Listening & Talking - % Meeting Level,c
2024/25,Aberdeenshire,Boddam School,P7,Numeracy - % Meeting Level,c
2024/25,Aberdeenshire,Boddam School,P7,Reading - % Meeting Level,c
2024/25,Aberdeenshire,Boddam School,P7,Writing - % Meeting Level,c
2024/25,Aberdeenshire,Bracoden School,P1,Listening & Talking - % Meeting Level,c
2024/25,Aberdeenshire,Bracoden School,P1,Numeracy - % Meeting Level,c
2024/25,Aberdeenshire,Bracoden School,P1,Reading - % Meeting Level,c
2024/25,Aberdeenshire,Bracoden School,P1,Writing - % Meeting Level,c
2024/25,Aberdeenshire,Bracoden School,"P1, P4 & P7 combined",Listening & Talking - % Meeting Level,c
2024/25,Aberdeenshire,Bracoden School,"P1, P4 & P7 combined",Numeracy - % Meeting Level,c
2024/25,Aberdeenshire,Bracoden School,"P1, P4 & P7 combined",Reading - % Meeting Level,c
2024/25,Aberdeenshire,Bracoden School,"P1, P4 & P7 combined",Writing - % Meeting Level,c
2024/25,Aberdeenshire,Bracoden School,P4,Listening & Talking - % Meeting Level,c
2024/25,Aberdeenshire,Bracoden School,P4,Numeracy - % Meeting Level,c
2024/25,Aberdeenshire,Bracoden School,P4,Reading - % Meeting Level,c
2024/25,Aberdeenshire,Bracoden School,P4,Writing - % Meeting Level,c
2024/25,Aberdeenshire,Bracoden School,P7,Listening & Talking - % Meeting Level,c
2024/25,Aberdeenshire,Bracoden School,P7,Numeracy - % Meeting Level,c
2024/25,Aberdeenshire,Bracoden School,P7,Reading - % Meeting Level,c
2024/25,Aberdeenshire,Bracoden School,P7,Writing - % Meeting Level,c
2024/25,Aberdeenshire,Braemar School,P1,Listening & Talking - % Meeting Level,c
2024/25,Aberdeenshire,Braemar School,P1,Numeracy - % Meeting Level,c
2024/25,Aberdeenshire,Braemar School,P1,Reading - % Meeting Level,c
2024/25,Aberdeenshire,Braemar School,P1,Writing - % Meeting Level,c
2024/25,Aberdeenshire,Braemar School,"P1, P4 & P7 combined",Listening & Talking - % Meeting Level,c
2024/25,Aberdeenshire,Braemar School,"P1, P4 & P7 combined",Numeracy - % Meeting Level,c
2024/25,Aberdeenshire,Braemar School,"P1, P4 & P7 combined",Reading - % Meeting Level,c
2024/25,Aberdeenshire,Braemar School,"P1, P4 & P7 combined",Writing - % Meeting Level,c
2024/25,Aberdeenshire,Braemar School,P4,Listening & Talking - % Meeting Level,c
2024/25,Aberdeenshire,Braemar School,P4,Numeracy - % Meeting Level,c
2024/25,Aberdeenshire,Braemar School,P4,Reading - % Meeting Level,c
2024/25,Aberdeenshire,Braemar School,P4,Writing - % Meeting Level,c
2024/25,Aberdeenshire,Braemar School,P7,Listening & Talking - % Meeting Level,c
2024/25,Aberdeenshire,Braemar School,P7,Numeracy - % Meeting Level,c
2024/25,Aberdeenshire,Braemar School,P7,Reading - % Meeting Level,c
2024/25,Aberdeenshire,Braemar School,P7,Writing - % Meeting Level,c
2024/25,Aberdeenshire,Buchanhaven School,P1,Listening & Talking - % Meeting Level,80-90%
2024/25,Aberdeenshire,Buchanhaven School,P1,Numeracy - % Meeting Level,70-80%
2024/25,Aberdeenshire,Buchanhaven School,P1,Reading - % Meeting Level,70-80%
2024/25,Aberdeenshire,Buchanhaven School,P1,Writing - % Meeting Level,70-80%
2024/25,Aberdeenshire,Buchanhaven School,"P1, P4 & P7 combined",Listening & Talking - % Meeting Level,90+%
2024/25,Aberdeenshire,Buchanhaven School,"P1, P4 & P7 combined",Numeracy - % Meeting Level,80-90%
2024/25,Aberdeenshire,Buchanhaven School,"P1, P4 & P7 combined",Reading - % Meeting Level,80-90%
2024/25,Aberdeenshire,Buchanhaven School,"P1, P4 & P7 combined",Writing - % Meeting Level,80-90%
2024/25,Aberdeenshire,Buchanhaven School,P4,Listening & Talking - % Meeting Level,90+%
2024/25,Aberdeenshire,Buchanhaven School,P4,Numeracy - % Meeting Level,90+%
2024/25,Aberdeenshire,Buchanhaven School,P4,Reading - % Meeting Level,90+%
2024/25,Aberdeenshire,Buchanhaven School,P4,Writing - % Meeting Level,80-90%
2024/25,Aberdeenshire,Buchanhaven School,P7,Listening & Talking - % Meeting Level,90+%
2024/25,Aberdeenshire,Buchanhaven School,P7,Numeracy - % Meeting Level,90+%
2024/25,Aberdeenshire,Buchanhaven School,P7,Reading - % Meeting Level,90+%
2024/25,Aberdeenshire,Buchanhaven School,P7,Writing - % Meeting Level,70-80%
2024/25,Aberdeenshire,Burnhaven School,P1,Listening & Talking - % Meeting Level,c
2024/25,Aberdeenshire,Burnhaven School,P1,Numeracy - % Meeting Level,c
2024/25,Aberdeenshire,Burnhaven School,P1,Reading - % Meeting Level,c
2024/25,Aberdeenshire,Burnhaven School,P1,Writing - % Meeting Level,c
2024/25,Aberdeenshire,Burnhaven School,"P1, P4 & P7 combined",Listening & Talking - % Meeting Level,c
2024/25,Aberdeenshire,Burnhaven School,"P1, P4 & P7 combined",Numeracy - % Meeting Level,c
2024/25,Aberdeenshire,Burnhaven School,"P1, P4 & P7 combined",Reading - % Meeting Level,c
2024/25,Aberdeenshire,Burnhaven School,"P1, P4 & P7 combined",Writing - % Meeting Level,c
2024/25,Aberdeenshire,Burnhaven School,P7,Listening & Talking - % Meeting Level,c
2024/25,Aberdeenshire,Burnhaven School,P7,Numeracy - % Meeting Level,c
2024/25,Aberdeenshire,Burnhaven School,P7,Reading - % Meeting Level,c
2024/25,Aberdeenshire,Burnhaven School,P7,Writing - % Meeting Level,c
2024/25,Aberdeenshire,Cairney School,P1,Listening & Talking - % Meeting Level,c
2024/25,Aberdeenshire,Cairney School,P1,Numeracy - % Meeting Level,c
2024/25,Aberdeenshire,Cairney School,P1,Reading - % Meeting Level,c
2024/25,Aberdeenshire,Cairney School,P1,Writing - % Meeting Level,c
2024/25,Aberdeenshire,Cairney School,"P1, P4 & P7 combined",Listening & Talking - % Meeting Level,c
2024/25,Aberdeenshire,Cairney School,"P1, P4 & P7 combined",Numeracy - % Meeting Level,c
2024/25,Aberdeenshire,Cairney School,"P1, P4 & P7 combined",Reading - % Meeting Level,c
2024/25,Aberdeenshire,Cairney School,"P1, P4 & P7 combined",Writing - % Meeting Level,c
2024/25,Aberdeenshire,Cairney School,P4,Listening & Talking - % Meeting Level,c
2024/25,Aberdeenshire,Cairney School,P4,Numeracy - % Meeting Level,c
2024/25,Aberdeenshire,Cairney School,P4,Reading - % Meeting Level,c
2024/25,Aberdeenshire,Cairney School,P4,Writing - % Meeting Level,c
2024/25,Aberdeenshire,Cairney School,P7,Listening & Talking - % Meeting Level,c
2024/25,Aberdeenshire,Cairney School,P7,Numeracy - % Meeting Level,c
2024/25,Aberdeenshire,Cairney School,P7,Reading - % Meeting Level,c
2024/25,Aberdeenshire,Cairney School,P7,Writing - % Meeting Level,c
2024/25,Aberdeenshire,Catterline School,P1,Listening & Talking - % Meeting Level,c
2024/25,Aberdeenshire,Catterline School,P1,Numeracy - % Meeting Level,c
2024/25,Aberdeenshire,Catterline School,P1,Reading - % Meeting Level,c
2024/25,Aberdeenshire,Catterline School,P1,Writing - % Meeting Level,c
2024/25,Aberdeenshire,Catterline School,"P1, P4 & P7 combined",Listening & Talking - % Meeting Level,90+%
2024/25,Aberdeenshire,Catterline School,"P1, P4 & P7 combined",Numeracy - % Meeting Level,80-90%
2024/25,Aberdeenshire,Catterline School,"P1, P4 & P7 combined",Reading - % Meeting Level,80-90%
2024/25,Aberdeenshire,Catterline School,"P1, P4 & P7 combined",Writing - % Meeting Level,70-80%
2024/25,Aberdeenshire,Catterline School,P4,Listening & Talking - % Meeting Level,c
2024/25,Aberdeenshire,Catterline School,P4,Numeracy - % Meeting Level,c
2024/25,Aberdeenshire,Catterline School,P4,Reading - % Meeting Level,c
2024/25,Aberdeenshire,Catterline School,P4,Writing - % Meeting Level,c
2024/25,Aberdeenshire,Catterline School,P7,Listening & Talking - % Meeting Level,c
2024/25,Aberdeenshire,Catterline School,P7,Numeracy - % Meeting Level,c
2024/25,Aberdeenshire,Catterline School,P7,Reading - % Meeting Level,c
2024/25,Aberdeenshire,Catterline School,P7,Writing - % Meeting Level,c
2024/25,Aberdeenshire,Chapel Of Garioch School,P1,Listening & Talking - % Meeting Level,c
2024/25,Aberdeenshire,Chapel Of Garioch School,P1,Numeracy - % Meeting Level,c
2024/25,Aberdeenshire,Chapel Of Garioch School,P1,Reading - % Meeting Level,c
2024/25,Aberdeenshire,Chapel Of Garioch School,P1,Writing - % Meeting Level,c
2024/25,Aberdeenshire,Chapel Of Garioch School,"P1, P4 & P7 combined",Listening & Talking - % Meeting Level,c
2024/25,Aberdeenshire,Chapel Of Garioch School,"P1, P4 & P7 combined",Numeracy - % Meeting Level,c
2024/25,Aberdeenshire,Chapel Of Garioch School,"P1, P4 & P7 combined",Reading - % Meeting Level,c
2024/25,Aberdeenshire,Chapel Of Garioch School,"P1, P4 & P7 combined",Writing - % Meeting Level,c
2024/25,Aberdeenshire,Chapel Of Garioch School,P4,Listening & Talking - % Meeting Level,c
2024/25,Aberdeenshire,Chapel Of Garioch School,P4,Numeracy - % Meeting Level,c
2024/25,Aberdeenshire,Chapel Of Garioch School,P4,Reading - % Meeting Level,c
2024/25,Aberdeenshire,Chapel Of Garioch School,P4,Writing - % Meeting Level,c
2024/25,Aberdeenshire,Chapel Of Garioch School,P7,Listening & Talking - % Meeting Level,c
2024/25,Aberdeenshire,Chapel Of Garioch School,P7,Numeracy - % Meeting Level,c
2024/25,Aberdeenshire,Chapel Of Garioch School,P7,Reading - % Meeting Level,c
2024/25,Aberdeenshire,Chapel Of Garioch School,P7,Writing - % Meeting Level,c
2024/25,Aberdeenshire,Clerkhill School,P1,Listening & Talking - % Meeting Level,80-90%
2024/25,Aberdeenshire,Clerkhill School,P1,Numeracy - % Meeting Level,70-80%
2024/25,Aberdeenshire,Clerkhill School,P1,Reading - % Meeting Level,70-80%
2024/25,Aberdeenshire,Clerkhill School,P1,Writing - % Meeting Level,60-70%
2024/25,Aberdeenshire,Clerkhill School,"P1, P4 & P7 combined",Listening & Talking - % Meeting Level,70-80%
2024/25,Aberdeenshire,Clerkhill School,"P1, P4 & P7 combined",Numeracy - % Meeting Level,70-80%
2024/25,Aberdeenshire,Clerkhill School,"P1, P4 & P7 combined",Reading - % Meeting Level,70-80%
2024/25,Aberdeenshire,Clerkhill School,"P1, P4 & P7 combined",Writing - % Meeting Level,60-70%
2024/25,Aberdeenshire,Clerkhill School,P4,Listening & Talking - % Meeting Level,60-70%
2024/25,Aberdeenshire,Clerkhill School,P4,Numeracy - % Meeting Level,60-70%
2024/25,Aberdeenshire,Clerkhill School,P4,Reading - % Meeting Level,60-70%
2024/25,Aberdeenshire,Clerkhill School,P4,Writing - % Meeting Level,50-60%
2024/25,Aberdeenshire,Clerkhill School,P7,Listening & Talking - % Meeting Level,70-80%
2024/25,Aberdeenshire,Clerkhill School,P7,Numeracy - % Meeting Level,60-70%
2024/25,Aberdeenshire,Clerkhill School,P7,Reading - % Meeting Level,60-70%
2024/25,Aberdeenshire,Clerkhill School,P7,Writing - % Meeting Level,60-70%
2024/25,Aberdeenshire,Cluny School,P1,Listening & Talking - % Meeting Level,90+%
2024/25,Aberdeenshire,Cluny School,P1,Numeracy - % Meeting Level,70-80%
2024/25,Aberdeenshire,Cluny School,P1,Reading - % Meeting Level,60-70%
2024/25,Aberdeenshire,Cluny School,P1,Writing - % Meeting Level,60-70%
2024/25,Aberdeenshire,Cluny School,"P1, P4 & P7 combined",Listening & Talking - % Meeting Level,80-90%
2024/25,Aberdeenshire,Cluny School,"P1, P4 & P7 combined",Numeracy - % Meeting Level,60-70%
2024/25,Aberdeenshire,Cluny School,"P1, P4 & P7 combined",Reading - % Meeting Level,70-80%
2024/25,Aberdeenshire,Cluny School,"P1, P4 & P7 combined",Writing - % Meeting Level,70-80%
2024/25,Aberdeenshire,Cluny School,P4,Listening & Talking - % Meeting Level,c
2024/25,Aberdeenshire,Cluny School,P4,Numeracy - % Meeting Level,c
2024/25,Aberdeenshire,Cluny School,P4,Reading - % Meeting Level,c
2024/25,Aberdeenshire,Cluny School,P4,Writing - % Meeting Level,c
2024/25,Aberdeenshire,Cluny School,P7,Listening & Talking - % Meeting Level,c
2024/25,Aberdeenshire,Cluny School,P7,Numeracy - % Meeting Level,c
2024/25,Aberdeenshire,Cluny School,P7,Reading - % Meeting Level,c
2024/25,Aberdeenshire,Cluny School,P7,Writing - % Meeting Level,c
2024/25,Aberdeenshire,Craigievar School,P1,Listening & Talking - % Meeting Level,c
2024/25,Aberdeenshire,Craigievar School,P1,Numeracy - % Meeting Level,c
2024/25,Aberdeenshire,Craigievar School,P1,Reading - % Meeting Level,c
2024/25,Aberdeenshire,Craigievar School,P1,Writing - % Meeting Level,c
2024/25,Aberdeenshire,Craigievar School,"P1, P4 & P7 combined",Listening & Talking - % Meeting Level,c
2024/25,Aberdeenshire,Craigievar School,"P1, P4 & P7 combined",Numeracy - % Meeting Level,c
2024/25,Aberdeenshire,Craigievar School,"P1, P4 & P7 combined",Reading - % Meeting Level,c
2024/25,Aberdeenshire,Craigievar School,"P1, P4 & P7 combined",Writing - % Meeting Level,c
2024/25,Aberdeenshire,Craigievar School,P4,Listening & Talking - % Meeting Level,c
2024/25,Aberdeenshire,Craigievar School,P4,Numeracy - % Meeting Level,c
2024/25,Aberdeenshire,Craigievar School,P4,Reading - % Meeting Level,c
2024/25,Aberdeenshire,Craigievar School,P4,Writing - % Meeting Level,c
2024/25,Aberdeenshire,Craigievar School,P7,Listening & Talking - % Meeting Level,c
2024/25,Aberdeenshire,Craigievar School,P7,Numeracy - % Meeting Level,c
2024/25,Aberdeenshire,Craigievar School,P7,Reading - % Meeting Level,c
2024/25,Aberdeenshire,Craigievar School,P7,Writing - % Meeting Level,c
2024/25,Aberdeenshire,Crathes School,P1,Listening & Talking - % Meeting Level,c
2024/25,Aberdeenshire,Crathes School,P1,Numeracy - % Meeting Level,c
2024/25,Aberdeenshire,Crathes School,P1,Reading - % Meeting Level,c
2024/25,Aberdeenshire,Crathes School,P1,Writing - % Meeting Level,c
2024/25,Aberdeenshire,Crathes School,"P1, P4 & P7 combined",Listening & Talking - % Meeting Level,c
2024/25,Aberdeenshire,Crathes School,"P1, P4 & P7 combined",Numeracy - % Meeting Level,c
2024/25,Aberdeenshire,Crathes School,"P1, P4 & P7 combined",Reading - % Meeting Level,c
2024/25,Aberdeenshire,Crathes School,"P1, P4 & P7 combined",Writing - % Meeting Level,c
2024/25,Aberdeenshire,Crathes School,P4,Listening & Talking - % Meeting Level,c
2024/25,Aberdeenshire,Crathes School,P4,Numeracy - % Meeting Level,c
2024/25,Aberdeenshire,Crathes School,P4,Reading - % Meeting Level,c
2024/25,Aberdeenshire,Crathes School,P4,Writing - % Meeting Level,c
2024/25,Aberdeenshire,Crathes School,P7,Listening & Talking - % Meeting Level,c
2024/25,Aberdeenshire,Crathes School,P7,Numeracy - % Meeting Level,c
2024/25,Aberdeenshire,Crathes School,P7,Reading - % Meeting Level,c
2024/25,Aberdeenshire,Crathes School,P7,Writing - % Meeting Level,c
2024/25,Aberdeenshire,Crathie School,P1,Listening & Talking - % Meeting Level,c
2024/25,Aberdeenshire,Crathie School,P1,Numeracy - % Meeting Level,c
2024/25,Aberdeenshire,Crathie School,P1,Reading - % Meeting Level,c
2024/25,Aberdeenshire,Crathie School,P1,Writing - % Meeting Level,c
2024/25,Aberdeenshire,Crathie School,"P1, P4 & P7 combined",Listening & Talking - % Meeting Level,c
2024/25,Aberdeenshire,Crathie School,"P1, P4 & P7 combined",Numeracy - % Meeting Level,c
2024/25,Aberdeenshire,Crathie School,"P1, P4 & P7 combined",Reading - % Meeting Level,c
2024/25,Aberdeenshire,Crathie School,"P1, P4 & P7 combined",Writing - % Meeting Level,c
2024/25,Aberdeenshire,Crathie School,P4,Listening & Talking - % Meeting Level,c
2024/25,Aberdeenshire,Crathie School,P4,Numeracy - % Meeting Level,c
2024/25,Aberdeenshire,Crathie School,P4,Reading - % Meeting Level,c
2024/25,Aberdeenshire,Crathie School,P4,Writing - % Meeting Level,c
2024/25,Aberdeenshire,Crimond School,P1,Listening & Talking - % Meeting Level,c
2024/25,Aberdeenshire,Crimond School,P1,Numeracy - % Meeting Level,c
2024/25,Aberdeenshire,Crimond School,P1,Reading - % Meeting Level,c
2024/25,Aberdeenshire,Crimond School,P1,Writing - % Meeting Level,c
2024/25,Aberdeenshire,Crimond School,"P1, P4 & P7 combined",Listening & Talking - % Meeting Level,90+%
2024/25,Aberdeenshire,Crimond School,"P1, P4 & P7 combined",Numeracy - % Meeting Level,80-90%
2024/25,Aberdeenshire,Crimond School,"P1, P4 & P7 combined",Reading - % Meeting Level,80-90%
2024/25,Aberdeenshire,Crimond School,"P1, P4 & P7 combined",Writing - % Meeting Level,90+%
2024/25,Aberdeenshire,Crimond School,P4,Listening & Talking - % Meeting Level,c
2024/25,Aberdeenshire,Crimond School,P4,Numeracy - % Meeting Level,c
2024/25,Aberdeenshire,Crimond School,P4,Reading - % Meeting Level,c
2024/25,Aberdeenshire,Crimond School,P4,Writing - % Meeting Level,c
2024/25,Aberdeenshire,Crimond School,P7,Listening & Talking - % Meeting Level,c
2024/25,Aberdeenshire,Crimond School,P7,Numeracy - % Meeting Level,c
2024/25,Aberdeenshire,Crimond School,P7,Reading - % Meeting Level,c
2024/25,Aberdeenshire,Crimond School,P7,Writing - % Meeting Level,c
2024/25,Aberdeenshire,Crombie School,P1,Listening & Talking - % Meeting Level,90+%
2024/25,Aberdeenshire,Crombie School,P1,Numeracy - % Meeting Level,90+%
2024/25,Aberdeenshire,Crombie School,P1,Reading - % Meeting Level,80-90%
2024/25,Aberdeenshire,Crombie School,P1,Writing - % Meeting Level,80-90%
2024/25,Aberdeenshire,Crombie School,"P1, P4 & P7 combined",Listening & Talking - % Meeting Level,90+%
2024/25,Aberdeenshire,Crombie School,"P1, P4 & P7 combined",Numeracy - % Meeting Level,80-90%
2024/25,Aberdeenshire,Crombie School,"P1, P4 & P7 combined",Reading - % Meeting Level,80-90%
2024/25,Aberdeenshire,Crombie School,"P1, P4 & P7 combined",Writing - % Meeting Level,70-80%
2024/25,Aberdeenshire,Crombie School,P4,Listening & Talking - % Meeting Level,80-90%
2024/25,Aberdeenshire,Crombie School,P4,Numeracy - % Meeting Level,80-90%
2024/25,Aberdeenshire,Crombie School,P4,Reading - % Meeting Level,70-80%
2024/25,Aberdeenshire,Crombie School,P4,Writing - % Meeting Level,70-80%
2024/25,Aberdeenshire,Crombie School,P7,Listening & Talking - % Meeting Level,90+%
2024/25,Aberdeenshire,Crombie School,P7,Numeracy - % Meeting Level,80-90%
2024/25,Aberdeenshire,Crombie School,P7,Reading - % Meeting Level,80-90%
2024/25,Aberdeenshire,Crombie School,P7,Writing - % Meeting Level,70-80%
2024/25,Aberdeenshire,Crudie School,P1,Listening & Talking - % Meeting Level,c
2024/25,Aberdeenshire,Crudie School,P1,Numeracy - % Meeting Level,c
2024/25,Aberdeenshire,Crudie School,P1,Reading - % Meeting Level,c
2024/25,Aberdeenshire,Crudie School,P1,Writing - % Meeting Level,c
2024/25,Aberdeenshire,Crudie School,"P1, P4 & P7 combined",Listening & Talking - % Meeting Level,c
2024/25,Aberdeenshire,Crudie School,"P1, P4 & P7 combined",Numeracy - % Meeting Level,c
2024/25,Aberdeenshire,Crudie School,"P1, P4 & P7 combined",Reading - % Meeting Level,c
2024/25,Aberdeenshire,Crudie School,"P1, P4 & P7 combined",Writing - % Meeting Level,c
2024/25,Aberdeenshire,Crudie School,P4,Listening & Talking - % Meeting Level,c
2024/25,Aberdeenshire,Crudie School,P4,Numeracy - % Meeting Level,c
2024/25,Aberdeenshire,Crudie School,P4,Reading - % Meeting Level,c
2024/25,Aberdeenshire,Crudie School,P4,Writing - % Meeting Level,c
2024/25,Aberdeenshire,Crudie School,P7,Listening & Talking - % Meeting Level,c
2024/25,Aberdeenshire,Crudie School,P7,Numeracy - % Meeting Level,c
2024/25,Aberdeenshire,Crudie School,P7,Reading - % Meeting Level,c
2024/25,Aberdeenshire,Crudie School,P7,Writing - % Meeting Level,c
2024/25,Aberdeenshire,Cultercullen School,P1,Listening & Talking - % Meeting Level,c
2024/25,Aberdeenshire,Cultercullen School,P1,Numeracy - % Meeting Level,c
2024/25,Aberdeenshire,Cultercullen School,P1,Reading - % Meeting Level,c
2024/25,Aberdeenshire,Cultercullen School,P1,Writing - % Meeting Level,c
2024/25,Aberdeenshire,Cultercullen School,"P1, P4 & P7 combined",Listening & Talking - % Meeting Level,70-80%
2024/25,Aberdeenshire,Cultercullen School,"P1, P4 & P7 combined",Numeracy - % Meeting Level,70-80%
2024/25,Aberdeenshire,Cultercullen School,"P1, P4 & P7 combined",Reading - % Meeting Level,80-90%
2024/25,Aberdeenshire,Cultercullen School,"P1, P4 & P7 combined",Writing - % Meeting Level,60-70%
2024/25,Aberdeenshire,Cultercullen School,P4,Listening & Talking - % Meeting Level,c
2024/25,Aberdeenshire,Cultercullen School,P4,Numeracy - % Meeting Level,c
2024/25,Aberdeenshire,Cultercullen School,P4,Reading - % Meeting Level,c
2024/25,Aberdeenshire,Cultercullen School,P4,Writing - % Meeting Level,c
2024/25,Aberdeenshire,Cultercullen School,P7,Listening & Talking - % Meeting Level,c
2024/25,Aberdeenshire,Cultercullen School,P7,Numeracy - % Meeting Level,c
2024/25,Aberdeenshire,Cultercullen School,P7,Reading - % Meeting Level,c
2024/25,Aberdeenshire,Cultercullen School,P7,Writing - % Meeting Level,c
2024/25,Aberdeenshire,Dales Park School,P1,Listening & Talking - % Meeting Level,80-90%
2024/25,Aberdeenshire,Dales Park School,P1,Numeracy - % Meeting Level,70-80%
2024/25,Aberdeenshire,Dales Park School,P1,Reading - % Meeting Level,70-80%
2024/25,Aberdeenshire,Dales Park School,P1,Writing - % Meeting Level,70-80%
2024/25,Aberdeenshire,Dales Park School,"P1, P4 & P7 combined",Listening & Talking - % Meeting Level,80-90%
2024/25,Aberdeenshire,Dales Park School,"P1, P4 & P7 combined",Numeracy - % Meeting Level,60-70%
2024/25,Aberdeenshire,Dales Park School,"P1, P4 & P7 combined",Reading - % Meeting Level,70-80%
2024/25,Aberdeenshire,Dales Park School,"P1, P4 & P7 combined",Writing - % Meeting Level,60-70%
2024/25,Aberdeenshire,Dales Park School,P4,Listening & Talking - % Meeting Level,90+%
2024/25,Aberdeenshire,Dales Park School,P4,Numeracy - % Meeting Level,50-60%
2024/25,Aberdeenshire,Dales Park School,P4,Reading - % Meeting Level,60-70%
2024/25,Aberdeenshire,Dales Park School,P4,Writing - % Meeting Level,50-60%
2024/25,Aberdeenshire,Dales Park School,P7,Listening & Talking - % Meeting Level,70-80%
2024/25,Aberdeenshire,Dales Park School,P7,Numeracy - % Meeting Level,50-60%
2024/25,Aberdeenshire,Dales Park School,P7,Reading - % Meeting Level,70-80%
2024/25,Aberdeenshire,Dales Park School,P7,Writing - % Meeting Level,60-70%
2024/25,Aberdeenshire,Daviot School,P1,Listening & Talking - % Meeting Level,c
2024/25,Aberdeenshire,Daviot School,P1,Numeracy - % Meeting Level,c
2024/25,Aberdeenshire,Daviot School,P1,Reading - % Meeting Level,c
2024/25,Aberdeenshire,Daviot School,P1,Writing - % Meeting Level,c
2024/25,Aberdeenshire,Daviot School,"P1, P4 & P7 combined",Listening & Talking - % Meeting Level,80-90%
2024/25,Aberdeenshire,Daviot School,"P1, P4 & P7 combined",Numeracy - % Meeting Level,80-90%
2024/25,Aberdeenshire,Daviot School,"P1, P4 & P7 combined",Reading - % Meeting Level,80-90%
2024/25,Aberdeenshire,Daviot School,"P1, P4 & P7 combined",Writing - % Meeting Level,70-80%
2024/25,Aberdeenshire,Daviot School,P4,Listening & Talking - % Meeting Level,c
2024/25,Aberdeenshire,Daviot School,P4,Numeracy - % Meeting Level,c
2024/25,Aberdeenshire,Daviot School,P4,Reading - % Meeting Level,c
2024/25,Aberdeenshire,Daviot School,P4,Writing - % Meeting Level,c
2024/25,Aberdeenshire,Daviot School,P7,Listening & Talking - % Meeting Level,c
2024/25,Aberdeenshire,Daviot School,P7,Numeracy - % Meeting Level,c
2024/25,Aberdeenshire,Daviot School,P7,Reading - % Meeting Level,c
2024/25,Aberdeenshire,Daviot School,P7,Writing - % Meeting Level,c
2024/25,Aberdeenshire,Drumblade School,P1,Listening & Talking - % Meeting Level,c
2024/25,Aberdeenshire,Drumblade School,P1,Numeracy - % Meeting Level,c
2024/25,Aberdeenshire,Drumblade School,P1,Reading - % Meeting Level,c
2024/25,Aberdeenshire,Drumblade School,P1,Writing - % Meeting Level,c
2024/25,Aberdeenshire,Drumblade School,"P1, P4 & P7 combined",Listening & Talking - % Meeting Level,c
2024/25,Aberdeenshire,Drumblade School,"P1, P4 & P7 combined",Numeracy - % Meeting Level,c
2024/25,Aberdeenshire,Drumblade School,"P1, P4 & P7 combined",Reading - % Meeting Level,c
2024/25,Aberdeenshire,Drumblade School,"P1, P4 & P7 combined",Writing - % Meeting Level,c
2024/25,Aberdeenshire,Drumblade School,P4,Listening & Talking - % Meeting Level,c
2024/25,Aberdeenshire,Drumblade School,P4,Numeracy - % Meeting Level,c
2024/25,Aberdeenshire,Drumblade School,P4,Reading - % Meeting Level,c
2024/25,Aberdeenshire,Drumblade School,P4,Writing - % Meeting Level,c
2024/25,Aberdeenshire,Drumblade School,P7,Listening & Talking - % Meeting Level,c
2024/25,Aberdeenshire,Drumblade School,P7,Numeracy - % Meeting Level,c
2024/25,Aberdeenshire,Drumblade School,P7,Reading - % Meeting Level,c
2024/25,Aberdeenshire,Drumblade School,P7,Writing - % Meeting Level,c
2024/25,Aberdeenshire,Drumoak School,P1,Listening & Talking - % Meeting Level,90+%
2024/25,Aberdeenshire,Drumoak School,P1,Numeracy - % Meeting Level,90+%
2024/25,Aberdeenshire,Drumoak School,P1,Reading - % Meeting Level,90+%
2024/25,Aberdeenshire,Drumoak School,P1,Writing - % Meeting Level,90+%
2024/25,Aberdeenshire,Drumoak School,"P1, P4 & P7 combined",Listening & Talking - % Meeting Level,80-90%
2024/25,Aberdeenshire,Drumoak School,"P1, P4 & P7 combined",Numeracy - % Meeting Level,90+%
2024/25,Aberdeenshire,Drumoak School,"P1, P4 & P7 combined",Reading - % Meeting Level,90+%
2024/25,Aberdeenshire,Drumoak School,"P1, P4 & P7 combined",Writing - % Meeting Level,90+%
2024/25,Aberdeenshire,Drumoak School,P4,Listening & Talking - % Meeting Level,70-80%
2024/25,Aberdeenshire,Drumoak School,P4,Numeracy - % Meeting Level,90+%
2024/25,Aberdeenshire,Drumoak School,P4,Reading - % Meeting Level,90+%
2024/25,Aberdeenshire,Drumoak School,P4,Writing - % Meeting Level,90+%
2024/25,Aberdeenshire,Drumoak School,P7,Listening & Talking - % Meeting Level,90+%
2024/25,Aberdeenshire,Drumoak School,P7,Numeracy - % Meeting Level,80-90%
2024/25,Aberdeenshire,Drumoak School,P7,Reading - % Meeting Level,80-90%
2024/25,Aberdeenshire,Drumoak School,P7,Writing - % Meeting Level,80-90%
2024/25,Aberdeenshire,Dunecht School,P1,Listening & Talking - % Meeting Level,c
2024/25,Aberdeenshire,Dunecht School,P1,Numeracy - % Meeting Level,c
2024/25,Aberdeenshire,Dunecht School,P1,Reading - % Meeting Level,c
2024/25,Aberdeenshire,Dunecht School,P1,Writing - % Meeting Level,c
2024/25,Aberdeenshire,Dunecht School,"P1, P4 & P7 combined",Listening & Talking - % Meeting Level,90+%
2024/25,Aberdeenshire,Dunecht School,"P1, P4 & P7 combined",Numeracy - % Meeting Level,80-90%
2024/25,Aberdeenshire,Dunecht School,"P1, P4 & P7 combined",Reading - % Meeting Level,80-90%
2024/25,Aberdeenshire,Dunecht School,"P1, P4 & P7 combined",Writing - % Meeting Level,70-80%
2024/25,Aberdeenshire,Dunecht School,P4,Listening & Talking - % Meeting Level,c
2024/25,Aberdeenshire,Dunecht School,P4,Numeracy - % Meeting Level,c
2024/25,Aberdeenshire,Dunecht School,P4,Reading - % Meeting Level,c
2024/25,Aberdeenshire,Dunecht School,P4,Writing - % Meeting Level,c
2024/25,Aberdeenshire,Dunecht School,P7,Listening & Talking - % Meeting Level,c
2024/25,Aberdeenshire,Dunecht School,P7,Numeracy - % Meeting Level,c
2024/25,Aberdeenshire,Dunecht School,P7,Reading - % Meeting Level,c
2024/25,Aberdeenshire,Dunecht School,P7,Writing - % Meeting Level,c
2024/25,Aberdeenshire,Dunnottar School,P1,Listening & Talking - % Meeting Level,c
2024/25,Aberdeenshire,Dunnottar School,P1,Numeracy - % Meeting Level,c
2024/25,Aberdeenshire,Dunnottar School,P1,Reading - % Meeting Level,c
2024/25,Aberdeenshire,Dunnottar School,P1,Writing - % Meeting Level,c
2024/25,Aberdeenshire,Dunnottar School,"P1, P4 & P7 combined",Listening & Talking - % Meeting Level,90+%
2024/25,Aberdeenshire,Dunnottar School,"P1, P4 & P7 combined",Numeracy - % Meeting Level,90+%
2024/25,Aberdeenshire,Dunnottar School,"P1, P4 & P7 combined",Reading - % Meeting Level,90+%
2024/25,Aberdeenshire,Dunnottar School,"P1, P4 & P7 combined",Writing - % Meeting Level,90+%
2024/25,Aberdeenshire,Dunnottar School,P4,Listening & Talking - % Meeting Level,c
2024/25,Aberdeenshire,Dunnottar School,P4,Numeracy - % Meeting Level,c
2024/25,Aberdeenshire,Dunnottar School,P4,Reading - % Meeting Level,c
2024/25,Aberdeenshire,Dunnottar School,P4,Writing - % Meeting Level,c
2024/25,Aberdeenshire,Dunnottar School,P7,Listening & Talking - % Meeting Level,90+%
2024/25,Aberdeenshire,Dunnottar School,P7,Numeracy - % Meeting Level,80-90%
2024/25,Aberdeenshire,Dunnottar School,P7,Reading - % Meeting Level,90+%
2024/25,Aberdeenshire,Dunnottar School,P7,Writing - % Meeting Level,80-90%
2024/25,Aberdeenshire,Durris School,P1,Listening & Talking - % Meeting Level,c
2024/25,Aberdeenshire,Durris School,P1,Numeracy - % Meeting Level,c
2024/25,Aberdeenshire,Durris School,P1,Reading - % Meeting Level,c
2024/25,Aberdeenshire,Durris School,P1,Writing - % Meeting Level,c
2024/25,Aberdeenshire,Durris School,"P1, P4 & P7 combined",Listening & Talking - % Meeting Level,70-80%
2024/25,Aberdeenshire,Durris School,"P1, P4 & P7 combined",Numeracy - % Meeting Level,90+%
2024/25,Aberdeenshire,Durris School,"P1, P4 & P7 combined",Reading - % Meeting Level,80-90%
2024/25,Aberdeenshire,Durris School,"P1, P4 & P7 combined",Writing - % Meeting Level,70-80%
2024/25,Aberdeenshire,Durris School,P4,Listening & Talking - % Meeting Level,c
2024/25,Aberdeenshire,Durris School,P4,Numeracy - % Meeting Level,c
2024/25,Aberdeenshire,Durris School,P4,Reading - % Meeting Level,c
2024/25,Aberdeenshire,Durris School,P4,Writing - % Meeting Level,c
2024/25,Aberdeenshire,Durris School,P7,Listening & Talking - % Meeting Level,c
2024/25,Aberdeenshire,Durris School,P7,Numeracy - % Meeting Level,c
2024/25,Aberdeenshire,Durris School,P7,Reading - % Meeting Level,c
2024/25,Aberdeenshire,Durris School,P7,Writing - % Meeting Level,c
2024/25,Aberdeenshire,Echt School,P1,Listening & Talking - % Meeting Level,c
2024/25,Aberdeenshire,Echt School,P1,Numeracy - % Meeting Level,c
2024/25,Aberdeenshire,Echt School,P1,Reading - % Meeting Level,c
2024/25,Aberdeenshire,Echt School,P1,Writing - % Meeting Level,c
2024/25,Aberdeenshire,Echt School,"P1, P4 & P7 combined",Listening & Talking - % Meeting Level,80-90%
2024/25,Aberdeenshire,Echt School,"P1, P4 & P7 combined",Numeracy - % Meeting Level,70-80%
2024/25,Aberdeenshire,Echt School,"P1, P4 & P7 combined",Reading - % Meeting Level,70-80%
2024/25,Aberdeenshire,Echt School,"P1, P4 & P7 combined",Writing - % Meeting Level,80-90%
2024/25,Aberdeenshire,Echt School,P4,Listening & Talking - % Meeting Level,c
2024/25,Aberdeenshire,Echt School,P4,Numeracy - % Meeting Level,c
2024/25,Aberdeenshire,Echt School,P4,Reading - % Meeting Level,c
2024/25,Aberdeenshire,Echt School,P4,Writing - % Meeting Level,c
2024/25,Aberdeenshire,Echt School,P7,Listening & Talking - % Meeting Level,c
2024/25,Aberdeenshire,Echt School,P7,Numeracy - % Meeting Level,c
2024/25,Aberdeenshire,Echt School,P7,Reading - % Meeting Level,c
2024/25,Aberdeenshire,Echt School,P7,Writing - % Meeting Level,c
2024/25,Aberdeenshire,Ellon Primary School,P1,Listening & Talking - % Meeting Level,80-90%
2024/25,Aberdeenshire,Ellon Primary School,P1,Numeracy - % Meeting Level,80-90%
2024/25,Aberdeenshire,Ellon Primary School,P1,Reading - % Meeting Level,80-90%
2024/25,Aberdeenshire,Ellon Primary School,P1,Writing - % Meeting Level,80-90%
2024/25,Aberdeenshire,Ellon Primary School,"P1, P4 & P7 combined",Listening & Talking - % Meeting Level,80-90%
2024/25,Aberdeenshire,Ellon Primary School,"P1, P4 & P7 combined",Numeracy - % Meeting Level,80-90%
2024/25,Aberdeenshire,Ellon Primary School,"P1, P4 & P7 combined",Reading - % Meeting Level,80-90%
2024/25,Aberdeenshire,Ellon Primary School,"P1, P4 & P7 combined",Writing - % Meeting Level,80-90%
2024/25,Aberdeenshire,Ellon Primary School,P4,Listening & Talking - % Meeting Level,80-90%
2024/25,Aberdeenshire,Ellon Primary School,P4,Numeracy - % Meeting Level,80-90%
2024/25,Aberdeenshire,Ellon Primary School,P4,Reading - % Meeting Level,80-90%
2024/25,Aberdeenshire,Ellon Primary School,P4,Writing - % Meeting Level,80-90%
2024/25,Aberdeenshire,Ellon Primary School,P7,Listening & Talking - % Meeting Level,90+%
2024/25,Aberdeenshire,Ellon Primary School,P7,Numeracy - % Meeting Level,80-90%
2024/25,Aberdeenshire,Ellon Primary School,P7,Reading - % Meeting Level,80-90%
2024/25,Aberdeenshire,Ellon Primary School,P7,Writing - % Meeting Level,80-90%
2024/25,Aberdeenshire,Elrick School,P1,Listening & Talking - % Meeting Level,90+%
2024/25,Aberdeenshire,Elrick School,P1,Numeracy - % Meeting Level,90+%
2024/25,Aberdeenshire,Elrick School,P1,Reading - % Meeting Level,80-90%
2024/25,Aberdeenshire,Elrick School,P1,Writing - % Meeting Level,80-90%
2024/25,Aberdeenshire,Elrick School,"P1, P4 & P7 combined",Listening & Talking - % Meeting Level,90+%
2024/25,Aberdeenshire,Elrick School,"P1, P4 & P7 combined",Numeracy - % Meeting Level,90+%
2024/25,Aberdeenshire,Elrick School,"P1, P4 & P7 combined",Reading - % Meeting Level,80-90%
2024/25,Aberdeenshire,Elrick School,"P1, P4 & P7 combined",Writing - % Meeting Level,80-90%
2024/25,Aberdeenshire,Elrick School,P4,Listening & Talking - % Meeting Level,80-90%
2024/25,Aberdeenshire,Elrick School,P4,Numeracy - % Meeting Level,90+%
2024/25,Aberdeenshire,Elrick School,P4,Reading - % Meeting Level,80-90%
2024/25,Aberdeenshire,Elrick School,P4,Writing - % Meeting Level,80-90%
2024/25,Aberdeenshire,Elrick School,P7,Listening & Talking - % Meeting Level,90+%
2024/25,Aberdeenshire,Elrick School,P7,Numeracy - % Meeting Level,90+%
2024/25,Aberdeenshire,Elrick School,P7,Reading - % Meeting Level,90+%
2024/25,Aberdeenshire,Elrick School,P7,Writing - % Meeting Level,80-90%
2024/25,Aberdeenshire,Fetterangus School,P1,Listening & Talking - % Meeting Level,c
2024/25,Aberdeenshire,Fetterangus School,P1,Numeracy - % Meeting Level,c
2024/25,Aberdeenshire,Fetterangus School,P1,Reading - % Meeting Level,c
2024/25,Aberdeenshire,Fetterangus School,P1,Writing - % Meeting Level,c
2024/25,Aberdeenshire,Fetterangus School,"P1, P4 & P7 combined",Listening & Talking - % Meeting Level,80-90%
2024/25,Aberdeenshire,Fetterangus School,"P1, P4 & P7 combined",Numeracy - % Meeting Level,70-80%
2024/25,Aberdeenshire,Fetterangus School,"P1, P4 & P7 combined",Reading - % Meeting Level,70-80%
2024/25,Aberdeenshire,Fetterangus School,"P1, P4 & P7 combined",Writing - % Meeting Level,70-80%
2024/25,Aberdeenshire,Fetterangus School,P4,Listening & Talking - % Meeting Level,c
2024/25,Aberdeenshire,Fetterangus School,P4,Numeracy - % Meeting Level,c
2024/25,Aberdeenshire,Fetterangus School,P4,Reading - % Meeting Level,c
2024/25,Aberdeenshire,Fetterangus School,P4,Writing - % Meeting Level,c
2024/25,Aberdeenshire,Fetterangus School,P7,Listening & Talking - % Meeting Level,c
2024/25,Aberdeenshire,Fetterangus School,P7,Numeracy - % Meeting Level,c
2024/25,Aberdeenshire,Fetterangus School,P7,Reading - % Meeting Level,c
2024/25,Aberdeenshire,Fetterangus School,P7,Writing - % Meeting Level,c
2024/25,Aberdeenshire,Fettercairn School,P1,Listening & Talking - % Meeting Level,c
2024/25,Aberdeenshire,Fettercairn School,P1,Numeracy - % Meeting Level,c
2024/25,Aberdeenshire,Fettercairn School,P1,Reading - % Meeting Level,c
2024/25,Aberdeenshire,Fettercairn School,P1,Writing - % Meeting Level,c
2024/25,Aberdeenshire,Fettercairn School,"P1, P4 & P7 combined",Listening & Talking - % Meeting Level,80-90%
2024/25,Aberdeenshire,Fettercairn School,"P1, P4 & P7 combined",Numeracy - % Meeting Level,80-90%
2024/25,Aberdeenshire,Fettercairn School,"P1, P4 & P7 combined",Reading - % Meeting Level,80-90%
2024/25,Aberdeenshire,Fettercairn School,"P1, P4 & P7 combined",Writing - % Meeting Level,70-80%
2024/25,Aberdeenshire,Fettercairn School,P4,Listening & Talking - % Meeting Level,c
2024/25,Aberdeenshire,Fettercairn School,P4,Numeracy - % Meeting Level,c
2024/25,Aberdeenshire,Fettercairn School,P4,Reading - % Meeting Level,c
2024/25,Aberdeenshire,Fettercairn School,P4,Writing - % Meeting Level,c
2024/25,Aberdeenshire,Fettercairn School,P7,Listening & Talking - % Meeting Level,c
2024/25,Aberdeenshire,Fettercairn School,P7,Numeracy - % Meeting Level,c
2024/25,Aberdeenshire,Fettercairn School,P7,Reading - % Meeting Level,c
2024/25,Aberdeenshire,Fettercairn School,P7,Writing - % Meeting Level,c
2024/25,Aberdeenshire,Finzean School,P1,Listening & Talking - % Meeting Level,c
2024/25,Aberdeenshire,Finzean School,P1,Numeracy - % Meeting Level,c
2024/25,Aberdeenshire,Finzean School,P1,Reading - % Meeting Level,c
2024/25,Aberdeenshire,Finzean School,P1,Writing - % Meeting Level,c
2024/25,Aberdeenshire,Finzean School,"P1, P4 & P7 combined",Listening & Talking - % Meeting Level,c
2024/25,Aberdeenshire,Finzean School,"P1, P4 & P7 combined",Numeracy - % Meeting Level,c
2024/25,Aberdeenshire,Finzean School,"P1, P4 & P7 combined",Reading - % Meeting Level,c
2024/25,Aberdeenshire,Finzean School,"P1, P4 & P7 combined",Writing - % Meeting Level,c
2024/25,Aberdeenshire,Finzean School,P4,Listening & Talking - % Meeting Level,c
2024/25,Aberdeenshire,Finzean School,P4,Numeracy - % Meeting Level,c
2024/25,Aberdeenshire,Finzean School,P4,Reading - % Meeting Level,c
2024/25,Aberdeenshire,Finzean School,P4,Writing - % Meeting Level,c
2024/25,Aberdeenshire,Finzean School,P7,Listening & Talking - % Meeting Level,c
2024/25,Aberdeenshire,Finzean School,P7,Numeracy - % Meeting Level,c
2024/25,Aberdeenshire,Finzean School,P7,Reading - % Meeting Level,c
2024/25,Aberdeenshire,Finzean School,P7,Writing - % Meeting Level,c
2024/25,Aberdeenshire,Fishermoss School,P1,Listening & Talking - % Meeting Level,90+%
2024/25,Aberdeenshire,Fishermoss School,P1,Numeracy - % Meeting Level,90+%
2024/25,Aberdeenshire,Fishermoss School,P1,Reading - % Meeting Level,90+%
2024/25,Aberdeenshire,Fishermoss School,P1,Writing - % Meeting Level,90+%
2024/25,Aberdeenshire,Fishermoss School,"P1, P4 & P7 combined",Listening & Talking - % Meeting Level,90+%
2024/25,Aberdeenshire,Fishermoss School,"P1, P4 & P7 combined",Numeracy - % Meeting Level,90+%
2024/25,Aberdeenshire,Fishermoss School,"P1, P4 & P7 combined",Reading - % Meeting Level,90+%
2024/25,Aberdeenshire,Fishermoss School,"P1, P4 & P7 combined",Writing - % Meeting Level,90+%
2024/25,Aberdeenshire,Fishermoss School,P4,Listening & Talking - % Meeting Level,90+%
2024/25,Aberdeenshire,Fishermoss School,P4,Numeracy - % Meeting Level,90+%
2024/25,Aberdeenshire,Fishermoss School,P4,Reading - % Meeting Level,80-90%
2024/25,Aberdeenshire,Fishermoss School,P4,Writing - % Meeting Level,80-90%
2024/25,Aberdeenshire,Fishermoss School,P7,Listening & Talking - % Meeting Level,90+%
2024/25,Aberdeenshire,Fishermoss School,P7,Numeracy - % Meeting Level,80-90%
2024/25,Aberdeenshire,Fishermoss School,P7,Reading - % Meeting Level,90+%
2024/25,Aberdeenshire,Fishermoss School,P7,Writing - % Meeting Level,90+%
2024/25,Aberdeenshire,Fordyce School,P1,Listening & Talking - % Meeting Level,c
2024/25,Aberdeenshire,Fordyce School,P1,Numeracy - % Meeting Level,c
2024/25,Aberdeenshire,Fordyce School,P1,Reading - % Meeting Level,c
2024/25,Aberdeenshire,Fordyce School,P1,Writing - % Meeting Level,c
2024/25,Aberdeenshire,Fordyce School,"P1, P4 & P7 combined",Listening & Talking - % Meeting Level,c
2024/25,Aberdeenshire,Fordyce School,"P1, P4 & P7 combined",Numeracy - % Meeting Level,c
2024/25,Aberdeenshire,Fordyce School,"P1, P4 & P7 combined",Reading - % Meeting Level,c
2024/25,Aberdeenshire,Fordyce School,"P1, P4 & P7 combined",Writing - % Meeting Level,c
2024/25,Aberdeenshire,Fordyce School,P4,Listening & Talking - % Meeting Level,c
2024/25,Aberdeenshire,Fordyce School,P4,Numeracy - % Meeting Level,c
2024/25,Aberdeenshire,Fordyce School,P4,Reading - % Meeting Level,c
2024/25,Aberdeenshire,Fordyce School,P4,Writing - % Meeting Level,c
2024/25,Aberdeenshire,Fordyce School,P7,Listening & Talking - % Meeting Level,c
2024/25,Aberdeenshire,Fordyce School,P7,Numeracy - % Meeting Level,c
2024/25,Aberdeenshire,Fordyce School,P7,Reading - % Meeting Level,c
2024/25,Aberdeenshire,Fordyce School,P7,Writing - % Meeting Level,c
2024/25,Aberdeenshire,Forgue School,P1,Listening & Talking - % Meeting Level,c
2024/25,Aberdeenshire,Forgue School,P1,Numeracy - % Meeting Level,c
2024/25,Aberdeenshire,Forgue School,P1,Reading - % Meeting Level,c
2024/25,Aberdeenshire,Forgue School,P1,Writing - % Meeting Level,c
2024/25,Aberdeenshire,Forgue School,"P1, P4 & P7 combined",Listening & Talking - % Meeting Level,c
2024/25,Aberdeenshire,Forgue School,"P1, P4 & P7 combined",Numeracy - % Meeting Level,c
2024/25,Aberdeenshire,Forgue School,"P1, P4 & P7 combined",Reading - % Meeting Level,c
2024/25,Aberdeenshire,Forgue School,"P1, P4 & P7 combined",Writing - % Meeting Level,c
2024/25,Aberdeenshire,Forgue School,P4,Listening & Talking - % Meeting Level,c
2024/25,Aberdeenshire,Forgue School,P4,Numeracy - % Meeting Level,c
2024/25,Aberdeenshire,Forgue School,P4,Reading - % Meeting Level,c
2024/25,Aberdeenshire,Forgue School,P4,Writing - % Meeting Level,c
2024/25,Aberdeenshire,Forgue School,P7,Listening & Talking - % Meeting Level,c
2024/25,Aberdeenshire,Forgue School,P7,Numeracy - % Meeting Level,c
2024/25,Aberdeenshire,Forgue School,P7,Reading - % Meeting Level,c
2024/25,Aberdeenshire,Forgue School,P7,Writing - % Meeting Level,c
2024/25,Aberdeenshire,Fraserburgh North School,P1,Listening & Talking - % Meeting Level,c
2024/25,Aberdeenshire,Fraserburgh North School,P1,Numeracy - % Meeting Level,c
2024/25,Aberdeenshire,Fraserburgh North School,P1,Reading - % Meeting Level,c
2024/25,Aberdeenshire,Fraserburgh North School,P1,Writing - % Meeting Level,c
2024/25,Aberdeenshire,Fraserburgh North School,"P1, P4 & P7 combined",Listening & Talking - % Meeting Level,70-80%
2024/25,Aberdeenshire,Fraserburgh North School,"P1, P4 & P7 combined",Numeracy - % Meeting Level,70-80%
2024/25,Aberdeenshire,Fraserburgh North School,"P1, P4 & P7 combined",Reading - % Meeting Level,60-70%
2024/25,Aberdeenshire,Fraserburgh North School,"P1, P4 & P7 combined",Writing - % Meeting Level,60-70%
2024/25,Aberdeenshire,Fraserburgh North School,P4,Listening & Talking - % Meeting Level,c
2024/25,Aberdeenshire,Fraserburgh North School,P4,Numeracy - % Meeting Level,c
2024/25,Aberdeenshire,Fraserburgh North School,P4,Reading - % Meeting Level,c
2024/25,Aberdeenshire,Fraserburgh North School,P4,Writing - % Meeting Level,c
2024/25,Aberdeenshire,Fraserburgh North School,P7,Listening & Talking - % Meeting Level,c
2024/25,Aberdeenshire,Fraserburgh North School,P7,Numeracy - % Meeting Level,c
2024/25,Aberdeenshire,Fraserburgh North School,P7,Reading - % Meeting Level,c
2024/25,Aberdeenshire,Fraserburgh North School,P7,Writing - % Meeting Level,c
2024/25,Aberdeenshire,Fraserburgh South Park School,P1,Listening & Talking - % Meeting Level,80-90%
2024/25,Aberdeenshire,Fraserburgh South Park School,P1,Numeracy - % Meeting Level,80-90%
2024/25,Aberdeenshire,Fraserburgh South Park School,P1,Reading - % Meeting Level,70-80%
2024/25,Aberdeenshire,Fraserburgh South Park School,P1,Writing - % Meeting Level,70-80%
2024/25,Aberdeenshire,Fraserburgh South Park School,"P1, P4 & P7 combined",Listening & Talking - % Meeting Level,90+%
2024/25,Aberdeenshire,Fraserburgh South Park School,"P1, P4 & P7 combined",Numeracy - % Meeting Level,80-90%
2024/25,Aberdeenshire,Fraserburgh South Park School,"P1, P4 & P7 combined",Reading - % Meeting Level,80-90%
2024/25,Aberdeenshire,Fraserburgh South Park School,"P1, P4 & P7 combined",Writing - % Meeting Level,70-80%
2024/25,Aberdeenshire,Fraserburgh South Park School,P4,Listening & Talking - % Meeting Level,90+%
2024/25,Aberdeenshire,Fraserburgh South Park School,P4,Numeracy - % Meeting Level,80-90%
2024/25,Aberdeenshire,Fraserburgh South Park School,P4,Reading - % Meeting Level,70-80%
2024/25,Aberdeenshire,Fraserburgh South Park School,P4,Writing - % Meeting Level,70-80%
2024/25,Aberdeenshire,Fraserburgh South Park School,P7,Listening & Talking - % Meeting Level,90+%
2024/25,Aberdeenshire,Fraserburgh South Park School,P7,Numeracy - % Meeting Level,80-90%
2024/25,Aberdeenshire,Fraserburgh South Park School,P7,Reading - % Meeting Level,90+%
2024/25,Aberdeenshire,Fraserburgh South Park School,P7,Writing - % Meeting Level,70-80%
2024/25,Aberdeenshire,Fyvie School,P1,Listening & Talking - % Meeting Level,c
2024/25,Aberdeenshire,Fyvie School,P1,Numeracy - % Meeting Level,c
2024/25,Aberdeenshire,Fyvie School,P1,Reading - % Meeting Level,c
2024/25,Aberdeenshire,Fyvie School,P1,Writing - % Meeting Level,c
2024/25,Aberdeenshire,Fyvie School,"P1, P4 & P7 combined",Listening & Talking - % Meeting Level,80-90%
2024/25,Aberdeenshire,Fyvie School,"P1, P4 & P7 combined",Numeracy - % Meeting Level,70-80%
2024/25,Aberdeenshire,Fyvie School,"P1, P4 & P7 combined",Reading - % Meeting Level,80-90%
2024/25,Aberdeenshire,Fyvie School,"P1, P4 & P7 combined",Writing - % Meeting Level,60-70%
2024/25,Aberdeenshire,Fyvie School,P4,Listening & Talking - % Meeting Level,c
2024/25,Aberdeenshire,Fyvie School,P4,Numeracy - % Meeting Level,c
2024/25,Aberdeenshire,Fyvie School,P4,Reading - % Meeting Level,c
2024/25,Aberdeenshire,Fyvie School,P4,Writing - % Meeting Level,c
2024/25,Aberdeenshire,Fyvie School,P7,Listening & Talking - % Meeting Level,90+%
2024/25,Aberdeenshire,Fyvie School,P7,Numeracy - % Meeting Level,70-80%
2024/25,Aberdeenshire,Fyvie School,P7,Reading - % Meeting Level,80-90%
2024/25,Aberdeenshire,Fyvie School,P7,Writing - % Meeting Level,80-90%
2024/25,Aberdeenshire,Glass School,P1,Listening & Talking - % Meeting Level,c
2024/25,Aberdeenshire,Glass School,P1,Numeracy - % Meeting Level,c
2024/25,Aberdeenshire,Glass School,P1,Reading - % Meeting Level,c
2024/25,Aberdeenshire,Glass School,P1,Writing - % Meeting Level,c
2024/25,Aberdeenshire,Glass School,"P1, P4 & P7 combined",Listening & Talking - % Meeting Level,c
2024/25,Aberdeenshire,Glass School,"P1, P4 & P7 combined",Numeracy - % Meeting Level,c
2024/25,Aberdeenshire,Glass School,"P1, P4 & P7 combined",Reading - % Meeting Level,c
2024/25,Aberdeenshire,Glass School,"P1, P4 & P7 combined",Writing - % Meeting Level,c
2024/25,Aberdeenshire,Glass School,P4,Listening & Talking - % Meeting Level,c
2024/25,Aberdeenshire,Glass School,P4,Numeracy - % Meeting Level,c
2024/25,Aberdeenshire,Glass School,P4,Reading - % Meeting Level,c
2024/25,Aberdeenshire,Glass School,P4,Writing - % Meeting Level,c
2024/25,Aberdeenshire,Glenbervie School,P1,Listening & Talking - % Meeting Level,c
2024/25,Aberdeenshire,Glenbervie School,P1,Numeracy - % Meeting Level,c
2024/25,Aberdeenshire,Glenbervie School,P1,Reading - % Meeting Level,c
2024/25,Aberdeenshire,Glenbervie School,P1,Writing - % Meeting Level,c
2024/25,Aberdeenshire,Glenbervie School,"P1, P4 & P7 combined",Listening & Talking - % Meeting Level,90+%
2024/25,Aberdeenshire,Glenbervie School,"P1, P4 & P7 combined",Numeracy - % Meeting Level,80-90%
2024/25,Aberdeenshire,Glenbervie School,"P1, P4 & P7 combined",Reading - % Meeting Level,90+%
2024/25,Aberdeenshire,Glenbervie School,"P1, P4 & P7 combined",Writing - % Meeting Level,90+%
2024/25,Aberdeenshire,Glenbervie School,P4,Listening & Talking - % Meeting Level,c
2024/25,Aberdeenshire,Glenbervie School,P4,Numeracy - % Meeting Level,c
2024/25,Aberdeenshire,Glenbervie School,P4,Reading - % Meeting Level,c
2024/25,Aberdeenshire,Glenbervie School,P4,Writing - % Meeting Level,c
2024/25,Aberdeenshire,Glenbervie School,P7,Listening & Talking - % Meeting Level,c
2024/25,Aberdeenshire,Glenbervie School,P7,Numeracy - % Meeting Level,c
2024/25,Aberdeenshire,Glenbervie School,P7,Reading - % Meeting Level,c
2024/25,Aberdeenshire,Glenbervie School,P7,Writing - % Meeting Level,c
2024/25,Aberdeenshire,Gordon Primary School,P1,Listening & Talking - % Meeting Level,80-90%
2024/25,Aberdeenshire,Gordon Primary School,P1,Numeracy - % Meeting Level,80-90%
2024/25,Aberdeenshire,Gordon Primary School,P1,Reading - % Meeting Level,80-90%
2024/25,Aberdeenshire,Gordon Primary School,P1,Writing - % Meeting Level,80-90%
2024/25,Aberdeenshire,Gordon Primary School,"P1, P4 & P7 combined",Listening & Talking - % Meeting Level,80-90%
2024/25,Aberdeenshire,Gordon Primary School,"P1, P4 & P7 combined",Numeracy - % Meeting Level,60-70%
2024/25,Aberdeenshire,Gordon Primary School,"P1, P4 & P7 combined",Reading - % Meeting Level,70-80%
2024/25,Aberdeenshire,Gordon Primary School,"P1, P4 & P7 combined",Writing - % Meeting Level,60-70%
2024/25,Aberdeenshire,Gordon Primary School,P4,Listening & Talking - % Meeting Level,70-80%
2024/25,Aberdeenshire,Gordon Primary School,P4,Numeracy - % Meeting Level,50-60%
2024/25,Aberdeenshire,Gordon Primary School,P4,Reading - % Meeting Level,50-60%
2024/25,Aberdeenshire,Gordon Primary School,P4,Writing - % Meeting Level,40-50%
2024/25,Aberdeenshire,Gordon Primary School,P7,Listening & Talking - % Meeting Level,70-80%
2024/25,Aberdeenshire,Gordon Primary School,P7,Numeracy - % Meeting Level,50-60%
2024/25,Aberdeenshire,Gordon Primary School,P7,Reading - % Meeting Level,70-80%
2024/25,Aberdeenshire,Gordon Primary School,P7,Writing - % Meeting Level,50-60%
2024/25,Aberdeenshire,Gourdon School,P1,Listening & Talking - % Meeting Level,c
2024/25,Aberdeenshire,Gourdon School,P1,Numeracy - % Meeting Level,c
2024/25,Aberdeenshire,Gourdon School,P1,Reading - % Meeting Level,c
2024/25,Aberdeenshire,Gourdon School,P1,Writing - % Meeting Level,c
2024/25,Aberdeenshire,Gourdon School,"P1, P4 & P7 combined",Listening & Talking - % Meeting Level,80-90%
2024/25,Aberdeenshire,Gourdon School,"P1, P4 & P7 combined",Numeracy - % Meeting Level,60-70%
2024/25,Aberdeenshire,Gourdon School,"P1, P4 & P7 combined",Reading - % Meeting Level,80-90%
2024/25,Aberdeenshire,Gourdon School,"P1, P4 & P7 combined",Writing - % Meeting Level,70-80%
2024/25,Aberdeenshire,Gourdon School,P4,Listening & Talking - % Meeting Level,c
2024/25,Aberdeenshire,Gourdon School,P4,Numeracy - % Meeting Level,c
2024/25,Aberdeenshire,Gourdon School,P4,Reading - % Meeting Level,c
2024/25,Aberdeenshire,Gourdon School,P4,Writing - % Meeting Level,c
2024/25,Aberdeenshire,Gourdon School,P7,Listening & Talking - % Meeting Level,c
2024/25,Aberdeenshire,Gourdon School,P7,Numeracy - % Meeting Level,c
2024/25,Aberdeenshire,Gourdon School,P7,Reading - % Meeting Level,c
2024/25,Aberdeenshire,Gourdon School,P7,Writing - % Meeting Level,c
2024/25,Aberdeenshire,Hatton (Cruden) School,P1,Listening & Talking - % Meeting Level,c
2024/25,Aberdeenshire,Hatton (Cruden) School,P1,Numeracy - % Meeting Level,c
2024/25,Aberdeenshire,Hatton (Cruden) School,P1,Reading - % Meeting Level,c
2024/25,Aberdeenshire,Hatton (Cruden) School,P1,Writing - % Meeting Level,c
2024/25,Aberdeenshire,Hatton (Cruden) School,"P1, P4 & P7 combined",Listening & Talking - % Meeting Level,70-80%
2024/25,Aberdeenshire,Hatton (Cruden) School,"P1, P4 & P7 combined",Numeracy - % Meeting Level,70-80%
2024/25,Aberdeenshire,Hatton (Cruden) School,"P1, P4 & P7 combined",Reading - % Meeting Level,50-60%
2024/25,Aberdeenshire,Hatton (Cruden) School,"P1, P4 & P7 combined",Writing - % Meeting Level,60-70%
2024/25,Aberdeenshire,Hatton (Cruden) School,P4,Listening & Talking - % Meeting Level,c
2024/25,Aberdeenshire,Hatton (Cruden) School,P4,Numeracy - % Meeting Level,c
2024/25,Aberdeenshire,Hatton (Cruden) School,P4,Reading - % Meeting Level,c
2024/25,Aberdeenshire,Hatton (Cruden) School,P4,Writing - % Meeting Level,c
2024/25,Aberdeenshire,Hatton (Cruden) School,P7,Listening & Talking - % Meeting Level,c
2024/25,Aberdeenshire,Hatton (Cruden) School,P7,Numeracy - % Meeting Level,c
2024/25,Aberdeenshire,Hatton (Cruden) School,P7,Reading - % Meeting Level,c
2024/25,Aberdeenshire,Hatton (Cruden) School,P7,Writing - % Meeting Level,c
2024/25,Aberdeenshire,Hatton (Fintray) School,P1,Listening & Talking - % Meeting Level,c
2024/25,Aberdeenshire,Hatton (Fintray) School,P1,Numeracy - % Meeting Level,c
2024/25,Aberdeenshire,Hatton (Fintray) School,P1,Reading - % Meeting Level,c
2024/25,Aberdeenshire,Hatton (Fintray) School,P1,Writing - % Meeting Level,c
2024/25,Aberdeenshire,Hatton (Fintray) School,"P1, P4 & P7 combined",Listening & Talking - % Meeting Level,c
2024/25,Aberdeenshire,Hatton (Fintray) School,"P1, P4 & P7 combined",Numeracy - % Meeting Level,c
2024/25,Aberdeenshire,Hatton (Fintray) School,"P1, P4 & P7 combined",Reading - % Meeting Level,c
2024/25,Aberdeenshire,Hatton (Fintray) School,"P1, P4 & P7 combined",Writing - % Meeting Level,c
2024/25,Aberdeenshire,Hatton (Fintray) School,P4,Listening & Talking - % Meeting Level,c
2024/25,Aberdeenshire,Hatton (Fintray) School,P4,Numeracy - % Meeting Level,c
2024/25,Aberdeenshire,Hatton (Fintray) School,P4,Reading - % Meeting Level,c
2024/25,Aberdeenshire,Hatton (Fintray) School,P4,Writing - % Meeting Level,c
2024/25,Aberdeenshire,Hatton (Fintray) School,P7,Listening & Talking - % Meeting Level,c
2024/25,Aberdeenshire,Hatton (Fintray) School,P7,Numeracy - % Meeting Level,c
2024/25,Aberdeenshire,Hatton (Fintray) School,P7,Reading - % Meeting Level,c
2024/25,Aberdeenshire,Hatton (Fintray) School,P7,Writing - % Meeting Level,c
2024/25,Aberdeenshire,Hill of Banchory School,P1,Listening & Talking - % Meeting Level,90+%
2024/25,Aberdeenshire,Hill of Banchory School,P1,Numeracy - % Meeting Level,90+%
2024/25,Aberdeenshire,Hill of Banchory School,P1,Reading - % Meeting Level,90+%
2024/25,Aberdeenshire,Hill of Banchory School,P1,Writing - % Meeting Level,90+%
2024/25,Aberdeenshire,Hill of Banchory School,"P1, P4 & P7 combined",Listening & Talking - % Meeting Level,90+%
2024/25,Aberdeenshire,Hill of Banchory School,"P1, P4 & P7 combined",Numeracy - % Meeting Level,80-90%
2024/25,Aberdeenshire,Hill of Banchory School,"P1, P4 & P7 combined",Reading - % Meeting Level,80-90%
2024/25,Aberdeenshire,Hill of Banchory School,"P1, P4 & P7 combined",Writing - % Meeting Level,80-90%
2024/25,Aberdeenshire,Hill of Banchory School,P4,Listening & Talking - % Meeting Level,90+%
2024/25,Aberdeenshire,Hill of Banchory School,P4,Numeracy - % Meeting Level,70-80%
2024/25,Aberdeenshire,Hill of Banchory School,P4,Reading - % Meeting Level,80-90%
2024/25,Aberdeenshire,Hill of Banchory School,P4,Writing - % Meeting Level,70-80%
2024/25,Aberdeenshire,Hill of Banchory School,P7,Listening & Talking - % Meeting Level,80-90%
2024/25,Aberdeenshire,Hill of Banchory School,P7,Numeracy - % Meeting Level,80-90%
2024/25,Aberdeenshire,Hill of Banchory School,P7,Reading - % Meeting Level,70-80%
2024/25,Aberdeenshire,Hill of Banchory School,P7,Writing - % Meeting Level,70-80%
2024/25,Aberdeenshire,Hillside School,P1,Listening & Talking - % Meeting Level,80-90%
2024/25,Aberdeenshire,Hillside School,P1,Numeracy - % Meeting Level,80-90%
2024/25,Aberdeenshire,Hillside School,P1,Reading - % Meeting Level,80-90%
2024/25,Aberdeenshire,Hillside School,P1,Writing - % Meeting Level,70-80%
2024/25,Aberdeenshire,Hillside School,"P1, P4 & P7 combined",Listening & Talking - % Meeting Level,80-90%
2024/25,Aberdeenshire,Hillside School,"P1, P4 & P7 combined",Numeracy - % Meeting Level,80-90%
2024/25,Aberdeenshire,Hillside School,"P1, P4 & P7 combined",Reading - % Meeting Level,80-90%
2024/25,Aberdeenshire,Hillside School,"P1, P4 & P7 combined",Writing - % Meeting Level,70-80%
2024/25,Aberdeenshire,Hillside School,P4,Listening & Talking - % Meeting Level,90+%
2024/25,Aberdeenshire,Hillside School,P4,Numeracy - % Meeting Level,80-90%
2024/25,Aberdeenshire,Hillside School,P4,Reading - % Meeting Level,80-90%
2024/25,Aberdeenshire,Hillside School,P4,Writing - % Meeting Level,70-80%
2024/25,Aberdeenshire,Hillside School,P7,Listening & Talking - % Meeting Level,80-90%
2024/25,Aberdeenshire,Hillside School,P7,Numeracy - % Meeting Level,80-90%
2024/25,Aberdeenshire,Hillside School,P7,Reading - % Meeting Level,90+%
2024/25,Aberdeenshire,Hillside School,P7,Writing - % Meeting Level,80-90%
2024/25,Aberdeenshire,Insch School,P1,Listening & Talking - % Meeting Level,80-90%
2024/25,Aberdeenshire,Insch School,P1,Numeracy - % Meeting Level,80-90%
2024/25,Aberdeenshire,Insch School,P1,Reading - % Meeting Level,80-90%
2024/25,Aberdeenshire,Insch School,P1,Writing - % Meeting Level,70-80%
2024/25,Aberdeenshire,Insch School,"P1, P4 & P7 combined",Listening & Talking - % Meeting Level,80-90%
2024/25,Aberdeenshire,Insch School,"P1, P4 & P7 combined",Numeracy - % Meeting Level,80-90%
2024/25,Aberdeenshire,Insch School,"P1, P4 & P7 combined",Reading - % Meeting Level,70-80%
2024/25,Aberdeenshire,Insch School,"P1, P4 & P7 combined",Writing - % Meeting Level,60-70%
2024/25,Aberdeenshire,Insch School,P4,Listening & Talking - % Meeting Level,80-90%
2024/25,Aberdeenshire,Insch School,P4,Numeracy - % Meeting Level,80-90%
2024/25,Aberdeenshire,Insch School,P4,Reading - % Meeting Level,60-70%
2024/25,Aberdeenshire,Insch School,P4,Writing - % Meeting Level,50-60%
2024/25,Aberdeenshire,Insch School,P7,Listening & Talking - % Meeting Level,80-90%
2024/25,Aberdeenshire,Insch School,P7,Numeracy - % Meeting Level,70-80%
2024/25,Aberdeenshire,Insch School,P7,Reading - % Meeting Level,80-90%
2024/25,Aberdeenshire,Insch School,P7,Writing - % Meeting Level,60-70%
2024/25,Aberdeenshire,Inverallochy School,P1,Listening & Talking - % Meeting Level,c
2024/25,Aberdeenshire,Inverallochy School,P1,Numeracy - % Meeting Level,c
2024/25,Aberdeenshire,Inverallochy School,P1,Reading - % Meeting Level,c
2024/25,Aberdeenshire,Inverallochy School,P1,Writing - % Meeting Level,c
2024/25,Aberdeenshire,Inverallochy School,"P1, P4 & P7 combined",Listening & Talking - % Meeting Level,80-90%
2024/25,Aberdeenshire,Inverallochy School,"P1, P4 & P7 combined",Numeracy - % Meeting Level,70-80%
2024/25,Aberdeenshire,Inverallochy School,"P1, P4 & P7 combined",Reading - % Meeting Level,70-80%
2024/25,Aberdeenshire,Inverallochy School,"P1, P4 & P7 combined",Writing - % Meeting Level,60-70%
2024/25,Aberdeenshire,Inverallochy School,P4,Listening & Talking - % Meeting Level,90+%
2024/25,Aberdeenshire,Inverallochy School,P4,Numeracy - % Meeting Level,90+%
2024/25,Aberdeenshire,Inverallochy School,P4,Reading - % Meeting Level,80-90%
2024/25,Aberdeenshire,Inverallochy School,P4,Writing - % Meeting Level,70-80%
2024/25,Aberdeenshire,Inverallochy School,P7,Listening & Talking - % Meeting Level,c
2024/25,Aberdeenshire,Inverallochy School,P7,Numeracy - % Meeting Level,c
2024/25,Aberdeenshire,Inverallochy School,P7,Reading - % Meeting Level,c
2024/25,Aberdeenshire,Inverallochy School,P7,Writing - % Meeting Level,c
2024/25,Aberdeenshire,Johnshaven School,P1,Listening & Talking - % Meeting Level,c
2024/25,Aberdeenshire,Johnshaven School,P1,Numeracy - % Meeting Level,c
2024/25,Aberdeenshire,Johnshaven School,P1,Reading - % Meeting Level,c
2024/25,Aberdeenshire,Johnshaven School,P1,Writing - % Meeting Level,c
2024/25,Aberdeenshire,Johnshaven School,"P1, P4 & P7 combined",Listening & Talking - % Meeting Level,c
2024/25,Aberdeenshire,Johnshaven School,"P1, P4 & P7 combined",Numeracy - % Meeting Level,c
2024/25,Aberdeenshire,Johnshaven School,"P1, P4 & P7 combined",Reading - % Meeting Level,c
2024/25,Aberdeenshire,Johnshaven School,"P1, P4 & P7 combined",Writing - % Meeting Level,c
2024/25,Aberdeenshire,Johnshaven School,P4,Listening & Talking - % Meeting Level,c
2024/25,Aberdeenshire,Johnshaven School,P4,Numeracy - % Meeting Level,c
2024/25,Aberdeenshire,Johnshaven School,P4,Reading - % Meeting Level,c
2024/25,Aberdeenshire,Johnshaven School,P4,Writing - % Meeting Level,c
2024/25,Aberdeenshire,Johnshaven School,P7,Listening & Talking - % Meeting Level,c
2024/25,Aberdeenshire,Johnshaven School,P7,Numeracy - % Meeting Level,c
2024/25,Aberdeenshire,Johnshaven School,P7,Reading - % Meeting Level,c
2024/25,Aberdeenshire,Johnshaven School,P7,Writing - % Meeting Level,c
2024/25,Aberdeenshire,Keig School,P1,Listening & Talking - % Meeting Level,c
2024/25,Aberdeenshire,Keig School,P1,Numeracy - % Meeting Level,c
2024/25,Aberdeenshire,Keig School,P1,Reading - % Meeting Level,c
2024/25,Aberdeenshire,Keig School,P1,Writing - % Meeting Level,c
2024/25,Aberdeenshire,Keig School,"P1, P4 & P7 combined",Listening & Talking - % Meeting Level,c
2024/25,Aberdeenshire,Keig School,"P1, P4 & P7 combined",Numeracy - % Meeting Level,c
2024/25,Aberdeenshire,Keig School,"P1, P4 & P7 combined",Reading - % Meeting Level,c
2024/25,Aberdeenshire,Keig School,"P1, P4 & P7 combined",Writing - % Meeting Level,c
2024/25,Aberdeenshire,Keig School,P4,Listening & Talking - % Meeting Level,c
2024/25,Aberdeenshire,Keig School,P4,Numeracy - % Meeting Level,c
2024/25,Aberdeenshire,Keig School,P4,Reading - % Meeting Level,c
2024/25,Aberdeenshire,Keig School,P4,Writing - % Meeting Level,c
2024/25,Aberdeenshire,Keig School,P7,Listening & Talking - % Meeting Level,c
2024/25,Aberdeenshire,Keig School,P7,Numeracy - % Meeting Level,c
2024/25,Aberdeenshire,Keig School,P7,Reading - % Meeting Level,c
2024/25,Aberdeenshire,Keig School,P7,Writing - % Meeting Level,c
2024/25,Aberdeenshire,Keithhall School,P1,Listening & Talking - % Meeting Level,c
2024/25,Aberdeenshire,Keithhall School,P1,Numeracy - % Meeting Level,c
2024/25,Aberdeenshire,Keithhall School,P1,Reading - % Meeting Level,c
2024/25,Aberdeenshire,Keithhall School,P1,Writing - % Meeting Level,c
2024/25,Aberdeenshire,Keithhall School,"P1, P4 & P7 combined",Listening & Talking - % Meeting Level,c
2024/25,Aberdeenshire,Keithhall School,"P1, P4 & P7 combined",Numeracy - % Meeting Level,c
2024/25,Aberdeenshire,Keithhall School,"P1, P4 & P7 combined",Reading - % Meeting Level,c
2024/25,Aberdeenshire,Keithhall School,"P1, P4 & P7 combined",Writing - % Meeting Level,c
2024/25,Aberdeenshire,Keithhall School,P4,Listening & Talking - % Meeting Level,c
2024/25,Aberdeenshire,Keithhall School,P4,Numeracy - % Meeting Level,c
2024/25,Aberdeenshire,Keithhall School,P4,Reading - % Meeting Level,c
2024/25,Aberdeenshire,Keithhall School,P4,Writing - % Meeting Level,c
2024/25,Aberdeenshire,Keithhall School,P7,Listening & Talking - % Meeting Level,c
2024/25,Aberdeenshire,Keithhall School,P7,Numeracy - % Meeting Level,c
2024/25,Aberdeenshire,Keithhall School,P7,Reading - % Meeting Level,c
2024/25,Aberdeenshire,Keithhall School,P7,Writing - % Meeting Level,c
2024/25,Aberdeenshire,Kellands School,P1,Listening & Talking - % Meeting Level,90+%
2024/25,Aberdeenshire,Kellands School,P1,Numeracy - % Meeting Level,80-90%
2024/25,Aberdeenshire,Kellands School,P1,Reading - % Meeting Level,80-90%
2024/25,Aberdeenshire,Kellands School,P1,Writing - % Meeting Level,70-80%
2024/25,Aberdeenshire,Kellands School,"P1, P4 & P7 combined",Listening & Talking - % Meeting Level,90+%
2024/25,Aberdeenshire,Kellands School,"P1, P4 & P7 combined",Numeracy - % Meeting Level,70-80%
2024/25,Aberdeenshire,Kellands School,"P1, P4 & P7 combined",Reading - % Meeting Level,70-80%
2024/25,Aberdeenshire,Kellands School,"P1, P4 & P7 combined",Writing - % Meeting Level,70-80%
2024/25,Aberdeenshire,Kellands School,P4,Listening & Talking - % Meeting Level,90+%
2024/25,Aberdeenshire,Kellands School,P4,Numeracy - % Meeting Level,70-80%
2024/25,Aberdeenshire,Kellands School,P4,Reading - % Meeting Level,80-90%
2024/25,Aberdeenshire,Kellands School,P4,Writing - % Meeting Level,70-80%
2024/25,Aberdeenshire,Kellands School,P7,Listening & Talking - % Meeting Level,80-90%
2024/25,Aberdeenshire,Kellands School,P7,Numeracy - % Meeting Level,70-80%
2024/25,Aberdeenshire,Kellands School,P7,Reading - % Meeting Level,70-80%
2024/25,Aberdeenshire,Kellands School,P7,Writing - % Meeting Level,60-70%
2024/25,Aberdeenshire,Kemnay Primary School,P1,Listening & Talking - % Meeting Level,90+%
2024/25,Aberdeenshire,Kemnay Primary School,P1,Numeracy - % Meeting Level,90+%
2024/25,Aberdeenshire,Kemnay Primary School,P1,Reading - % Meeting Level,90+%
2024/25,Aberdeenshire,Kemnay Primary School,P1,Writing - % Meeting Level,90+%
2024/25,Aberdeenshire,Kemnay Primary School,"P1, P4 & P7 combined",Listening & Talking - % Meeting Level,90+%
2024/25,Aberdeenshire,Kemnay Primary School,"P1, P4 & P7 combined",Numeracy - % Meeting Level,90+%
2024/25,Aberdeenshire,Kemnay Primary School,"P1, P4 & P7 combined",Reading - % Meeting Level,90+%
2024/25,Aberdeenshire,Kemnay Primary School,"P1, P4 & P7 combined",Writing - % Meeting Level,90+%
2024/25,Aberdeenshire,Kemnay Primary School,P4,Listening & Talking - % Meeting Level,90+%
2024/25,Aberdeenshire,Kemnay Primary School,P4,Numeracy - % Meeting Level,90+%
2024/25,Aberdeenshire,Kemnay Primary School,P4,Reading - % Meeting Level,90+%
2024/25,Aberdeenshire,Kemnay Primary School,P4,Writing - % Meeting Level,90+%
2024/25,Aberdeenshire,Kemnay Primary School,P7,Listening & Talking - % Meeting Level,90+%
2024/25,Aberdeenshire,Kemnay Primary School,P7,Numeracy - % Meeting Level,90+%
2024/25,Aberdeenshire,Kemnay Primary School,P7,Reading - % Meeting Level,90+%
2024/25,Aberdeenshire,Kemnay Primary School,P7,Writing - % Meeting Level,90+%
2024/25,Aberdeenshire,Kennethmont School,P1,Listening & Talking - % Meeting Level,c
2024/25,Aberdeenshire,Kennethmont School,P1,Numeracy - % Meeting Level,c
2024/25,Aberdeenshire,Kennethmont School,P1,Reading - % Meeting Level,c
2024/25,Aberdeenshire,Kennethmont School,P1,Writing - % Meeting Level,c
2024/25,Aberdeenshire,Kennethmont School,"P1, P4 & P7 combined",Listening & Talking - % Meeting Level,60-70%
2024/25,Aberdeenshire,Kennethmont School,"P1, P4 & P7 combined",Numeracy - % Meeting Level,70-80%
2024/25,Aberdeenshire,Kennethmont School,"P1, P4 & P7 combined",Reading - % Meeting Level,80-90%
2024/25,Aberdeenshire,Kennethmont School,"P1, P4 & P7 combined",Writing - % Meeting Level,50-60%
2024/25,Aberdeenshire,Kennethmont School,P4,Listening & Talking - % Meeting Level,c
2024/25,Aberdeenshire,Kennethmont School,P4,Numeracy - % Meeting Level,c
2024/25,Aberdeenshire,Kennethmont School,P4,Reading - % Meeting Level,c
2024/25,Aberdeenshire,Kennethmont School,P4,Writing - % Meeting Level,c
2024/25,Aberdeenshire,Kennethmont School,P7,Listening & Talking - % Meeting Level,c
2024/25,Aberdeenshire,Kennethmont School,P7,Numeracy - % Meeting Level,c
2024/25,Aberdeenshire,Kennethmont School,P7,Reading - % Meeting Level,c
2024/25,Aberdeenshire,Kennethmont School,P7,Writing - % Meeting Level,c
2024/25,Aberdeenshire,Kincardine O'Neil School,P1,Listening & Talking - % Meeting Level,c
2024/25,Aberdeenshire,Kincardine O'Neil School,P1,Numeracy - % Meeting Level,c
2024/25,Aberdeenshire,Kincardine O'Neil School,P1,Reading - % Meeting Level,c
2024/25,Aberdeenshire,Kincardine O'Neil School,P1,Writing - % Meeting Level,c
2024/25,Aberdeenshire,Kincardine O'Neil School,"P1, P4 & P7 combined",Listening & Talking - % Meeting Level,c
2024/25,Aberdeenshire,Kincardine O'Neil School,"P1, P4 & P7 combined",Numeracy - % Meeting Level,c
2024/25,Aberdeenshire,Kincardine O'Neil School,"P1, P4 & P7 combined",Reading - % Meeting Level,c
2024/25,Aberdeenshire,Kincardine O'Neil School,"P1, P4 & P7 combined",Writing - % Meeting Level,c
2024/25,Aberdeenshire,Kincardine O'Neil School,P4,Listening & Talking - % Meeting Level,c
2024/25,Aberdeenshire,Kincardine O'Neil School,P4,Numeracy - % Meeting Level,c
2024/25,Aberdeenshire,Kincardine O'Neil School,P4,Reading - % Meeting Level,c
2024/25,Aberdeenshire,Kincardine O'Neil School,P4,Writing - % Meeting Level,c
2024/25,Aberdeenshire,Kincardine O'Neil School,P7,Listening & Talking - % Meeting Level,c
2024/25,Aberdeenshire,Kincardine O'Neil School,P7,Numeracy - % Meeting Level,c
2024/25,Aberdeenshire,Kincardine O'Neil School,P7,Reading - % Meeting Level,c
2024/25,Aberdeenshire,Kincardine O'Neil School,P7,Writing - % Meeting Level,c
2024/25,Aberdeenshire,Kinellar School,P1,Listening & Talking - % Meeting Level,70-80%
2024/25,Aberdeenshire,Kinellar School,P1,Numeracy - % Meeting Level,80-90%
2024/25,Aberdeenshire,Kinellar School,P1,Reading - % Meeting Level,70-80%
2024/25,Aberdeenshire,Kinellar School,P1,Writing - % Meeting Level,70-80%
2024/25,Aberdeenshire,Kinellar School,"P1, P4 & P7 combined",Listening & Talking - % Meeting Level,80-90%
2024/25,Aberdeenshire,Kinellar School,"P1, P4 & P7 combined",Numeracy - % Meeting Level,70-80%
2024/25,Aberdeenshire,Kinellar School,"P1, P4 & P7 combined",Reading - % Meeting Level,80-90%
2024/25,Aberdeenshire,Kinellar School,"P1, P4 & P7 combined",Writing - % Meeting Level,70-80%
2024/25,Aberdeenshire,Kinellar School,P4,Listening & Talking - % Meeting Level,80-90%
2024/25,Aberdeenshire,Kinellar School,P4,Numeracy - % Meeting Level,70-80%
2024/25,Aberdeenshire,Kinellar School,P4,Reading - % Meeting Level,80-90%
2024/25,Aberdeenshire,Kinellar School,P4,Writing - % Meeting Level,60-70%
2024/25,Aberdeenshire,Kinellar School,P7,Listening & Talking - % Meeting Level,90+%
2024/25,Aberdeenshire,Kinellar School,P7,Numeracy - % Meeting Level,80-90%
2024/25,Aberdeenshire,Kinellar School,P7,Reading - % Meeting Level,80-90%
2024/25,Aberdeenshire,Kinellar School,P7,Writing - % Meeting Level,70-80%
2024/25,Aberdeenshire,King Edward School,P1,Listening & Talking - % Meeting Level,c
2024/25,Aberdeenshire,King Edward School,P1,Numeracy - % Meeting Level,c
2024/25,Aberdeenshire,King Edward School,P1,Reading - % Meeting Level,c
2024/25,Aberdeenshire,King Edward School,P1,Writing - % Meeting Level,c
2024/25,Aberdeenshire,King Edward School,"P1, P4 & P7 combined",Listening & Talking - % Meeting Level,c
2024/25,Aberdeenshire,King Edward School,"P1, P4 & P7 combined",Numeracy - % Meeting Level,c
2024/25,Aberdeenshire,King Edward School,"P1, P4 & P7 combined",Reading - % Meeting Level,c
2024/25,Aberdeenshire,King Edward School,"P1, P4 & P7 combined",Writing - % Meeting Level,c
2024/25,Aberdeenshire,King Edward School,P4,Listening & Talking - % Meeting Level,c
2024/25,Aberdeenshire,King Edward School,P4,Numeracy - % Meeting Level,c
2024/25,Aberdeenshire,King Edward School,P4,Reading - % Meeting Level,c
2024/25,Aberdeenshire,King Edward School,P4,Writing - % Meeting Level,c
2024/25,Aberdeenshire,King Edward School,P7,Listening & Talking - % Meeting Level,c
2024/25,Aberdeenshire,King Edward School,P7,Numeracy - % Meeting Level,c
2024/25,Aberdeenshire,King Edward School,P7,Reading - % Meeting Level,c
2024/25,Aberdeenshire,King Edward School,P7,Writing - % Meeting Level,c
2024/25,Aberdeenshire,Kininmonth School,P1,Listening & Talking - % Meeting Level,c
2024/25,Aberdeenshire,Kininmonth School,P1,Numeracy - % Meeting Level,c
2024/25,Aberdeenshire,Kininmonth School,P1,Reading - % Meeting Level,c
2024/25,Aberdeenshire,Kininmonth School,P1,Writing - % Meeting Level,c
2024/25,Aberdeenshire,Kininmonth School,"P1, P4 & P7 combined",Listening & Talking - % Meeting Level,c
2024/25,Aberdeenshire,Kininmonth School,"P1, P4 & P7 combined",Numeracy - % Meeting Level,c
2024/25,Aberdeenshire,Kininmonth School,"P1, P4 & P7 combined",Reading - % Meeting Level,c
2024/25,Aberdeenshire,Kininmonth School,"P1, P4 & P7 combined",Writing - % Meeting Level,c
2024/25,Aberdeenshire,Kininmonth School,P4,Listening & Talking - % Meeting Level,c
2024/25,Aberdeenshire,Kininmonth School,P4,Numeracy - % Meeting Level,c
2024/25,Aberdeenshire,Kininmonth School,P4,Reading - % Meeting Level,c
2024/25,Aberdeenshire,Kininmonth School,P4,Writing - % Meeting Level,c
2024/25,Aberdeenshire,Kininmonth School,P7,Listening & Talking - % Meeting Level,c
2024/25,Aberdeenshire,Kininmonth School,P7,Numeracy - % Meeting Level,c
2024/25,Aberdeenshire,Kininmonth School,P7,Reading - % Meeting Level,c
2024/25,Aberdeenshire,Kininmonth School,P7,Writing - % Meeting Level,c
2024/25,Aberdeenshire,Kintore School,P1,Listening & Talking - % Meeting Level,80-90%
2024/25,Aberdeenshire,Kintore School,P1,Numeracy - % Meeting Level,80-90%
2024/25,Aberdeenshire,Kintore School,P1,Reading - % Meeting Level,80-90%
2024/25,Aberdeenshire,Kintore School,P1,Writing - % Meeting Level,90+%
2024/25,Aberdeenshire,Kintore School,"P1, P4 & P7 combined",Listening & Talking - % Meeting Level,80-90%
2024/25,Aberdeenshire,Kintore School,"P1, P4 & P7 combined",Numeracy - % Meeting Level,70-80%
2024/25,Aberdeenshire,Kintore School,"P1, P4 & P7 combined",Reading - % Meeting Level,70-80%
2024/25,Aberdeenshire,Kintore School,"P1, P4 & P7 combined",Writing - % Meeting Level,70-80%
2024/25,Aberdeenshire,Kintore School,P4,Listening & Talking - % Meeting Level,70-80%
2024/25,Aberdeenshire,Kintore School,P4,Numeracy - % Meeting Level,70-80%
2024/25,Aberdeenshire,Kintore School,P4,Reading - % Meeting Level,70-80%
2024/25,Aberdeenshire,Kintore School,P4,Writing - % Meeting Level,70-80%
2024/25,Aberdeenshire,Kintore School,P7,Listening & Talking - % Meeting Level,80-90%
2024/25,Aberdeenshire,Kintore School,P7,Numeracy - % Meeting Level,70-80%
2024/25,Aberdeenshire,Kintore School,P7,Reading - % Meeting Level,70-80%
2024/25,Aberdeenshire,Kintore School,P7,Writing - % Meeting Level,70-80%
2024/25,Aberdeenshire,Lairhillock School,P1,Listening & Talking - % Meeting Level,c
2024/25,Aberdeenshire,Lairhillock School,P1,Numeracy - % Meeting Level,c
2024/25,Aberdeenshire,Lairhillock School,P1,Reading - % Meeting Level,c
2024/25,Aberdeenshire,Lairhillock School,P1,Writing - % Meeting Level,c
2024/25,Aberdeenshire,Lairhillock School,"P1, P4 & P7 combined",Listening & Talking - % Meeting Level,90+%
2024/25,Aberdeenshire,Lairhillock School,"P1, P4 & P7 combined",Numeracy - % Meeting Level,90+%
2024/25,Aberdeenshire,Lairhillock School,"P1, P4 & P7 combined",Reading - % Meeting Level,90+%
2024/25,Aberdeenshire,Lairhillock School,"P1, P4 & P7 combined",Writing - % Meeting Level,80-90%
2024/25,Aberdeenshire,Lairhillock School,P4,Listening & Talking - % Meeting Level,c
2024/25,Aberdeenshire,Lairhillock School,P4,Numeracy - % Meeting Level,c
2024/25,Aberdeenshire,Lairhillock School,P4,Reading - % Meeting Level,c
2024/25,Aberdeenshire,Lairhillock School,P4,Writing - % Meeting Level,c
2024/25,Aberdeenshire,Lairhillock School,P7,Listening & Talking - % Meeting Level,c
2024/25,Aberdeenshire,Lairhillock School,P7,Numeracy - % Meeting Level,c
2024/25,Aberdeenshire,Lairhillock School,P7,Reading - % Meeting Level,c
2024/25,Aberdeenshire,Lairhillock School,P7,Writing - % Meeting Level,c
2024/25,Aberdeenshire,Largue School,P1,Listening & Talking - % Meeting Level,c
2024/25,Aberdeenshire,Largue School,P1,Numeracy - % Meeting Level,c
2024/25,Aberdeenshire,Largue School,P1,Reading - % Meeting Level,c
2024/25,Aberdeenshire,Largue School,P1,Writing - % Meeting Level,c
2024/25,Aberdeenshire,Largue School,"P1, P4 & P7 combined",Listening & Talking - % Meeting Level,c
2024/25,Aberdeenshire,Largue School,"P1, P4 & P7 combined",Numeracy - % Meeting Level,c
2024/25,Aberdeenshire,Largue School,"P1, P4 & P7 combined",Reading - % Meeting Level,c
2024/25,Aberdeenshire,Largue School,"P1, P4 & P7 combined",Writing - % Meeting Level,c
2024/25,Aberdeenshire,Largue School,P4,Listening & Talking - % Meeting Level,c
2024/25,Aberdeenshire,Largue School,P4,Numeracy - % Meeting Level,c
2024/25,Aberdeenshire,Largue School,P4,Reading - % Meeting Level,c
2024/25,Aberdeenshire,Largue School,P4,Writing - % Meeting Level,c
2024/25,Aberdeenshire,Laurencekirk School,P1,Listening & Talking - % Meeting Level,90+%
2024/25,Aberdeenshire,Laurencekirk School,P1,Numeracy - % Meeting Level,90+%
2024/25,Aberdeenshire,Laurencekirk School,P1,Reading - % Meeting Level,90+%
2024/25,Aberdeenshire,Laurencekirk School,P1,Writing - % Meeting Level,90+%
2024/25,Aberdeenshire,Laurencekirk School,"P1, P4 & P7 combined",Listening & Talking - % Meeting Level,90+%
2024/25,Aberdeenshire,Laurencekirk School,"P1, P4 & P7 combined",Numeracy - % Meeting Level,80-90%
2024/25,Aberdeenshire,Laurencekirk School,"P1, P4 & P7 combined",Reading - % Meeting Level,80-90%
2024/25,Aberdeenshire,Laurencekirk School,"P1, P4 & P7 combined",Writing - % Meeting Level,70-80%
2024/25,Aberdeenshire,Laurencekirk School,P4,Listening & Talking - % Meeting Level,80-90%
2024/25,Aberdeenshire,Laurencekirk School,P4,Numeracy - % Meeting Level,60-70%
2024/25,Aberdeenshire,Laurencekirk School,P4,Reading - % Meeting Level,60-70%
2024/25,Aberdeenshire,Laurencekirk School,P4,Writing - % Meeting Level,60-70%
2024/25,Aberdeenshire,Laurencekirk School,P7,Listening & Talking - % Meeting Level,90+%
2024/25,Aberdeenshire,Laurencekirk School,P7,Numeracy - % Meeting Level,70-80%
2024/25,Aberdeenshire,Laurencekirk School,P7,Reading - % Meeting Level,70-80%
2024/25,Aberdeenshire,Laurencekirk School,P7,Writing - % Meeting Level,70-80%
2024/25,Aberdeenshire,Lochpots School,P1,Listening & Talking - % Meeting Level,50-60%
2024/25,Aberdeenshire,Lochpots School,P1,Numeracy - % Meeting Level,70-80%
2024/25,Aberdeenshire,Lochpots School,P1,Reading - % Meeting Level,50-60%
2024/25,Aberdeenshire,Lochpots School,P1,Writing - % Meeting Level,40-50%
2024/25,Aberdeenshire,Lochpots School,"P1, P4 & P7 combined",Listening & Talking - % Meeting Level,70-80%
2024/25,Aberdeenshire,Lochpots School,"P1, P4 & P7 combined",Numeracy - % Meeting Level,70-80%
2024/25,Aberdeenshire,Lochpots School,"P1, P4 & P7 combined",Reading - % Meeting Level,60-70%
2024/25,Aberdeenshire,Lochpots School,"P1, P4 & P7 combined",Writing - % Meeting Level,50-60%
2024/25,Aberdeenshire,Lochpots School,P4,Listening & Talking - % Meeting Level,60-70%
2024/25,Aberdeenshire,Lochpots School,P4,Numeracy - % Meeting Level,70-80%
2024/25,Aberdeenshire,Lochpots School,P4,Reading - % Meeting Level,60-70%
2024/25,Aberdeenshire,Lochpots School,P4,Writing - % Meeting Level,60-70%
2024/25,Aberdeenshire,Lochpots School,P7,Listening & Talking - % Meeting Level,80-90%
2024/25,Aberdeenshire,Lochpots School,P7,Numeracy - % Meeting Level,70-80%
2024/25,Aberdeenshire,Lochpots School,P7,Reading - % Meeting Level,70-80%
2024/25,Aberdeenshire,Lochpots School,P7,Writing - % Meeting Level,70-80%
2024/25,Aberdeenshire,Logie Durno School,P1,Listening & Talking - % Meeting Level,c
2024/25,Aberdeenshire,Logie Durno School,P1,Numeracy - % Meeting Level,c
2024/25,Aberdeenshire,Logie Durno School,P1,Reading - % Meeting Level,c
2024/25,Aberdeenshire,Logie Durno School,P1,Writing - % Meeting Level,c
2024/25,Aberdeenshire,Logie Durno School,"P1, P4 & P7 combined",Listening & Talking - % Meeting Level,c
2024/25,Aberdeenshire,Logie Durno School,"P1, P4 & P7 combined",Numeracy - % Meeting Level,c
2024/25,Aberdeenshire,Logie Durno School,"P1, P4 & P7 combined",Reading - % Meeting Level,c
2024/25,Aberdeenshire,Logie Durno School,"P1, P4 & P7 combined",Writing - % Meeting Level,c
2024/25,Aberdeenshire,Logie Durno School,P4,Listening & Talking - % Meeting Level,c
2024/25,Aberdeenshire,Logie Durno School,P4,Numeracy - % Meeting Level,c
2024/25,Aberdeenshire,Logie Durno School,P4,Reading - % Meeting Level,c
2024/25,Aberdeenshire,Logie Durno School,P4,Writing - % Meeting Level,c
2024/25,Aberdeenshire,Logie Durno School,P7,Listening & Talking - % Meeting Level,c
2024/25,Aberdeenshire,Logie Durno School,P7,Numeracy - % Meeting Level,c
2024/25,Aberdeenshire,Logie Durno School,P7,Reading - % Meeting Level,c
2024/25,Aberdeenshire,Logie Durno School,P7,Writing - % Meeting Level,c
2024/25,Aberdeenshire,Longside School,P1,Listening & Talking - % Meeting Level,80-90%
2024/25,Aberdeenshire,Longside School,P1,Numeracy - % Meeting Level,90+%
2024/25,Aberdeenshire,Longside School,P1,Reading - % Meeting Level,90+%
2024/25,Aberdeenshire,Longside School,P1,Writing - % Meeting Level,80-90%
2024/25,Aberdeenshire,Longside School,"P1, P4 & P7 combined",Listening & Talking - % Meeting Level,80-90%
2024/25,Aberdeenshire,Longside School,"P1, P4 & P7 combined",Numeracy - % Meeting Level,80-90%
2024/25,Aberdeenshire,Longside School,"P1, P4 & P7 combined",Reading - % Meeting Level,80-90%
2024/25,Aberdeenshire,Longside School,"P1, P4 & P7 combined",Writing - % Meeting Level,80-90%
2024/25,Aberdeenshire,Longside School,P4,Listening & Talking - % Meeting Level,90+%
2024/25,Aberdeenshire,Longside School,P4,Numeracy - % Meeting Level,80-90%
2024/25,Aberdeenshire,Longside School,P4,Reading - % Meeting Level,80-90%
2024/25,Aberdeenshire,Longside School,P4,Writing - % Meeting Level,80-90%
2024/25,Aberdeenshire,Longside School,P7,Listening & Talking - % Meeting Level,90+%
2024/25,Aberdeenshire,Longside School,P7,Numeracy - % Meeting Level,70-80%
2024/25,Aberdeenshire,Longside School,P7,Reading - % Meeting Level,90+%
2024/25,Aberdeenshire,Longside School,P7,Writing - % Meeting Level,60-70%
2024/25,Aberdeenshire,Lumphanan School,P1,Listening & Talking - % Meeting Level,c
2024/25,Aberdeenshire,Lumphanan School,P1,Numeracy - % Meeting Level,c
2024/25,Aberdeenshire,Lumphanan School,P1,Reading - % Meeting Level,c
2024/25,Aberdeenshire,Lumphanan School,P1,Writing - % Meeting Level,c
2024/25,Aberdeenshire,Lumphanan School,"P1, P4 & P7 combined",Listening & Talking - % Meeting Level,70-80%
2024/25,Aberdeenshire,Lumphanan School,"P1, P4 & P7 combined",Numeracy - % Meeting Level,60-70%
2024/25,Aberdeenshire,Lumphanan School,"P1, P4 & P7 combined",Reading - % Meeting Level,60-70%
2024/25,Aberdeenshire,Lumphanan School,"P1, P4 & P7 combined",Writing - % Meeting Level,60-70%
2024/25,Aberdeenshire,Lumphanan School,P4,Listening & Talking - % Meeting Level,c
2024/25,Aberdeenshire,Lumphanan School,P4,Numeracy - % Meeting Level,c
2024/25,Aberdeenshire,Lumphanan School,P4,Reading - % Meeting Level,c
2024/25,Aberdeenshire,Lumphanan School,P4,Writing - % Meeting Level,c
2024/25,Aberdeenshire,Lumphanan School,P7,Listening & Talking - % Meeting Level,c
2024/25,Aberdeenshire,Lumphanan School,P7,Numeracy - % Meeting Level,c
2024/25,Aberdeenshire,Lumphanan School,P7,Reading - % Meeting Level,c
2024/25,Aberdeenshire,Lumphanan School,P7,Writing - % Meeting Level,c
2024/25,Aberdeenshire,Lumsden School,P1,Listening & Talking - % Meeting Level,c
2024/25,Aberdeenshire,Lumsden School,P1,Numeracy - % Meeting Level,c
2024/25,Aberdeenshire,Lumsden School,P1,Reading - % Meeting Level,c
2024/25,Aberdeenshire,Lumsden School,P1,Writing - % Meeting Level,c
2024/25,Aberdeenshire,Lumsden School,"P1, P4 & P7 combined",Listening & Talking - % Meeting Level,c
2024/25,Aberdeenshire,Lumsden School,"P1, P4 & P7 combined",Numeracy - % Meeting Level,c
2024/25,Aberdeenshire,Lumsden School,"P1, P4 & P7 combined",Reading - % Meeting Level,c
2024/25,Aberdeenshire,Lumsden School,"P1, P4 & P7 combined",Writing - % Meeting Level,c
2024/25,Aberdeenshire,Lumsden School,P7,Listening & Talking - % Meeting Level,c
2024/25,Aberdeenshire,Lumsden School,P7,Numeracy - % Meeting Level,c
2024/25,Aberdeenshire,Lumsden School,P7,Reading - % Meeting Level,c
2024/25,Aberdeenshire,Lumsden School,P7,Writing - % Meeting Level,c
2024/25,Aberdeenshire,Luthermuir School,P1,Listening & Talking - % Meeting Level,c
2024/25,Aberdeenshire,Luthermuir School,P1,Numeracy - % Meeting Level,c
2024/25,Aberdeenshire,Luthermuir School,P1,Reading - % Meeting Level,c
2024/25,Aberdeenshire,Luthermuir School,P1,Writing - % Meeting Level,c
2024/25,Aberdeenshire,Luthermuir School,"P1, P4 & P7 combined",Listening & Talking - % Meeting Level,c
2024/25,Aberdeenshire,Luthermuir School,"P1, P4 & P7 combined",Numeracy - % Meeting Level,c
2024/25,Aberdeenshire,Luthermuir School,"P1, P4 & P7 combined",Reading - % Meeting Level,c
2024/25,Aberdeenshire,Luthermuir School,"P1, P4 & P7 combined",Writing - % Meeting Level,c
2024/25,Aberdeenshire,Luthermuir School,P4,Listening & Talking - % Meeting Level,c
2024/25,Aberdeenshire,Luthermuir School,P4,Numeracy - % Meeting Level,c
2024/25,Aberdeenshire,Luthermuir School,P4,Reading - % Meeting Level,c
2024/25,Aberdeenshire,Luthermuir School,P4,Writing - % Meeting Level,c
2024/25,Aberdeenshire,Luthermuir School,P7,Listening & Talking - % Meeting Level,c
2024/25,Aberdeenshire,Luthermuir School,P7,Numeracy - % Meeting Level,c
2024/25,Aberdeenshire,Luthermuir School,P7,Reading - % Meeting Level,c
2024/25,Aberdeenshire,Luthermuir School,P7,Writing - % Meeting Level,c
2024/25,Aberdeenshire,Macduff School,P1,Listening & Talking - % Meeting Level,90+%
2024/25,Aberdeenshire,Macduff School,P1,Numeracy - % Meeting Level,90+%
2024/25,Aberdeenshire,Macduff School,P1,Reading - % Meeting Level,90+%
2024/25,Aberdeenshire,Macduff School,P1,Writing - % Meeting Level,90+%
2024/25,Aberdeenshire,Macduff School,"P1, P4 & P7 combined",Listening & Talking - % Meeting Level,90+%
2024/25,Aberdeenshire,Macduff School,"P1, P4 & P7 combined",Numeracy - % Meeting Level,90+%
2024/25,Aberdeenshire,Macduff School,"P1, P4 & P7 combined",Reading - % Meeting Level,80-90%
2024/25,Aberdeenshire,Macduff School,"P1, P4 & P7 combined",Writing - % Meeting Level,80-90%
2024/25,Aberdeenshire,Macduff School,P4,Listening & Talking - % Meeting Level,90+%
2024/25,Aberdeenshire,Macduff School,P4,Numeracy - % Meeting Level,90+%
2024/25,Aberdeenshire,Macduff School,P4,Reading - % Meeting Level,80-90%
2024/25,Aberdeenshire,Macduff School,P4,Writing - % Meeting Level,90+%
2024/25,Aberdeenshire,Macduff School,P7,Listening & Talking - % Meeting Level,90+%
2024/25,Aberdeenshire,Macduff School,P7,Numeracy - % Meeting Level,80-90%
2024/25,Aberdeenshire,Macduff School,P7,Reading - % Meeting Level,80-90%
2024/25,Aberdeenshire,Macduff School,P7,Writing - % Meeting Level,70-80%
2024/25,Aberdeenshire,Marykirk School,P1,Listening & Talking - % Meeting Level,c
2024/25,Aberdeenshire,Marykirk School,P1,Numeracy - % Meeting Level,c
2024/25,Aberdeenshire,Marykirk School,P1,Reading - % Meeting Level,c
2024/25,Aberdeenshire,Marykirk School,P1,Writing - % Meeting Level,c
2024/25,Aberdeenshire,Marykirk School,"P1, P4 & P7 combined",Listening & Talking - % Meeting Level,c
2024/25,Aberdeenshire,Marykirk School,"P1, P4 & P7 combined",Numeracy - % Meeting Level,c
2024/25,Aberdeenshire,Marykirk School,"P1, P4 & P7 combined",Reading - % Meeting Level,c
2024/25,Aberdeenshire,Marykirk School,"P1, P4 & P7 combined",Writing - % Meeting Level,c
2024/25,Aberdeenshire,Marykirk School,P4,Listening & Talking - % Meeting Level,c
2024/25,Aberdeenshire,Marykirk School,P4,Numeracy - % Meeting Level,c
2024/25,Aberdeenshire,Marykirk School,P4,Reading - % Meeting Level,c
2024/25,Aberdeenshire,Marykirk School,P4,Writing - % Meeting Level,c
2024/25,Aberdeenshire,Marykirk School,P7,Listening & Talking - % Meeting Level,c
2024/25,Aberdeenshire,Marykirk School,P7,Numeracy - % Meeting Level,c
2024/25,Aberdeenshire,Marykirk School,P7,Reading - % Meeting Level,c
2024/25,Aberdeenshire,Marykirk School,P7,Writing - % Meeting Level,c
2024/25,Aberdeenshire,Maud Primary School,P1,Listening & Talking - % Meeting Level,c
2024/25,Aberdeenshire,Maud Primary School,P1,Numeracy - % Meeting Level,c
2024/25,Aberdeenshire,Maud Primary School,P1,Reading - % Meeting Level,c
2024/25,Aberdeenshire,Maud Primary School,P1,Writing - % Meeting Level,c
2024/25,Aberdeenshire,Maud Primary School,"P1, P4 & P7 combined",Listening & Talking - % Meeting Level,80-90%
2024/25,Aberdeenshire,Maud Primary School,"P1, P4 & P7 combined",Numeracy - % Meeting Level,70-80%
2024/25,Aberdeenshire,Maud Primary School,"P1, P4 & P7 combined",Reading - % Meeting Level,70-80%
2024/25,Aberdeenshire,Maud Primary School,"P1, P4 & P7 combined",Writing - % Meeting Level,70-80%
2024/25,Aberdeenshire,Maud Primary School,P4,Listening & Talking - % Meeting Level,c
2024/25,Aberdeenshire,Maud Primary School,P4,Numeracy - % Meeting Level,c
2024/25,Aberdeenshire,Maud Primary School,P4,Reading - % Meeting Level,c
2024/25,Aberdeenshire,Maud Primary School,P4,Writing - % Meeting Level,c
2024/25,Aberdeenshire,Maud Primary School,P7,Listening & Talking - % Meeting Level,c
2024/25,Aberdeenshire,Maud Primary School,P7,Numeracy - % Meeting Level,c
2024/25,Aberdeenshire,Maud Primary School,P7,Reading - % Meeting Level,c
2024/25,Aberdeenshire,Maud Primary School,P7,Writing - % Meeting Level,c
2024/25,Aberdeenshire,Meethill School,P1,Listening & Talking - % Meeting Level,c
2024/25,Aberdeenshire,Meethill School,P1,Numeracy - % Meeting Level,c
2024/25,Aberdeenshire,Meethill School,P1,Reading - % Meeting Level,c
2024/25,Aberdeenshire,Meethill School,P1,Writing - % Meeting Level,c
2024/25,Aberdeenshire,Meethill School,"P1, P4 & P7 combined",Listening & Talking - % Meeting Level,70-80%
2024/25,Aberdeenshire,Meethill School,"P1, P4 & P7 combined",Numeracy - % Meeting Level,70-80%
2024/25,Aberdeenshire,Meethill School,"P1, P4 & P7 combined",Reading - % Meeting Level,50-60%
2024/25,Aberdeenshire,Meethill School,"P1, P4 & P7 combined",Writing - % Meeting Level,50-60%
2024/25,Aberdeenshire,Meethill School,P4,Listening & Talking - % Meeting Level,70-80%
2024/25,Aberdeenshire,Meethill School,P4,Numeracy - % Meeting Level,60-70%
2024/25,Aberdeenshire,Meethill School,P4,Reading - % Meeting Level,50-60%
2024/25,Aberdeenshire,Meethill School,P4,Writing - % Meeting Level,50-60%
2024/25,Aberdeenshire,Meethill School,P7,Listening & Talking - % Meeting Level,80-90%
2024/25,Aberdeenshire,Meethill School,P7,Numeracy - % Meeting Level,60-70%
2024/25,Aberdeenshire,Meethill School,P7,Reading - % Meeting Level,50-60%
2024/25,Aberdeenshire,Meethill School,P7,Writing - % Meeting Level,50-60%
2024/25,Aberdeenshire,Meiklemill School,P1,Listening & Talking - % Meeting Level,90+%
2024/25,Aberdeenshire,Meiklemill School,P1,Numeracy - % Meeting Level,80-90%
2024/25,Aberdeenshire,Meiklemill School,P1,Reading - % Meeting Level,80-90%
2024/25,Aberdeenshire,Meiklemill School,P1,Writing - % Meeting Level,80-90%
2024/25,Aberdeenshire,Meiklemill School,"P1, P4 & P7 combined",Listening & Talking - % Meeting Level,90+%
2024/25,Aberdeenshire,Meiklemill School,"P1, P4 & P7 combined",Numeracy - % Meeting Level,70-80%
2024/25,Aberdeenshire,Meiklemill School,"P1, P4 & P7 combined",Reading - % Meeting Level,80-90%
2024/25,Aberdeenshire,Meiklemill School,"P1, P4 & P7 combined",Writing - % Meeting Level,70-80%
2024/25,Aberdeenshire,Meiklemill School,P4,Listening & Talking - % Meeting Level,80-90%
2024/25,Aberdeenshire,Meiklemill School,P4,Numeracy - % Meeting Level,80-90%
2024/25,Aberdeenshire,Meiklemill School,P4,Reading - % Meeting Level,80-90%
2024/25,Aberdeenshire,Meiklemill School,P4,Writing - % Meeting Level,70-80%
2024/25,Aberdeenshire,Meiklemill School,P7,Listening & Talking - % Meeting Level,80-90%
2024/25,Aberdeenshire,Meiklemill School,P7,Numeracy - % Meeting Level,70-80%
2024/25,Aberdeenshire,Meiklemill School,P7,Reading - % Meeting Level,70-80%
2024/25,Aberdeenshire,Meiklemill School,P7,Writing - % Meeting Level,70-80%
2024/25,Aberdeenshire,Meldrum School,P1,Listening & Talking - % Meeting Level,90+%
2024/25,Aberdeenshire,Meldrum School,P1,Numeracy - % Meeting Level,90+%
2024/25,Aberdeenshire,Meldrum School,P1,Reading - % Meeting Level,80-90%
2024/25,Aberdeenshire,Meldrum School,P1,Writing - % Meeting Level,70-80%
2024/25,Aberdeenshire,Meldrum School,"P1, P4 & P7 combined",Listening & Talking - % Meeting Level,80-90%
2024/25,Aberdeenshire,Meldrum School,"P1, P4 & P7 combined",Numeracy - % Meeting Level,60-70%
2024/25,Aberdeenshire,Meldrum School,"P1, P4 & P7 combined",Reading - % Meeting Level,70-80%
2024/25,Aberdeenshire,Meldrum School,"P1, P4 & P7 combined",Writing - % Meeting Level,50-60%
2024/25,Aberdeenshire,Meldrum School,P4,Listening & Talking - % Meeting Level,80-90%
2024/25,Aberdeenshire,Meldrum School,P4,Numeracy - % Meeting Level,40-50%
2024/25,Aberdeenshire,Meldrum School,P4,Reading - % Meeting Level,60-70%
2024/25,Aberdeenshire,Meldrum School,P4,Writing - % Meeting Level,60-70%
2024/25,Aberdeenshire,Meldrum School,P7,Listening & Talking - % Meeting Level,60-70%
2024/25,Aberdeenshire,Meldrum School,P7,Numeracy - % Meeting Level,50-60%
2024/25,Aberdeenshire,Meldrum School,P7,Reading - % Meeting Level,60-70%
2024/25,Aberdeenshire,Meldrum School,P7,Writing - % Meeting Level,20-30%
2024/25,Aberdeenshire,Methlick School,P1,Listening & Talking - % Meeting Level,90+%
2024/25,Aberdeenshire,Methlick School,P1,Numeracy - % Meeting Level,90+%
2024/25,Aberdeenshire,Methlick School,P1,Reading - % Meeting Level,90+%
2024/25,Aberdeenshire,Methlick School,P1,Writing - % Meeting Level,90+%
2024/25,Aberdeenshire,Methlick School,"P1, P4 & P7 combined",Listening & Talking - % Meeting Level,60-70%
2024/25,Aberdeenshire,Methlick School,"P1, P4 & P7 combined",Numeracy - % Meeting Level,60-70%
2024/25,Aberdeenshire,Methlick School,"P1, P4 & P7 combined",Reading - % Meeting Level,60-70%
2024/25,Aberdeenshire,Methlick School,"P1, P4 & P7 combined",Writing - % Meeting Level,60-70%
2024/25,Aberdeenshire,Methlick School,P4,Listening & Talking - % Meeting Level,c
2024/25,Aberdeenshire,Methlick School,P4,Numeracy - % Meeting Level,c
2024/25,Aberdeenshire,Methlick School,P4,Reading - % Meeting Level,c
2024/25,Aberdeenshire,Methlick School,P4,Writing - % Meeting Level,c
2024/25,Aberdeenshire,Methlick School,P7,Listening & Talking - % Meeting Level,c
2024/25,Aberdeenshire,Methlick School,P7,Numeracy - % Meeting Level,c
2024/25,Aberdeenshire,Methlick School,P7,Reading - % Meeting Level,c
2024/25,Aberdeenshire,Methlick School,P7,Writing - % Meeting Level,c
2024/25,Aberdeenshire,Midmar School,P1,Listening & Talking - % Meeting Level,c
2024/25,Aberdeenshire,Midmar School,P1,Numeracy - % Meeting Level,c
2024/25,Aberdeenshire,Midmar School,P1,Reading - % Meeting Level,c
2024/25,Aberdeenshire,Midmar School,P1,Writing - % Meeting Level,c
2024/25,Aberdeenshire,Midmar School,"P1, P4 & P7 combined",Listening & Talking - % Meeting Level,c
2024/25,Aberdeenshire,Midmar School,"P1, P4 & P7 combined",Numeracy - % Meeting Level,c
2024/25,Aberdeenshire,Midmar School,"P1, P4 & P7 combined",Reading - % Meeting Level,c
2024/25,Aberdeenshire,Midmar School,"P1, P4 & P7 combined",Writing - % Meeting Level,c
2024/25,Aberdeenshire,Midmar School,P4,Listening & Talking - % Meeting Level,c
2024/25,Aberdeenshire,Midmar School,P4,Numeracy - % Meeting Level,c
2024/25,Aberdeenshire,Midmar School,P4,Reading - % Meeting Level,c
2024/25,Aberdeenshire,Midmar School,P4,Writing - % Meeting Level,c
2024/25,Aberdeenshire,Midmar School,P7,Listening & Talking - % Meeting Level,c
2024/25,Aberdeenshire,Midmar School,P7,Numeracy - % Meeting Level,c
2024/25,Aberdeenshire,Midmar School,P7,Reading - % Meeting Level,c
2024/25,Aberdeenshire,Midmar School,P7,Writing - % Meeting Level,c
2024/25,Aberdeenshire,Midmill School,P1,Listening & Talking - % Meeting Level,90+%
2024/25,Aberdeenshire,Midmill School,P1,Numeracy - % Meeting Level,90+%
2024/25,Aberdeenshire,Midmill School,P1,Reading - % Meeting Level,80-90%
2024/25,Aberdeenshire,Midmill School,P1,Writing - % Meeting Level,70-80%
2024/25,Aberdeenshire,Midmill School,"P1, P4 & P7 combined",Listening & Talking - % Meeting Level,90+%
2024/25,Aberdeenshire,Midmill School,"P1, P4 & P7 combined",Numeracy - % Meeting Level,80-90%
2024/25,Aberdeenshire,Midmill School,"P1, P4 & P7 combined",Reading - % Meeting Level,80-90%
2024/25,Aberdeenshire,Midmill School,"P1, P4 & P7 combined",Writing - % Meeting Level,60-70%
2024/25,Aberdeenshire,Midmill School,P4,Listening & Talking - % Meeting Level,90+%
2024/25,Aberdeenshire,Midmill School,P4,Numeracy - % Meeting Level,80-90%
2024/25,Aberdeenshire,Midmill School,P4,Reading - % Meeting Level,80-90%
2024/25,Aberdeenshire,Midmill School,P4,Writing - % Meeting Level,70-80%
2024/25,Aberdeenshire,Midmill School,P7,Listening & Talking - % Meeting Level,90+%
2024/25,Aberdeenshire,Midmill School,P7,Numeracy - % Meeting Level,70-80%
2024/25,Aberdeenshire,Midmill School,P7,Reading - % Meeting Level,80-90%
2024/25,Aberdeenshire,Midmill School,P7,Writing - % Meeting Level,50-60%
2024/25,Aberdeenshire,Mill O'Forest School,P1,Listening & Talking - % Meeting Level,70-80%
2024/25,Aberdeenshire,Mill O'Forest School,P1,Numeracy - % Meeting Level,70-80%
2024/25,Aberdeenshire,Mill O'Forest School,P1,Reading - % Meeting Level,60-70%
2024/25,Aberdeenshire,Mill O'Forest School,P1,Writing - % Meeting Level,60-70%
2024/25,Aberdeenshire,Mill O'Forest School,"P1, P4 & P7 combined",Listening & Talking - % Meeting Level,80-90%
2024/25,Aberdeenshire,Mill O'Forest School,"P1, P4 & P7 combined",Numeracy - % Meeting Level,70-80%
2024/25,Aberdeenshire,Mill O'Forest School,"P1, P4 & P7 combined",Reading - % Meeting Level,70-80%
2024/25,Aberdeenshire,Mill O'Forest School,"P1, P4 & P7 combined",Writing - % Meeting Level,60-70%
2024/25,Aberdeenshire,Mill O'Forest School,P4,Listening & Talking - % Meeting Level,80-90%
2024/25,Aberdeenshire,Mill O'Forest School,P4,Numeracy - % Meeting Level,80-90%
2024/25,Aberdeenshire,Mill O'Forest School,P4,Reading - % Meeting Level,80-90%
2024/25,Aberdeenshire,Mill O'Forest School,P4,Writing - % Meeting Level,70-80%
2024/25,Aberdeenshire,Mill O'Forest School,P7,Listening & Talking - % Meeting Level,80-90%
2024/25,Aberdeenshire,Mill O'Forest School,P7,Numeracy - % Meeting Level,70-80%
2024/25,Aberdeenshire,Mill O'Forest School,P7,Reading - % Meeting Level,60-70%
2024/25,Aberdeenshire,Mill O'Forest School,P7,Writing - % Meeting Level,60-70%
2024/25,Aberdeenshire,Mintlaw Primary School,P1,Listening & Talking - % Meeting Level,80-90%
2024/25,Aberdeenshire,Mintlaw Primary School,P1,Numeracy - % Meeting Level,90+%
2024/25,Aberdeenshire,Mintlaw Primary School,P1,Reading - % Meeting Level,90+%
2024/25,Aberdeenshire,Mintlaw Primary School,P1,Writing - % Meeting Level,80-90%
2024/25,Aberdeenshire,Mintlaw Primary School,"P1, P4 & P7 combined",Listening & Talking - % Meeting Level,80-90%
2024/25,Aberdeenshire,Mintlaw Primary School,"P1, P4 & P7 combined",Numeracy - % Meeting Level,80-90%
2024/25,Aberdeenshire,Mintlaw Primary School,"P1, P4 & P7 combined",Reading - % Meeting Level,80-90%
2024/25,Aberdeenshire,Mintlaw Primary School,"P1, P4 & P7 combined",Writing - % Meeting Level,70-80%
2024/25,Aberdeenshire,Mintlaw Primary School,P4,Listening & Talking - % Meeting Level,c
2024/25,Aberdeenshire,Mintlaw Primary School,P4,Numeracy - % Meeting Level,c
2024/25,Aberdeenshire,Mintlaw Primary School,P4,Reading - % Meeting Level,c
2024/25,Aberdeenshire,Mintlaw Primary School,P4,Writing - % Meeting Level,c
2024/25,Aberdeenshire,Mintlaw Primary School,P7,Listening & Talking - % Meeting Level,80-90%
2024/25,Aberdeenshire,Mintlaw Primary School,P7,Numeracy - % Meeting Level,70-80%
2024/25,Aberdeenshire,Mintlaw Primary School,P7,Reading - % Meeting Level,70-80%
2024/25,Aberdeenshire,Mintlaw Primary School,P7,Writing - % Meeting Level,60-70%
2024/25,Aberdeenshire,Monquhitter School,P1,Listening & Talking - % Meeting Level,c
2024/25,Aberdeenshire,Monquhitter School,P1,Numeracy - % Meeting Level,c
2024/25,Aberdeenshire,Monquhitter School,P1,Reading - % Meeting Level,c
2024/25,Aberdeenshire,Monquhitter School,P1,Writing - % Meeting Level,c
2024/25,Aberdeenshire,Monquhitter School,"P1, P4 & P7 combined",Listening & Talking - % Meeting Level,80-90%
2024/25,Aberdeenshire,Monquhitter School,"P1, P4 & P7 combined",Numeracy - % Meeting Level,70-80%
2024/25,Aberdeenshire,Monquhitter School,"P1, P4 & P7 combined",Reading - % Meeting Level,70-80%
2024/25,Aberdeenshire,Monquhitter School,"P1, P4 & P7 combined",Writing - % Meeting Level,70-80%
2024/25,Aberdeenshire,Monquhitter School,P4,Listening & Talking - % Meeting Level,c
2024/25,Aberdeenshire,Monquhitter School,P4,Numeracy - % Meeting Level,c
2024/25,Aberdeenshire,Monquhitter School,P4,Reading - % Meeting Level,c
2024/25,Aberdeenshire,Monquhitter School,P4,Writing - % Meeting Level,c
2024/25,Aberdeenshire,Monquhitter School,P7,Listening & Talking - % Meeting Level,c
2024/25,Aberdeenshire,Monquhitter School,P7,Numeracy - % Meeting Level,c
2024/25,Aberdeenshire,Monquhitter School,P7,Reading - % Meeting Level,c
2024/25,Aberdeenshire,Monquhitter School,P7,Writing - % Meeting Level,c
2024/25,Aberdeenshire,Monymusk School,P1,Listening & Talking - % Meeting Level,c
2024/25,Aberdeenshire,Monymusk School,P1,Numeracy - % Meeting Level,c
2024/25,Aberdeenshire,Monymusk School,P1,Reading - % Meeting Level,c
2024/25,Aberdeenshire,Monymusk School,P1,Writing - % Meeting Level,c
2024/25,Aberdeenshire,Monymusk School,"P1, P4 & P7 combined",Listening & Talking - % Meeting Level,90+%
2024/25,Aberdeenshire,Monymusk School,"P1, P4 & P7 combined",Numeracy - % Meeting Level,90+%
2024/25,Aberdeenshire,Monymusk School,"P1, P4 & P7 combined",Reading - % Meeting Level,90+%
2024/25,Aberdeenshire,Monymusk School,"P1, P4 & P7 combined",Writing - % Meeting Level,90+%
2024/25,Aberdeenshire,Monymusk School,P4,Listening & Talking - % Meeting Level,c
2024/25,Aberdeenshire,Monymusk School,P4,Numeracy - % Meeting Level,c
2024/25,Aberdeenshire,Monymusk School,P4,Reading - % Meeting Level,c
2024/25,Aberdeenshire,Monymusk School,P4,Writing - % Meeting Level,c
2024/25,Aberdeenshire,Monymusk School,P7,Listening & Talking - % Meeting Level,c
2024/25,Aberdeenshire,Monymusk School,P7,Numeracy - % Meeting Level,c
2024/25,Aberdeenshire,Monymusk School,P7,Reading - % Meeting Level,c
2024/25,Aberdeenshire,Monymusk School,P7,Writing - % Meeting Level,c
2024/25,Aberdeenshire,New Deer School,P1,Listening & Talking - % Meeting Level,90+%
2024/25,Aberdeenshire,New Deer School,P1,Numeracy - % Meeting Level,90+%
2024/25,Aberdeenshire,New Deer School,P1,Reading - % Meeting Level,80-90%
2024/25,Aberdeenshire,New Deer School,P1,Writing - % Meeting Level,90+%
2024/25,Aberdeenshire,New Deer School,"P1, P4 & P7 combined",Listening & Talking - % Meeting Level,90+%
2024/25,Aberdeenshire,New Deer School,"P1, P4 & P7 combined",Numeracy - % Meeting Level,90+%
2024/25,Aberdeenshire,New Deer School,"P1, P4 & P7 combined",Reading - % Meeting Level,80-90%
2024/25,Aberdeenshire,New Deer School,"P1, P4 & P7 combined",Writing - % Meeting Level,80-90%
2024/25,Aberdeenshire,New Deer School,P4,Listening & Talking - % Meeting Level,c
2024/25,Aberdeenshire,New Deer School,P4,Numeracy - % Meeting Level,c
2024/25,Aberdeenshire,New Deer School,P4,Reading - % Meeting Level,c
2024/25,Aberdeenshire,New Deer School,P4,Writing - % Meeting Level,c
2024/25,Aberdeenshire,New Deer School,P7,Listening & Talking - % Meeting Level,c
2024/25,Aberdeenshire,New Deer School,P7,Numeracy - % Meeting Level,c
2024/25,Aberdeenshire,New Deer School,P7,Reading - % Meeting Level,c
2024/25,Aberdeenshire,New Deer School,P7,Writing - % Meeting Level,c
2024/25,Aberdeenshire,New Machar School,P1,Listening & Talking - % Meeting Level,80-90%
2024/25,Aberdeenshire,New Machar School,P1,Numeracy - % Meeting Level,80-90%
2024/25,Aberdeenshire,New Machar School,P1,Reading - % Meeting Level,80-90%
2024/25,Aberdeenshire,New Machar School,P1,Writing - % Meeting Level,80-90%
2024/25,Aberdeenshire,New Machar School,"P1, P4 & P7 combined",Listening & Talking - % Meeting Level,80-90%
2024/25,Aberdeenshire,New Machar School,"P1, P4 & P7 combined",Numeracy - % Meeting Level,60-70%
2024/25,Aberdeenshire,New Machar School,"P1, P4 & P7 combined",Reading - % Meeting Level,70-80%
2024/25,Aberdeenshire,New Machar School,"P1, P4 & P7 combined",Writing - % Meeting Level,70-80%
2024/25,Aberdeenshire,New Machar School,P4,Listening & Talking - % Meeting Level,90+%
2024/25,Aberdeenshire,New Machar School,P4,Numeracy - % Meeting Level,50-60%
2024/25,Aberdeenshire,New Machar School,P4,Reading - % Meeting Level,70-80%
2024/25,Aberdeenshire,New Machar School,P4,Writing - % Meeting Level,60-70%
2024/25,Aberdeenshire,New Machar School,P7,Listening & Talking - % Meeting Level,60-70%
2024/25,Aberdeenshire,New Machar School,P7,Numeracy - % Meeting Level,50-60%
2024/25,Aberdeenshire,New Machar School,P7,Reading - % Meeting Level,60-70%
2024/25,Aberdeenshire,New Machar School,P7,Writing - % Meeting Level,70-80%
2024/25,Aberdeenshire,New Pitsligo & St John's School,P1,Listening & Talking - % Meeting Level,c
2024/25,Aberdeenshire,New Pitsligo & St John's School,P1,Numeracy - % Meeting Level,c
2024/25,Aberdeenshire,New Pitsligo & St John's School,P1,Reading - % Meeting Level,c
2024/25,Aberdeenshire,New Pitsligo & St John's School,P1,Writing - % Meeting Level,c
2024/25,Aberdeenshire,New Pitsligo & St John's School,"P1, P4 & P7 combined",Listening & Talking - % Meeting Level,70-80%
2024/25,Aberdeenshire,New Pitsligo & St John's School,"P1, P4 & P7 combined",Numeracy - % Meeting Level,60-70%
2024/25,Aberdeenshire,New Pitsligo & St John's School,"P1, P4 & P7 combined",Reading - % Meeting Level,50-60%
2024/25,Aberdeenshire,New Pitsligo & St John's School,"P1, P4 & P7 combined",Writing - % Meeting Level,50-60%
2024/25,Aberdeenshire,New Pitsligo & St John's School,P4,Listening & Talking - % Meeting Level,c
2024/25,Aberdeenshire,New Pitsligo & St John's School,P4,Numeracy - % Meeting Level,c
2024/25,Aberdeenshire,New Pitsligo & St John's School,P4,Reading - % Meeting Level,c
2024/25,Aberdeenshire,New Pitsligo & St John's School,P4,Writing - % Meeting Level,c
2024/25,Aberdeenshire,New Pitsligo & St John's School,P7,Listening & Talking - % Meeting Level,80-90%
2024/25,Aberdeenshire,New Pitsligo & St John's School,P7,Numeracy - % Meeting Level,70-80%
2024/25,Aberdeenshire,New Pitsligo & St John's School,P7,Reading - % Meeting Level,70-80%
2024/25,Aberdeenshire,New Pitsligo & St John's School,P7,Writing - % Meeting Level,70-80%
2024/25,Aberdeenshire,Newburgh Mathers School,P1,Listening & Talking - % Meeting Level,90+%
2024/25,Aberdeenshire,Newburgh Mathers School,P1,Numeracy - % Meeting Level,80-90%
2024/25,Aberdeenshire,Newburgh Mathers School,P1,Reading - % Meeting Level,90+%
2024/25,Aberdeenshire,Newburgh Mathers School,P1,Writing - % Meeting Level,90+%
2024/25,Aberdeenshire,Newburgh Mathers School,"P1, P4 & P7 combined",Listening & Talking - % Meeting Level,80-90%
2024/25,Aberdeenshire,Newburgh Mathers School,"P1, P4 & P7 combined",Numeracy - % Meeting Level,70-80%
2024/25,Aberdeenshire,Newburgh Mathers School,"P1, P4 & P7 combined",Reading - % Meeting Level,80-90%
2024/25,Aberdeenshire,Newburgh Mathers School,"P1, P4 & P7 combined",Writing - % Meeting Level,70-80%
2024/25,Aberdeenshire,Newburgh Mathers School,P4,Listening & Talking - % Meeting Level,c
2024/25,Aberdeenshire,Newburgh Mathers School,P4,Numeracy - % Meeting Level,c
2024/25,Aberdeenshire,Newburgh Mathers School,P4,Reading - % Meeting Level,c
2024/25,Aberdeenshire,Newburgh Mathers School,P4,Writing - % Meeting Level,c
2024/25,Aberdeenshire,Newburgh Mathers School,P7,Listening & Talking - % Meeting Level,80-90%
2024/25,Aberdeenshire,Newburgh Mathers School,P7,Numeracy - % Meeting Level,60-70%
2024/25,Aberdeenshire,Newburgh Mathers School,P7,Reading - % Meeting Level,80-90%
2024/25,Aberdeenshire,Newburgh Mathers School,P7,Writing - % Meeting Level,60-70%
2024/25,Aberdeenshire,Newtonhill School,P1,Listening & Talking - % Meeting Level,90+%
2024/25,Aberdeenshire,Newtonhill School,P1,Numeracy - % Meeting Level,90+%
2024/25,Aberdeenshire,Newtonhill School,P1,Reading - % Meeting Level,80-90%
2024/25,Aberdeenshire,Newtonhill School,P1,Writing - % Meeting Level,80-90%
2024/25,Aberdeenshire,Newtonhill School,"P1, P4 & P7 combined",Listening & Talking - % Meeting Level,90+%
2024/25,Aberdeenshire,Newtonhill School,"P1, P4 & P7 combined",Numeracy - % Meeting Level,80-90%
2024/25,Aberdeenshire,Newtonhill School,"P1, P4 & P7 combined",Reading - % Meeting Level,80-90%
2024/25,Aberdeenshire,Newtonhill School,"P1, P4 & P7 combined",Writing - % Meeting Level,70-80%
2024/25,Aberdeenshire,Newtonhill School,P4,Listening & Talking - % Meeting Level,90+%
2024/25,Aberdeenshire,Newtonhill School,P4,Numeracy - % Meeting Level,70-80%
2024/25,Aberdeenshire,Newtonhill School,P4,Reading - % Meeting Level,70-80%
2024/25,Aberdeenshire,Newtonhill School,P4,Writing - % Meeting Level,70-80%
2024/25,Aberdeenshire,Newtonhill School,P7,Listening & Talking - % Meeting Level,80-90%
2024/25,Aberdeenshire,Newtonhill School,P7,Numeracy - % Meeting Level,80-90%
2024/25,Aberdeenshire,Newtonhill School,P7,Reading - % Meeting Level,80-90%
2024/25,Aberdeenshire,Newtonhill School,P7,Writing - % Meeting Level,80-90%
2024/25,Aberdeenshire,Old Rayne School,P1,Listening & Talking - % Meeting Level,c
2024/25,Aberdeenshire,Old Rayne School,P1,Numeracy - % Meeting Level,c
2024/25,Aberdeenshire,Old Rayne School,P1,Reading - % Meeting Level,c
2024/25,Aberdeenshire,Old Rayne School,P1,Writing - % Meeting Level,c
2024/25,Aberdeenshire,Old Rayne School,"P1, P4 & P7 combined",Listening & Talking - % Meeting Level,80-90%
2024/25,Aberdeenshire,Old Rayne School,"P1, P4 & P7 combined",Numeracy - % Meeting Level,80-90%
2024/25,Aberdeenshire,Old Rayne School,"P1, P4 & P7 combined",Reading - % Meeting Level,70-80%
2024/25,Aberdeenshire,Old Rayne School,"P1, P4 & P7 combined",Writing - % Meeting Level,70-80%
2024/25,Aberdeenshire,Old Rayne School,P4,Listening & Talking - % Meeting Level,c
2024/25,Aberdeenshire,Old Rayne School,P4,Numeracy - % Meeting Level,c
2024/25,Aberdeenshire,Old Rayne School,P4,Reading - % Meeting Level,c
2024/25,Aberdeenshire,Old Rayne School,P4,Writing - % Meeting Level,c
2024/25,Aberdeenshire,Old Rayne School,P7,Listening & Talking - % Meeting Level,c
2024/25,Aberdeenshire,Old Rayne School,P7,Numeracy - % Meeting Level,c
2024/25,Aberdeenshire,Old Rayne School,P7,Reading - % Meeting Level,c
2024/25,Aberdeenshire,Old Rayne School,P7,Writing - % Meeting Level,c
2024/25,Aberdeenshire,Ordiquhill School,P1,Listening & Talking - % Meeting Level,c
2024/25,Aberdeenshire,Ordiquhill School,P1,Numeracy - % Meeting Level,c
2024/25,Aberdeenshire,Ordiquhill School,P1,Reading - % Meeting Level,c
2024/25,Aberdeenshire,Ordiquhill School,P1,Writing - % Meeting Level,c
2024/25,Aberdeenshire,Ordiquhill School,"P1, P4 & P7 combined",Listening & Talking - % Meeting Level,80-90%
2024/25,Aberdeenshire,Ordiquhill School,"P1, P4 & P7 combined",Numeracy - % Meeting Level,70-80%
2024/25,Aberdeenshire,Ordiquhill School,"P1, P4 & P7 combined",Reading - % Meeting Level,80-90%
2024/25,Aberdeenshire,Ordiquhill School,"P1, P4 & P7 combined",Writing - % Meeting Level,50-60%
2024/25,Aberdeenshire,Ordiquhill School,P4,Listening & Talking - % Meeting Level,c
2024/25,Aberdeenshire,Ordiquhill School,P4,Numeracy - % Meeting Level,c
2024/25,Aberdeenshire,Ordiquhill School,P4,Reading - % Meeting Level,c
2024/25,Aberdeenshire,Ordiquhill School,P4,Writing - % Meeting Level,c
2024/25,Aberdeenshire,Ordiquhill School,P7,Listening & Talking - % Meeting Level,c
2024/25,Aberdeenshire,Ordiquhill School,P7,Numeracy - % Meeting Level,c
2024/25,Aberdeenshire,Ordiquhill School,P7,Reading - % Meeting Level,c
2024/25,Aberdeenshire,Ordiquhill School,P7,Writing - % Meeting Level,c
2024/25,Aberdeenshire,Oyne School,P1,Listening & Talking - % Meeting Level,c
2024/25,Aberdeenshire,Oyne School,P1,Numeracy - % Meeting Level,c
2024/25,Aberdeenshire,Oyne School,P1,Reading - % Meeting Level,c
2024/25,Aberdeenshire,Oyne School,P1,Writing - % Meeting Level,c
2024/25,Aberdeenshire,Oyne School,"P1, P4 & P7 combined",Listening & Talking - % Meeting Level,c
2024/25,Aberdeenshire,Oyne School,"P1, P4 & P7 combined",Numeracy - % Meeting Level,c
2024/25,Aberdeenshire,Oyne School,"P1, P4 & P7 combined",Reading - % Meeting Level,c
2024/25,Aberdeenshire,Oyne School,"P1, P4 & P7 combined",Writing - % Meeting Level,c
2024/25,Aberdeenshire,Oyne School,P4,Listening & Talking - % Meeting Level,c
2024/25,Aberdeenshire,Oyne School,P4,Numeracy - % Meeting Level,c
2024/25,Aberdeenshire,Oyne School,P4,Reading - % Meeting Level,c
2024/25,Aberdeenshire,Oyne School,P4,Writing - % Meeting Level,c
2024/25,Aberdeenshire,Oyne School,P7,Listening & Talking - % Meeting Level,c
2024/25,Aberdeenshire,Oyne School,P7,Numeracy - % Meeting Level,c
2024/25,Aberdeenshire,Oyne School,P7,Reading - % Meeting Level,c
2024/25,Aberdeenshire,Oyne School,P7,Writing - % Meeting Level,c
2024/25,Aberdeenshire,Peterhead Central School,P1,Listening & Talking - % Meeting Level,c
2024/25,Aberdeenshire,Peterhead Central School,P1,Numeracy - % Meeting Level,c
2024/25,Aberdeenshire,Peterhead Central School,P1,Reading - % Meeting Level,c
2024/25,Aberdeenshire,Peterhead Central School,P1,Writing - % Meeting Level,c
2024/25,Aberdeenshire,Peterhead Central School,"P1, P4 & P7 combined",Listening & Talking - % Meeting Level,60-70%
2024/25,Aberdeenshire,Peterhead Central School,"P1, P4 & P7 combined",Numeracy - % Meeting Level,60-70%
2024/25,Aberdeenshire,Peterhead Central School,"P1, P4 & P7 combined",Reading - % Meeting Level,50-60%
2024/25,Aberdeenshire,Peterhead Central School,"P1, P4 & P7 combined",Writing - % Meeting Level,50-60%
2024/25,Aberdeenshire,Peterhead Central School,P4,Listening & Talking - % Meeting Level,c
2024/25,Aberdeenshire,Peterhead Central School,P4,Numeracy - % Meeting Level,c
2024/25,Aberdeenshire,Peterhead Central School,P4,Reading - % Meeting Level,c
2024/25,Aberdeenshire,Peterhead Central School,P4,Writing - % Meeting Level,c
2024/25,Aberdeenshire,Peterhead Central School,P7,Listening & Talking - % Meeting Level,80-90%
2024/25,Aberdeenshire,Peterhead Central School,P7,Numeracy - % Meeting Level,80-90%
2024/25,Aberdeenshire,Peterhead Central School,P7,Reading - % Meeting Level,70-80%
2024/25,Aberdeenshire,Peterhead Central School,P7,Writing - % Meeting Level,70-80%
2024/25,Aberdeenshire,Pitfour School,P1,Listening & Talking - % Meeting Level,c
2024/25,Aberdeenshire,Pitfour School,P1,Numeracy - % Meeting Level,c
2024/25,Aberdeenshire,Pitfour School,P1,Reading - % Meeting Level,c
2024/25,Aberdeenshire,Pitfour School,P1,Writing - % Meeting Level,c
2024/25,Aberdeenshire,Pitfour School,"P1, P4 & P7 combined",Listening & Talking - % Meeting Level,90+%
2024/25,Aberdeenshire,Pitfour School,"P1, P4 & P7 combined",Numeracy - % Meeting Level,60-70%
2024/25,Aberdeenshire,Pitfour School,"P1, P4 & P7 combined",Reading - % Meeting Level,70-80%
2024/25,Aberdeenshire,Pitfour School,"P1, P4 & P7 combined",Writing - % Meeting Level,60-70%
2024/25,Aberdeenshire,Pitfour School,P4,Listening & Talking - % Meeting Level,c
2024/25,Aberdeenshire,Pitfour School,P4,Numeracy - % Meeting Level,c
2024/25,Aberdeenshire,Pitfour School,P4,Reading - % Meeting Level,c
2024/25,Aberdeenshire,Pitfour School,P4,Writing - % Meeting Level,c
2024/25,Aberdeenshire,Pitfour School,P7,Listening & Talking - % Meeting Level,c
2024/25,Aberdeenshire,Pitfour School,P7,Numeracy - % Meeting Level,c
2024/25,Aberdeenshire,Pitfour School,P7,Reading - % Meeting Level,c
2024/25,Aberdeenshire,Pitfour School,P7,Writing - % Meeting Level,c
2024/25,Aberdeenshire,Pitmedden School,P1,Listening & Talking - % Meeting Level,c
2024/25,Aberdeenshire,Pitmedden School,P1,Numeracy - % Meeting Level,c
2024/25,Aberdeenshire,Pitmedden School,P1,Reading - % Meeting Level,c
2024/25,Aberdeenshire,Pitmedden School,P1,Writing - % Meeting Level,c
2024/25,Aberdeenshire,Pitmedden School,"P1, P4 & P7 combined",Listening & Talking - % Meeting Level,80-90%
2024/25,Aberdeenshire,Pitmedden School,"P1, P4 & P7 combined",Numeracy - % Meeting Level,90+%
2024/25,Aberdeenshire,Pitmedden School,"P1, P4 & P7 combined",Reading - % Meeting Level,70-80%
2024/25,Aberdeenshire,Pitmedden School,"P1, P4 & P7 combined",Writing - % Meeting Level,70-80%
2024/25,Aberdeenshire,Pitmedden School,P4,Listening & Talking - % Meeting Level,c
2024/25,Aberdeenshire,Pitmedden School,P4,Numeracy - % Meeting Level,c
2024/25,Aberdeenshire,Pitmedden School,P4,Reading - % Meeting Level,c
2024/25,Aberdeenshire,Pitmedden School,P4,Writing - % Meeting Level,c
2024/25,Aberdeenshire,Pitmedden School,P7,Listening & Talking - % Meeting Level,90+%
2024/25,Aberdeenshire,Pitmedden School,P7,Numeracy - % Meeting Level,90+%
2024/25,Aberdeenshire,Pitmedden School,P7,Reading - % Meeting Level,70-80%
2024/25,Aberdeenshire,Pitmedden School,P7,Writing - % Meeting Level,70-80%
2024/25,Aberdeenshire,Port Elphinstone School,P1,Listening & Talking - % Meeting Level,c
2024/25,Aberdeenshire,Port Elphinstone School,P1,Numeracy - % Meeting Level,c
2024/25,Aberdeenshire,Port Elphinstone School,P1,Reading - % Meeting Level,c
2024/25,Aberdeenshire,Port Elphinstone School,P1,Writing - % Meeting Level,c
2024/25,Aberdeenshire,Port Elphinstone School,"P1, P4 & P7 combined",Listening & Talking - % Meeting Level,90+%
2024/25,Aberdeenshire,Port Elphinstone School,"P1, P4 & P7 combined",Numeracy - % Meeting Level,70-80%
2024/25,Aberdeenshire,Port Elphinstone School,"P1, P4 & P7 combined",Reading - % Meeting Level,80-90%
2024/25,Aberdeenshire,Port Elphinstone School,"P1, P4 & P7 combined",Writing - % Meeting Level,80-90%
2024/25,Aberdeenshire,Port Elphinstone School,P4,Listening & Talking - % Meeting Level,c
2024/25,Aberdeenshire,Port Elphinstone School,P4,Numeracy - % Meeting Level,c
2024/25,Aberdeenshire,Port Elphinstone School,P4,Reading - % Meeting Level,c
2024/25,Aberdeenshire,Port Elphinstone School,P4,Writing - % Meeting Level,c
2024/25,Aberdeenshire,Port Elphinstone School,P7,Listening & Talking - % Meeting Level,c
2024/25,Aberdeenshire,Port Elphinstone School,P7,Numeracy - % Meeting Level,c
2024/25,Aberdeenshire,Port Elphinstone School,P7,Reading - % Meeting Level,c
2024/25,Aberdeenshire,Port Elphinstone School,P7,Writing - % Meeting Level,c
2024/25,Aberdeenshire,Port Erroll School,P1,Listening & Talking - % Meeting Level,50-60%
2024/25,Aberdeenshire,Port Erroll School,P1,Numeracy - % Meeting Level,50-60%
2024/25,Aberdeenshire,Port Erroll School,P1,Reading - % Meeting Level,20-30%
2024/25,Aberdeenshire,Port Erroll School,P1,Writing - % Meeting Level,30-40%
2024/25,Aberdeenshire,Port Erroll School,"P1, P4 & P7 combined",Listening & Talking - % Meeting Level,70-80%
2024/25,Aberdeenshire,Port Erroll School,"P1, P4 & P7 combined",Numeracy - % Meeting Level,70-80%
2024/25,Aberdeenshire,Port Erroll School,"P1, P4 & P7 combined",Reading - % Meeting Level,50-60%
2024/25,Aberdeenshire,Port Erroll School,"P1, P4 & P7 combined",Writing - % Meeting Level,50-60%
2024/25,Aberdeenshire,Port Erroll School,P4,Listening & Talking - % Meeting Level,c
2024/25,Aberdeenshire,Port Erroll School,P4,Numeracy - % Meeting Level,c
2024/25,Aberdeenshire,Port Erroll School,P4,Reading - % Meeting Level,c
2024/25,Aberdeenshire,Port Erroll School,P4,Writing - % Meeting Level,c
2024/25,Aberdeenshire,Port Erroll School,P7,Listening & Talking - % Meeting Level,c
2024/25,Aberdeenshire,Port Erroll School,P7,Numeracy - % Meeting Level,c
2024/25,Aberdeenshire,Port Erroll School,P7,Reading - % Meeting Level,c
2024/25,Aberdeenshire,Port Erroll School,P7,Writing - % Meeting Level,c
2024/25,Aberdeenshire,Portlethen Primary School,P1,Listening & Talking - % Meeting Level,70-80%
2024/25,Aberdeenshire,Portlethen Primary School,P1,Numeracy - % Meeting Level,80-90%
2024/25,Aberdeenshire,Portlethen Primary School,P1,Reading - % Meeting Level,60-70%
2024/25,Aberdeenshire,Portlethen Primary School,P1,Writing - % Meeting Level,50-60%
2024/25,Aberdeenshire,Portlethen Primary School,"P1, P4 & P7 combined",Listening & Talking - % Meeting Level,80-90%
2024/25,Aberdeenshire,Portlethen Primary School,"P1, P4 & P7 combined",Numeracy - % Meeting Level,60-70%
2024/25,Aberdeenshire,Portlethen Primary School,"P1, P4 & P7 combined",Reading - % Meeting Level,60-70%
2024/25,Aberdeenshire,Portlethen Primary School,"P1, P4 & P7 combined",Writing - % Meeting Level,50-60%
2024/25,Aberdeenshire,Portlethen Primary School,P4,Listening & Talking - % Meeting Level,90+%
2024/25,Aberdeenshire,Portlethen Primary School,P4,Numeracy - % Meeting Level,50-60%
2024/25,Aberdeenshire,Portlethen Primary School,P4,Reading - % Meeting Level,50-60%
2024/25,Aberdeenshire,Portlethen Primary School,P4,Writing - % Meeting Level,50-60%
2024/25,Aberdeenshire,Portlethen Primary School,P7,Listening & Talking - % Meeting Level,80-90%
2024/25,Aberdeenshire,Portlethen Primary School,P7,Numeracy - % Meeting Level,70-80%
2024/25,Aberdeenshire,Portlethen Primary School,P7,Reading - % Meeting Level,60-70%
2024/25,Aberdeenshire,Portlethen Primary School,P7,Writing - % Meeting Level,60-70%
2024/25,Aberdeenshire,Portsoy School,P1,Listening & Talking - % Meeting Level,c
2024/25,Aberdeenshire,Portsoy School,P1,Numeracy - % Meeting Level,c
2024/25,Aberdeenshire,Portsoy School,P1,Reading - % Meeting Level,c
2024/25,Aberdeenshire,Portsoy School,P1,Writing - % Meeting Level,c
2024/25,Aberdeenshire,Portsoy School,"P1, P4 & P7 combined",Listening & Talking - % Meeting Level,70-80%
2024/25,Aberdeenshire,Portsoy School,"P1, P4 & P7 combined",Numeracy - % Meeting Level,70-80%
2024/25,Aberdeenshire,Portsoy School,"P1, P4 & P7 combined",Reading - % Meeting Level,50-60%
2024/25,Aberdeenshire,Portsoy School,"P1, P4 & P7 combined",Writing - % Meeting Level,40-50%
2024/25,Aberdeenshire,Portsoy School,P4,Listening & Talking - % Meeting Level,c
2024/25,Aberdeenshire,Portsoy School,P4,Numeracy - % Meeting Level,c
2024/25,Aberdeenshire,Portsoy School,P4,Reading - % Meeting Level,c
2024/25,Aberdeenshire,Portsoy School,P4,Writing - % Meeting Level,c
2024/25,Aberdeenshire,Portsoy School,P7,Listening & Talking - % Meeting Level,c
2024/25,Aberdeenshire,Portsoy School,P7,Numeracy - % Meeting Level,c
2024/25,Aberdeenshire,Portsoy School,P7,Reading - % Meeting Level,c
2024/25,Aberdeenshire,Portsoy School,P7,Writing - % Meeting Level,c
2024/25,Aberdeenshire,Premnay School,P1,Listening & Talking - % Meeting Level,c
2024/25,Aberdeenshire,Premnay School,P1,Numeracy - % Meeting Level,c
2024/25,Aberdeenshire,Premnay School,P1,Reading - % Meeting Level,c
2024/25,Aberdeenshire,Premnay School,P1,Writing - % Meeting Level,c
2024/25,Aberdeenshire,Premnay School,"P1, P4 & P7 combined",Listening & Talking - % Meeting Level,c
2024/25,Aberdeenshire,Premnay School,"P1, P4 & P7 combined",Numeracy - % Meeting Level,c
2024/25,Aberdeenshire,Premnay School,"P1, P4 & P7 combined",Reading - % Meeting Level,c
2024/25,Aberdeenshire,Premnay School,"P1, P4 & P7 combined",Writing - % Meeting Level,c
2024/25,Aberdeenshire,Premnay School,P4,Listening & Talking - % Meeting Level,c
2024/25,Aberdeenshire,Premnay School,P4,Numeracy - % Meeting Level,c
2024/25,Aberdeenshire,Premnay School,P4,Reading - % Meeting Level,c
2024/25,Aberdeenshire,Premnay School,P4,Writing - % Meeting Level,c
2024/25,Aberdeenshire,Premnay School,P7,Listening & Talking - % Meeting Level,c
2024/25,Aberdeenshire,Premnay School,P7,Numeracy - % Meeting Level,c
2024/25,Aberdeenshire,Premnay School,P7,Reading - % Meeting Level,c
2024/25,Aberdeenshire,Premnay School,P7,Writing - % Meeting Level,c
2024/25,Aberdeenshire,Rathen School,P1,Listening & Talking - % Meeting Level,c
2024/25,Aberdeenshire,Rathen School,P1,Numeracy - % Meeting Level,c
2024/25,Aberdeenshire,Rathen School,P1,Reading - % Meeting Level,c
2024/25,Aberdeenshire,Rathen School,P1,Writing - % Meeting Level,c
2024/25,Aberdeenshire,Rathen School,"P1, P4 & P7 combined",Listening & Talking - % Meeting Level,90+%
2024/25,Aberdeenshire,Rathen School,"P1, P4 & P7 combined",Numeracy - % Meeting Level,80-90%
2024/25,Aberdeenshire,Rathen School,"P1, P4 & P7 combined",Reading - % Meeting Level,70-80%
2024/25,Aberdeenshire,Rathen School,"P1, P4 & P7 combined",Writing - % Meeting Level,70-80%
2024/25,Aberdeenshire,Rathen School,P4,Listening & Talking - % Meeting Level,c
2024/25,Aberdeenshire,Rathen School,P4,Numeracy - % Meeting Level,c
2024/25,Aberdeenshire,Rathen School,P4,Reading - % Meeting Level,c
2024/25,Aberdeenshire,Rathen School,P4,Writing - % Meeting Level,c
2024/25,Aberdeenshire,Rathen School,P7,Listening & Talking - % Meeting Level,c
2024/25,Aberdeenshire,Rathen School,P7,Numeracy - % Meeting Level,c
2024/25,Aberdeenshire,Rathen School,P7,Reading - % Meeting Level,c
2024/25,Aberdeenshire,Rathen School,P7,Writing - % Meeting Level,c
2024/25,Aberdeenshire,Rayne North School,P1,Listening & Talking - % Meeting Level,c
2024/25,Aberdeenshire,Rayne North School,P1,Numeracy - % Meeting Level,c
2024/25,Aberdeenshire,Rayne North School,P1,Reading - % Meeting Level,c
2024/25,Aberdeenshire,Rayne North School,P1,Writing - % Meeting Level,c
2024/25,Aberdeenshire,Rayne North School,"P1, P4 & P7 combined",Listening & Talking - % Meeting Level,80-90%
2024/25,Aberdeenshire,Rayne North School,"P1, P4 & P7 combined",Numeracy - % Meeting Level,70-80%
2024/25,Aberdeenshire,Rayne North School,"P1, P4 & P7 combined",Reading - % Meeting Level,70-80%
2024/25,Aberdeenshire,Rayne North School,"P1, P4 & P7 combined",Writing - % Meeting Level,60-70%
2024/25,Aberdeenshire,Rayne North School,P4,Listening & Talking - % Meeting Level,c
2024/25,Aberdeenshire,Rayne North School,P4,Numeracy - % Meeting Level,c
2024/25,Aberdeenshire,Rayne North School,P4,Reading - % Meeting Level,c
2024/25,Aberdeenshire,Rayne North School,P4,Writing - % Meeting Level,c
2024/25,Aberdeenshire,Rayne North School,P7,Listening & Talking - % Meeting Level,c
2024/25,Aberdeenshire,Rayne North School,P7,Numeracy - % Meeting Level,c
2024/25,Aberdeenshire,Rayne North School,P7,Reading - % Meeting Level,c
2024/25,Aberdeenshire,Rayne North School,P7,Writing - % Meeting Level,c
2024/25,Aberdeenshire,Redmyre School,P1,Listening & Talking - % Meeting Level,c
2024/25,Aberdeenshire,Redmyre School,P1,Numeracy - % Meeting Level,c
2024/25,Aberdeenshire,Redmyre School,P1,Reading - % Meeting Level,c
2024/25,Aberdeenshire,Redmyre School,P1,Writing - % Meeting Level,c
2024/25,Aberdeenshire,Redmyre School,"P1, P4 & P7 combined",Listening & Talking - % Meeting Level,c
2024/25,Aberdeenshire,Redmyre School,"P1, P4 & P7 combined",Numeracy - % Meeting Level,c
2024/25,Aberdeenshire,Redmyre School,"P1, P4 & P7 combined",Reading - % Meeting Level,c
2024/25,Aberdeenshire,Redmyre School,"P1, P4 & P7 combined",Writing - % Meeting Level,c
2024/25,Aberdeenshire,Redmyre School,P4,Listening & Talking - % Meeting Level,c
2024/25,Aberdeenshire,Redmyre School,P4,Numeracy - % Meeting Level,c
2024/25,Aberdeenshire,Redmyre School,P4,Reading - % Meeting Level,c
2024/25,Aberdeenshire,Redmyre School,P4,Writing - % Meeting Level,c
2024/25,Aberdeenshire,Redmyre School,P7,Listening & Talking - % Meeting Level,c
2024/25,Aberdeenshire,Redmyre School,P7,Numeracy - % Meeting Level,c
2024/25,Aberdeenshire,Redmyre School,P7,Reading - % Meeting Level,c
2024/25,Aberdeenshire,Redmyre School,P7,Writing - % Meeting Level,c
2024/25,Aberdeenshire,Rhynie School,P1,Listening & Talking - % Meeting Level,c
2024/25,Aberdeenshire,Rhynie School,P1,Numeracy - % Meeting Level,c
2024/25,Aberdeenshire,Rhynie School,P1,Reading - % Meeting Level,c
2024/25,Aberdeenshire,Rhynie School,P1,Writing - % Meeting Level,c
2024/25,Aberdeenshire,Rhynie School,"P1, P4 & P7 combined",Listening & Talking - % Meeting Level,90+%
2024/25,Aberdeenshire,Rhynie School,"P1, P4 & P7 combined",Numeracy - % Meeting Level,80-90%
2024/25,Aberdeenshire,Rhynie School,"P1, P4 & P7 combined",Reading - % Meeting Level,80-90%
2024/25,Aberdeenshire,Rhynie School,"P1, P4 & P7 combined",Writing - % Meeting Level,70-80%
2024/25,Aberdeenshire,Rhynie School,P4,Listening & Talking - % Meeting Level,c
2024/25,Aberdeenshire,Rhynie School,P4,Numeracy - % Meeting Level,c
2024/25,Aberdeenshire,Rhynie School,P4,Reading - % Meeting Level,c
2024/25,Aberdeenshire,Rhynie School,P4,Writing - % Meeting Level,c
2024/25,Aberdeenshire,Rhynie School,P7,Listening & Talking - % Meeting Level,c
2024/25,Aberdeenshire,Rhynie School,P7,Numeracy - % Meeting Level,c
2024/25,Aberdeenshire,Rhynie School,P7,Reading - % Meeting Level,c
2024/25,Aberdeenshire,Rhynie School,P7,Writing - % Meeting Level,c
2024/25,Aberdeenshire,Rosehearty School,P1,Listening & Talking - % Meeting Level,c
2024/25,Aberdeenshire,Rosehearty School,P1,Numeracy - % Meeting Level,c
2024/25,Aberdeenshire,Rosehearty School,P1,Reading - % Meeting Level,c
2024/25,Aberdeenshire,Rosehearty School,P1,Writing - % Meeting Level,c
2024/25,Aberdeenshire,Rosehearty School,"P1, P4 & P7 combined",Listening & Talking - % Meeting Level,80-90%
2024/25,Aberdeenshire,Rosehearty School,"P1, P4 & P7 combined",Numeracy - % Meeting Level,70-80%
2024/25,Aberdeenshire,Rosehearty School,"P1, P4 & P7 combined",Reading - % Meeting Level,60-70%
2024/25,Aberdeenshire,Rosehearty School,"P1, P4 & P7 combined",Writing - % Meeting Level,70-80%
2024/25,Aberdeenshire,Rosehearty School,P4,Listening & Talking - % Meeting Level,c
2024/25,Aberdeenshire,Rosehearty School,P4,Numeracy - % Meeting Level,c
2024/25,Aberdeenshire,Rosehearty School,P4,Reading - % Meeting Level,c
2024/25,Aberdeenshire,Rosehearty School,P4,Writing - % Meeting Level,c
2024/25,Aberdeenshire,Rosehearty School,P7,Listening & Talking - % Meeting Level,80-90%
2024/25,Aberdeenshire,Rosehearty School,P7,Numeracy - % Meeting Level,80-90%
2024/25,Aberdeenshire,Rosehearty School,P7,Reading - % Meeting Level,60-70%
2024/25,Aberdeenshire,Rosehearty School,P7,Writing - % Meeting Level,80-90%
2024/25,Aberdeenshire,Rothienorman School,P1,Listening & Talking - % Meeting Level,c
2024/25,Aberdeenshire,Rothienorman School,P1,Numeracy - % Meeting Level,c
2024/25,Aberdeenshire,Rothienorman School,P1,Reading - % Meeting Level,c
2024/25,Aberdeenshire,Rothienorman School,P1,Writing - % Meeting Level,c
2024/25,Aberdeenshire,Rothienorman School,"P1, P4 & P7 combined",Listening & Talking - % Meeting Level,90+%
2024/25,Aberdeenshire,Rothienorman School,"P1, P4 & P7 combined",Numeracy - % Meeting Level,90+%
2024/25,Aberdeenshire,Rothienorman School,"P1, P4 & P7 combined",Reading - % Meeting Level,90+%
2024/25,Aberdeenshire,Rothienorman School,"P1, P4 & P7 combined",Writing - % Meeting Level,80-90%
2024/25,Aberdeenshire,Rothienorman School,P4,Listening & Talking - % Meeting Level,c
2024/25,Aberdeenshire,Rothienorman School,P4,Numeracy - % Meeting Level,c
2024/25,Aberdeenshire,Rothienorman School,P4,Reading - % Meeting Level,c
2024/25,Aberdeenshire,Rothienorman School,P4,Writing - % Meeting Level,c
2024/25,Aberdeenshire,Rothienorman School,P7,Listening & Talking - % Meeting Level,c
2024/25,Aberdeenshire,Rothienorman School,P7,Numeracy - % Meeting Level,c
2024/25,Aberdeenshire,Rothienorman School,P7,Reading - % Meeting Level,c
2024/25,Aberdeenshire,Rothienorman School,P7,Writing - % Meeting Level,c
2024/25,Aberdeenshire,Sandhaven School,P1,Listening & Talking - % Meeting Level,c
2024/25,Aberdeenshire,Sandhaven School,P1,Numeracy - % Meeting Level,c
2024/25,Aberdeenshire,Sandhaven School,P1,Reading - % Meeting Level,c
2024/25,Aberdeenshire,Sandhaven School,P1,Writing - % Meeting Level,c
2024/25,Aberdeenshire,Sandhaven School,"P1, P4 & P7 combined",Listening & Talking - % Meeting Level,60-70%
2024/25,Aberdeenshire,Sandhaven School,"P1, P4 & P7 combined",Numeracy - % Meeting Level,60-70%
2024/25,Aberdeenshire,Sandhaven School,"P1, P4 & P7 combined",Reading - % Meeting Level,50-60%
2024/25,Aberdeenshire,Sandhaven School,"P1, P4 & P7 combined",Writing - % Meeting Level,50-60%
2024/25,Aberdeenshire,Sandhaven School,P4,Listening & Talking - % Meeting Level,c
2024/25,Aberdeenshire,Sandhaven School,P4,Numeracy - % Meeting Level,c
2024/25,Aberdeenshire,Sandhaven School,P4,Reading - % Meeting Level,c
2024/25,Aberdeenshire,Sandhaven School,P4,Writing - % Meeting Level,c
2024/25,Aberdeenshire,Sandhaven School,P7,Listening & Talking - % Meeting Level,c
2024/25,Aberdeenshire,Sandhaven School,P7,Numeracy - % Meeting Level,c
2024/25,Aberdeenshire,Sandhaven School,P7,Reading - % Meeting Level,c
2024/25,Aberdeenshire,Sandhaven School,P7,Writing - % Meeting Level,c
2024/25,Aberdeenshire,Skene School,P1,Listening & Talking - % Meeting Level,c
2024/25,Aberdeenshire,Skene School,P1,Numeracy - % Meeting Level,c
2024/25,Aberdeenshire,Skene School,P1,Reading - % Meeting Level,c
2024/25,Aberdeenshire,Skene School,P1,Writing - % Meeting Level,c
2024/25,Aberdeenshire,Skene School,"P1, P4 & P7 combined",Listening & Talking - % Meeting Level,c
2024/25,Aberdeenshire,Skene School,"P1, P4 & P7 combined",Numeracy - % Meeting Level,c
2024/25,Aberdeenshire,Skene School,"P1, P4 & P7 combined",Reading - % Meeting Level,c
2024/25,Aberdeenshire,Skene School,"P1, P4 & P7 combined",Writing - % Meeting Level,c
2024/25,Aberdeenshire,Skene School,P4,Listening & Talking - % Meeting Level,c
2024/25,Aberdeenshire,Skene School,P4,Numeracy - % Meeting Level,c
2024/25,Aberdeenshire,Skene School,P4,Reading - % Meeting Level,c
2024/25,Aberdeenshire,Skene School,P4,Writing - % Meeting Level,c
2024/25,Aberdeenshire,Skene School,P7,Listening & Talking - % Meeting Level,c
2024/25,Aberdeenshire,Skene School,P7,Numeracy - % Meeting Level,c
2024/25,Aberdeenshire,Skene School,P7,Reading - % Meeting Level,c
2024/25,Aberdeenshire,Skene School,P7,Writing - % Meeting Level,c
2024/25,Aberdeenshire,St Andrew's Primary School,P1,Listening & Talking - % Meeting Level,80-90%
2024/25,Aberdeenshire,St Andrew's Primary School,P1,Numeracy - % Meeting Level,80-90%
2024/25,Aberdeenshire,St Andrew's Primary School,P1,Reading - % Meeting Level,80-90%
2024/25,Aberdeenshire,St Andrew's Primary School,P1,Writing - % Meeting Level,70-80%
2024/25,Aberdeenshire,St Andrew's Primary School,"P1, P4 & P7 combined",Listening & Talking - % Meeting Level,80-90%
2024/25,Aberdeenshire,St Andrew's Primary School,"P1, P4 & P7 combined",Numeracy - % Meeting Level,80-90%
2024/25,Aberdeenshire,St Andrew's Primary School,"P1, P4 & P7 combined",Reading - % Meeting Level,70-80%
2024/25,Aberdeenshire,St Andrew's Primary School,"P1, P4 & P7 combined",Writing - % Meeting Level,70-80%
2024/25,Aberdeenshire,St Andrew's Primary School,P4,Listening & Talking - % Meeting Level,80-90%
2024/25,Aberdeenshire,St Andrew's Primary School,P4,Numeracy - % Meeting Level,70-80%
2024/25,Aberdeenshire,St Andrew's Primary School,P4,Reading - % Meeting Level,60-70%
2024/25,Aberdeenshire,St Andrew's Primary School,P4,Writing - % Meeting Level,60-70%
2024/25,Aberdeenshire,St Andrew's Primary School,P7,Listening & Talking - % Meeting Level,90+%
2024/25,Aberdeenshire,St Andrew's Primary School,P7,Numeracy - % Meeting Level,80-90%
2024/25,Aberdeenshire,St Andrew's Primary School,P7,Reading - % Meeting Level,80-90%
2024/25,Aberdeenshire,St Andrew's Primary School,P7,Writing - % Meeting Level,80-90%
2024/25,Aberdeenshire,St Combs School,P1,Listening & Talking - % Meeting Level,c
2024/25,Aberdeenshire,St Combs School,P1,Numeracy - % Meeting Level,c
2024/25,Aberdeenshire,St Combs School,P1,Reading - % Meeting Level,c
2024/25,Aberdeenshire,St Combs School,P1,Writing - % Meeting Level,c
2024/25,Aberdeenshire,St Combs School,"P1, P4 & P7 combined",Listening & Talking - % Meeting Level,90+%
2024/25,Aberdeenshire,St Combs School,"P1, P4 & P7 combined",Numeracy - % Meeting Level,80-90%
2024/25,Aberdeenshire,St Combs School,"P1, P4 & P7 combined",Reading - % Meeting Level,80-90%
2024/25,Aberdeenshire,St Combs School,"P1, P4 & P7 combined",Writing - % Meeting Level,80-90%
2024/25,Aberdeenshire,St Combs School,P4,Listening & Talking - % Meeting Level,c
2024/25,Aberdeenshire,St Combs School,P4,Numeracy - % Meeting Level,c
2024/25,Aberdeenshire,St Combs School,P4,Reading - % Meeting Level,c
2024/25,Aberdeenshire,St Combs School,P4,Writing - % Meeting Level,c
2024/25,Aberdeenshire,St Combs School,P7,Listening & Talking - % Meeting Level,c
2024/25,Aberdeenshire,St Combs School,P7,Numeracy - % Meeting Level,c
2024/25,Aberdeenshire,St Combs School,P7,Reading - % Meeting Level,c
2024/25,Aberdeenshire,St Combs School,P7,Writing - % Meeting Level,c
2024/25,Aberdeenshire,St Cyrus School,P1,Listening & Talking - % Meeting Level,c
2024/25,Aberdeenshire,St Cyrus School,P1,Numeracy - % Meeting Level,c
2024/25,Aberdeenshire,St Cyrus School,P1,Reading - % Meeting Level,c
2024/25,Aberdeenshire,St Cyrus School,P1,Writing - % Meeting Level,c
2024/25,Aberdeenshire,St Cyrus School,"P1, P4 & P7 combined",Listening & Talking - % Meeting Level,80-90%
2024/25,Aberdeenshire,St Cyrus School,"P1, P4 & P7 combined",Numeracy - % Meeting Level,70-80%
2024/25,Aberdeenshire,St Cyrus School,"P1, P4 & P7 combined",Reading - % Meeting Level,80-90%
2024/25,Aberdeenshire,St Cyrus School,"P1, P4 & P7 combined",Writing - % Meeting Level,70-80%
2024/25,Aberdeenshire,St Cyrus School,P4,Listening & Talking - % Meeting Level,70-80%
2024/25,Aberdeenshire,St Cyrus School,P4,Numeracy - % Meeting Level,70-80%
2024/25,Aberdeenshire,St Cyrus School,P4,Reading - % Meeting Level,70-80%
2024/25,Aberdeenshire,St Cyrus School,P4,Writing - % Meeting Level,50-60%
2024/25,Aberdeenshire,St Cyrus School,P7,Listening & Talking - % Meeting Level,90+%
2024/25,Aberdeenshire,St Cyrus School,P7,Numeracy - % Meeting Level,80-90%
2024/25,Aberdeenshire,St Cyrus School,P7,Reading - % Meeting Level,80-90%
2024/25,Aberdeenshire,St Cyrus School,P7,Writing - % Meeting Level,80-90%
2024/25,Aberdeenshire,St Fergus School,P1,Listening & Talking - % Meeting Level,c
2024/25,Aberdeenshire,St Fergus School,P1,Numeracy - % Meeting Level,c
2024/25,Aberdeenshire,St Fergus School,P1,Reading - % Meeting Level,c
2024/25,Aberdeenshire,St Fergus School,P1,Writing - % Meeting Level,c
2024/25,Aberdeenshire,St Fergus School,"P1, P4 & P7 combined",Listening & Talking - % Meeting Level,90+%
2024/25,Aberdeenshire,St Fergus School,"P1, P4 & P7 combined",Numeracy - % Meeting Level,70-80%
2024/25,Aberdeenshire,St Fergus School,"P1, P4 & P7 combined",Reading - % Meeting Level,70-80%
2024/25,Aberdeenshire,St Fergus School,"P1, P4 & P7 combined",Writing - % Meeting Level,60-70%
2024/25,Aberdeenshire,St Fergus School,P4,Listening & Talking - % Meeting Level,c
2024/25,Aberdeenshire,St Fergus School,P4,Numeracy - % Meeting Level,c
2024/25,Aberdeenshire,St Fergus School,P4,Reading - % Meeting Level,c
2024/25,Aberdeenshire,St Fergus School,P4,Writing - % Meeting Level,c
2024/25,Aberdeenshire,St Fergus School,P7,Listening & Talking - % Meeting Level,c
2024/25,Aberdeenshire,St Fergus School,P7,Numeracy - % Meeting Level,c
2024/25,Aberdeenshire,St Fergus School,P7,Reading - % Meeting Level,c
2024/25,Aberdeenshire,St Fergus School,P7,Writing - % Meeting Level,c
2024/25,Aberdeenshire,Strathburn School,P1,Listening & Talking - % Meeting Level,90+%
2024/25,Aberdeenshire,Strathburn School,P1,Numeracy - % Meeting Level,90+%
2024/25,Aberdeenshire,Strathburn School,P1,Reading - % Meeting Level,90+%
2024/25,Aberdeenshire,Strathburn School,P1,Writing - % Meeting Level,90+%
2024/25,Aberdeenshire,Strathburn School,"P1, P4 & P7 combined",Listening & Talking - % Meeting Level,90+%
2024/25,Aberdeenshire,Strathburn School,"P1, P4 & P7 combined",Numeracy - % Meeting Level,80-90%
2024/25,Aberdeenshire,Strathburn School,"P1, P4 & P7 combined",Reading - % Meeting Level,80-90%
2024/25,Aberdeenshire,Strathburn School,"P1, P4 & P7 combined",Writing - % Meeting Level,80-90%
2024/25,Aberdeenshire,Strathburn School,P4,Listening & Talking - % Meeting Level,80-90%
2024/25,Aberdeenshire,Strathburn School,P4,Numeracy - % Meeting Level,80-90%
2024/25,Aberdeenshire,Strathburn School,P4,Reading - % Meeting Level,70-80%
2024/25,Aberdeenshire,Strathburn School,P4,Writing - % Meeting Level,70-80%
2024/25,Aberdeenshire,Strathburn School,P7,Listening & Talking - % Meeting Level,80-90%
2024/25,Aberdeenshire,Strathburn School,P7,Numeracy - % Meeting Level,80-90%
2024/25,Aberdeenshire,Strathburn School,P7,Reading - % Meeting Level,80-90%
2024/25,Aberdeenshire,Strathburn School,P7,Writing - % Meeting Level,70-80%
2024/25,Aberdeenshire,Strathdon School,P1,Listening & Talking - % Meeting Level,c
2024/25,Aberdeenshire,Strathdon School,P1,Numeracy - % Meeting Level,c
2024/25,Aberdeenshire,Strathdon School,P1,Reading - % Meeting Level,c
2024/25,Aberdeenshire,Strathdon School,P1,Writing - % Meeting Level,c
2024/25,Aberdeenshire,Strathdon School,"P1, P4 & P7 combined",Listening & Talking - % Meeting Level,c
2024/25,Aberdeenshire,Strathdon School,"P1, P4 & P7 combined",Numeracy - % Meeting Level,c
2024/25,Aberdeenshire,Strathdon School,"P1, P4 & P7 combined",Reading - % Meeting Level,c
2024/25,Aberdeenshire,Strathdon School,"P1, P4 & P7 combined",Writing - % Meeting Level,c
2024/25,Aberdeenshire,Strathdon School,P4,Listening & Talking - % Meeting Level,c
2024/25,Aberdeenshire,Strathdon School,P4,Numeracy - % Meeting Level,c
2024/25,Aberdeenshire,Strathdon School,P4,Reading - % Meeting Level,c
2024/25,Aberdeenshire,Strathdon School,P4,Writing - % Meeting Level,c
2024/25,Aberdeenshire,Strichen School,P1,Listening & Talking - % Meeting Level,c
2024/25,Aberdeenshire,Strichen School,P1,Numeracy - % Meeting Level,c
2024/25,Aberdeenshire,Strichen School,P1,Reading - % Meeting Level,c
2024/25,Aberdeenshire,Strichen School,P1,Writing - % Meeting Level,c
2024/25,Aberdeenshire,Strichen School,"P1, P4 & P7 combined",Listening & Talking - % Meeting Level,80-90%
2024/25,Aberdeenshire,Strichen School,"P1, P4 & P7 combined",Numeracy - % Meeting Level,70-80%
2024/25,Aberdeenshire,Strichen School,"P1, P4 & P7 combined",Reading - % Meeting Level,70-80%
2024/25,Aberdeenshire,Strichen School,"P1, P4 & P7 combined",Writing - % Meeting Level,70-80%
2024/25,Aberdeenshire,Strichen School,P4,Listening & Talking - % Meeting Level,c
2024/25,Aberdeenshire,Strichen School,P4,Numeracy - % Meeting Level,c
2024/25,Aberdeenshire,Strichen School,P4,Reading - % Meeting Level,c
2024/25,Aberdeenshire,Strichen School,P4,Writing - % Meeting Level,c
2024/25,Aberdeenshire,Strichen School,P7,Listening & Talking - % Meeting Level,c
2024/25,Aberdeenshire,Strichen School,P7,Numeracy - % Meeting Level,c
2024/25,Aberdeenshire,Strichen School,P7,Reading - % Meeting Level,c
2024/25,Aberdeenshire,Strichen School,P7,Writing - % Meeting Level,c
2024/25,Aberdeenshire,Stuartfield School,P1,Listening & Talking - % Meeting Level,70-80%
2024/25,Aberdeenshire,Stuartfield School,P1,Numeracy - % Meeting Level,90+%
2024/25,Aberdeenshire,Stuartfield School,P1,Reading - % Meeting Level,90+%
2024/25,Aberdeenshire,Stuartfield School,P1,Writing - % Meeting Level,90+%
2024/25,Aberdeenshire,Stuartfield School,"P1, P4 & P7 combined",Listening & Talking - % Meeting Level,90+%
2024/25,Aberdeenshire,Stuartfield School,"P1, P4 & P7 combined",Numeracy - % Meeting Level,80-90%
2024/25,Aberdeenshire,Stuartfield School,"P1, P4 & P7 combined",Reading - % Meeting Level,80-90%
2024/25,Aberdeenshire,Stuartfield School,"P1, P4 & P7 combined",Writing - % Meeting Level,80-90%
2024/25,Aberdeenshire,Stuartfield School,P4,Listening & Talking - % Meeting Level,c
2024/25,Aberdeenshire,Stuartfield School,P4,Numeracy - % Meeting Level,c
2024/25,Aberdeenshire,Stuartfield School,P4,Reading - % Meeting Level,c
2024/25,Aberdeenshire,Stuartfield School,P4,Writing - % Meeting Level,c
2024/25,Aberdeenshire,Stuartfield School,P7,Listening & Talking - % Meeting Level,90+%
2024/25,Aberdeenshire,Stuartfield School,P7,Numeracy - % Meeting Level,80-90%
2024/25,Aberdeenshire,Stuartfield School,P7,Reading - % Meeting Level,80-90%
2024/25,Aberdeenshire,Stuartfield School,P7,Writing - % Meeting Level,80-90%
2024/25,Aberdeenshire,Tarland School,P1,Listening & Talking - % Meeting Level,c
2024/25,Aberdeenshire,Tarland School,P1,Numeracy - % Meeting Level,c
2024/25,Aberdeenshire,Tarland School,P1,Reading - % Meeting Level,c
2024/25,Aberdeenshire,Tarland School,P1,Writing - % Meeting Level,c
2024/25,Aberdeenshire,Tarland School,"P1, P4 & P7 combined",Listening & Talking - % Meeting Level,90+%
2024/25,Aberdeenshire,Tarland School,"P1, P4 & P7 combined",Numeracy - % Meeting Level,90+%
2024/25,Aberdeenshire,Tarland School,"P1, P4 & P7 combined",Reading - % Meeting Level,80-90%
2024/25,Aberdeenshire,Tarland School,"P1, P4 & P7 combined",Writing - % Meeting Level,80-90%
2024/25,Aberdeenshire,Tarland School,P4,Listening & Talking - % Meeting Level,c
2024/25,Aberdeenshire,Tarland School,P4,Numeracy - % Meeting Level,c
2024/25,Aberdeenshire,Tarland School,P4,Reading - % Meeting Level,c
2024/25,Aberdeenshire,Tarland School,P4,Writing - % Meeting Level,c
2024/25,Aberdeenshire,Tarland School,P7,Listening & Talking - % Meeting Level,c
2024/25,Aberdeenshire,Tarland School,P7,Numeracy - % Meeting Level,c
2024/25,Aberdeenshire,Tarland School,P7,Reading - % Meeting Level,c
2024/25,Aberdeenshire,Tarland School,P7,Writing - % Meeting Level,c
2024/25,Aberdeenshire,Tarves School,P1,Listening & Talking - % Meeting Level,90+%
2024/25,Aberdeenshire,Tarves School,P1,Numeracy - % Meeting Level,90+%
2024/25,Aberdeenshire,Tarves School,P1,Reading - % Meeting Level,80-90%
2024/25,Aberdeenshire,Tarves School,P1,Writing - % Meeting Level,70-80%
2024/25,Aberdeenshire,Tarves School,"P1, P4 & P7 combined",Listening & Talking - % Meeting Level,80-90%
2024/25,Aberdeenshire,Tarves School,"P1, P4 & P7 combined",Numeracy - % Meeting Level,80-90%
2024/25,Aberdeenshire,Tarves School,"P1, P4 & P7 combined",Reading - % Meeting Level,80-90%
2024/25,Aberdeenshire,Tarves School,"P1, P4 & P7 combined",Writing - % Meeting Level,70-80%
2024/25,Aberdeenshire,Tarves School,P4,Listening & Talking - % Meeting Level,80-90%
2024/25,Aberdeenshire,Tarves School,P4,Numeracy - % Meeting Level,80-90%
2024/25,Aberdeenshire,Tarves School,P4,Reading - % Meeting Level,80-90%
2024/25,Aberdeenshire,Tarves School,P4,Writing - % Meeting Level,80-90%
2024/25,Aberdeenshire,Tarves School,P7,Listening & Talking - % Meeting Level,80-90%
2024/25,Aberdeenshire,Tarves School,P7,Numeracy - % Meeting Level,80-90%
2024/25,Aberdeenshire,Tarves School,P7,Reading - % Meeting Level,80-90%
2024/25,Aberdeenshire,Tarves School,P7,Writing - % Meeting Level,60-70%
2024/25,Aberdeenshire,Torphins School,P1,Listening & Talking - % Meeting Level,c
2024/25,Aberdeenshire,Torphins School,P1,Numeracy - % Meeting Level,c
2024/25,Aberdeenshire,Torphins School,P1,Reading - % Meeting Level,c
2024/25,Aberdeenshire,Torphins School,P1,Writing - % Meeting Level,c
2024/25,Aberdeenshire,Torphins School,"P1, P4 & P7 combined",Listening & Talking - % Meeting Level,90+%
2024/25,Aberdeenshire,Torphins School,"P1, P4 & P7 combined",Numeracy - % Meeting Level,80-90%
2024/25,Aberdeenshire,Torphins School,"P1, P4 & P7 combined",Reading - % Meeting Level,80-90%
2024/25,Aberdeenshire,Torphins School,"P1, P4 & P7 combined",Writing - % Meeting Level,70-80%
2024/25,Aberdeenshire,Torphins School,P4,Listening & Talking - % Meeting Level,80-90%
2024/25,Aberdeenshire,Torphins School,P4,Numeracy - % Meeting Level,70-80%
2024/25,Aberdeenshire,Torphins School,P4,Reading - % Meeting Level,80-90%
2024/25,Aberdeenshire,Torphins School,P4,Writing - % Meeting Level,70-80%
2024/25,Aberdeenshire,Torphins School,P7,Listening & Talking - % Meeting Level,90+%
2024/25,Aberdeenshire,Torphins School,P7,Numeracy - % Meeting Level,90+%
2024/25,Aberdeenshire,Torphins School,P7,Reading - % Meeting Level,90+%
2024/25,Aberdeenshire,Torphins School,P7,Writing - % Meeting Level,70-80%
2024/25,Aberdeenshire,Tough School,P1,Listening & Talking - % Meeting Level,c
2024/25,Aberdeenshire,Tough School,P1,Numeracy - % Meeting Level,c
2024/25,Aberdeenshire,Tough School,P1,Reading - % Meeting Level,c
2024/25,Aberdeenshire,Tough School,P1,Writing - % Meeting Level,c
2024/25,Aberdeenshire,Tough School,"P1, P4 & P7 combined",Listening & Talking - % Meeting Level,c
2024/25,Aberdeenshire,Tough School,"P1, P4 & P7 combined",Numeracy - % Meeting Level,c
2024/25,Aberdeenshire,Tough School,"P1, P4 & P7 combined",Reading - % Meeting Level,c
2024/25,Aberdeenshire,Tough School,"P1, P4 & P7 combined",Writing - % Meeting Level,c
2024/25,Aberdeenshire,Tough School,P4,Listening & Talking - % Meeting Level,c
2024/25,Aberdeenshire,Tough School,P4,Numeracy - % Meeting Level,c
2024/25,Aberdeenshire,Tough School,P4,Reading - % Meeting Level,c
2024/25,Aberdeenshire,Tough School,P4,Writing - % Meeting Level,c
2024/25,Aberdeenshire,Tough School,P7,Listening & Talking - % Meeting Level,c
2024/25,Aberdeenshire,Tough School,P7,Numeracy - % Meeting Level,c
2024/25,Aberdeenshire,Tough School,P7,Reading - % Meeting Level,c
2024/25,Aberdeenshire,Tough School,P7,Writing - % Meeting Level,c
2024/25,Aberdeenshire,Towie School,P1,Listening & Talking - % Meeting Level,c
2024/25,Aberdeenshire,Towie School,P1,Numeracy - % Meeting Level,c
2024/25,Aberdeenshire,Towie School,P1,Reading - % Meeting Level,c
2024/25,Aberdeenshire,Towie School,P1,Writing - % Meeting Level,c
2024/25,Aberdeenshire,Towie School,"P1, P4 & P7 combined",Listening & Talking - % Meeting Level,c
2024/25,Aberdeenshire,Towie School,"P1, P4 & P7 combined",Numeracy - % Meeting Level,c
2024/25,Aberdeenshire,Towie School,"P1, P4 & P7 combined",Reading - % Meeting Level,c
2024/25,Aberdeenshire,Towie School,"P1, P4 & P7 combined",Writing - % Meeting Level,c
2024/25,Aberdeenshire,Towie School,P4,Listening & Talking - % Meeting Level,c
2024/25,Aberdeenshire,Towie School,P4,Numeracy - % Meeting Level,c
2024/25,Aberdeenshire,Towie School,P4,Reading - % Meeting Level,c
2024/25,Aberdeenshire,Towie School,P4,Writing - % Meeting Level,c
2024/25,Aberdeenshire,Towie School,P7,Listening & Talking - % Meeting Level,c
2024/25,Aberdeenshire,Towie School,P7,Numeracy - % Meeting Level,c
2024/25,Aberdeenshire,Towie School,P7,Reading - % Meeting Level,c
2024/25,Aberdeenshire,Towie School,P7,Writing - % Meeting Level,c
2024/25,Aberdeenshire,Turriff Primary School,P1,Listening & Talking - % Meeting Level,80-90%
2024/25,Aberdeenshire,Turriff Primary School,P1,Numeracy - % Meeting Level,70-80%
2024/25,Aberdeenshire,Turriff Primary School,P1,Reading - % Meeting Level,60-70%
2024/25,Aberdeenshire,Turriff Primary School,P1,Writing - % Meeting Level,60-70%
2024/25,Aberdeenshire,Turriff Primary School,"P1, P4 & P7 combined",Listening & Talking - % Meeting Level,70-80%
2024/25,Aberdeenshire,Turriff Primary School,"P1, P4 & P7 combined",Numeracy - % Meeting Level,60-70%
2024/25,Aberdeenshire,Turriff Primary School,"P1, P4 & P7 combined",Reading - % Meeting Level,60-70%
2024/25,Aberdeenshire,Turriff Primary School,"P1, P4 & P7 combined",Writing - % Meeting Level,60-70%
2024/25,Aberdeenshire,Turriff Primary School,P4,Listening & Talking - % Meeting Level,80-90%
2024/25,Aberdeenshire,Turriff Primary School,P4,Numeracy - % Meeting Level,70-80%
2024/25,Aberdeenshire,Turriff Primary School,P4,Reading - % Meeting Level,60-70%
2024/25,Aberdeenshire,Turriff Primary School,P4,Writing - % Meeting Level,60-70%
2024/25,Aberdeenshire,Turriff Primary School,P7,Listening & Talking - % Meeting Level,50-60%
2024/25,Aberdeenshire,Turriff Primary School,P7,Numeracy - % Meeting Level,50-60%
2024/25,Aberdeenshire,Turriff Primary School,P7,Reading - % Meeting Level,50-60%
2024/25,Aberdeenshire,Turriff Primary School,P7,Writing - % Meeting Level,50-60%
2024/25,Aberdeenshire,Tyrie School,P1,Listening & Talking - % Meeting Level,c
2024/25,Aberdeenshire,Tyrie School,P1,Numeracy - % Meeting Level,c
2024/25,Aberdeenshire,Tyrie School,P1,Reading - % Meeting Level,c
2024/25,Aberdeenshire,Tyrie School,P1,Writing - % Meeting Level,c
2024/25,Aberdeenshire,Tyrie School,"P1, P4 & P7 combined",Listening & Talking - % Meeting Level,c
2024/25,Aberdeenshire,Tyrie School,"P1, P4 & P7 combined",Numeracy - % Meeting Level,c
2024/25,Aberdeenshire,Tyrie School,"P1, P4 & P7 combined",Reading - % Meeting Level,c
2024/25,Aberdeenshire,Tyrie School,"P1, P4 & P7 combined",Writing - % Meeting Level,c
2024/25,Aberdeenshire,Tyrie School,P4,Listening & Talking - % Meeting Level,c
2024/25,Aberdeenshire,Tyrie School,P4,Numeracy - % Meeting Level,c
2024/25,Aberdeenshire,Tyrie School,P4,Reading - % Meeting Level,c
2024/25,Aberdeenshire,Tyrie School,P4,Writing - % Meeting Level,c
2024/25,Aberdeenshire,Tyrie School,P7,Listening & Talking - % Meeting Level,c
2024/25,Aberdeenshire,Tyrie School,P7,Numeracy - % Meeting Level,c
2024/25,Aberdeenshire,Tyrie School,P7,Reading - % Meeting Level,c
2024/25,Aberdeenshire,Tyrie School,P7,Writing - % Meeting Level,c
2024/25,Aberdeenshire,Udny Green School,P1,Listening & Talking - % Meeting Level,c
2024/25,Aberdeenshire,Udny Green School,P1,Numeracy - % Meeting Level,c
2024/25,Aberdeenshire,Udny Green School,P1,Reading - % Meeting Level,c
2024/25,Aberdeenshire,Udny Green School,P1,Writing - % Meeting Level,c
2024/25,Aberdeenshire,Udny Green School,"P1, P4 & P7 combined",Listening & Talking - % Meeting Level,c
2024/25,Aberdeenshire,Udny Green School,"P1, P4 & P7 combined",Numeracy - % Meeting Level,c
2024/25,Aberdeenshire,Udny Green School,"P1, P4 & P7 combined",Reading - % Meeting Level,c
2024/25,Aberdeenshire,Udny Green School,"P1, P4 & P7 combined",Writing - % Meeting Level,c
2024/25,Aberdeenshire,Udny Green School,P4,Listening & Talking - % Meeting Level,c
2024/25,Aberdeenshire,Udny Green School,P4,Numeracy - % Meeting Level,c
2024/25,Aberdeenshire,Udny Green School,P4,Reading - % Meeting Level,c
2024/25,Aberdeenshire,Udny Green School,P4,Writing - % Meeting Level,c
2024/25,Aberdeenshire,Udny Green School,P7,Listening & Talking - % Meeting Level,c
2024/25,Aberdeenshire,Udny Green School,P7,Numeracy - % Meeting Level,c
2024/25,Aberdeenshire,Udny Green School,P7,Reading - % Meeting Level,c
2024/25,Aberdeenshire,Udny Green School,P7,Writing - % Meeting Level,c
2024/25,Aberdeenshire,Uryside School,P1,Listening & Talking - % Meeting Level,80-90%
2024/25,Aberdeenshire,Uryside School,P1,Numeracy - % Meeting Level,70-80%
2024/25,Aberdeenshire,Uryside School,P1,Reading - % Meeting Level,80-90%
2024/25,Aberdeenshire,Uryside School,P1,Writing - % Meeting Level,70-80%
2024/25,Aberdeenshire,Uryside School,"P1, P4 & P7 combined",Listening & Talking - % Meeting Level,80-90%
2024/25,Aberdeenshire,Uryside School,"P1, P4 & P7 combined",Numeracy - % Meeting Level,70-80%
2024/25,Aberdeenshire,Uryside School,"P1, P4 & P7 combined",Reading - % Meeting Level,70-80%
2024/25,Aberdeenshire,Uryside School,"P1, P4 & P7 combined",Writing - % Meeting Level,70-80%
2024/25,Aberdeenshire,Uryside School,P4,Listening & Talking - % Meeting Level,80-90%
2024/25,Aberdeenshire,Uryside School,P4,Numeracy - % Meeting Level,70-80%
2024/25,Aberdeenshire,Uryside School,P4,Reading - % Meeting Level,60-70%
2024/25,Aberdeenshire,Uryside School,P4,Writing - % Meeting Level,60-70%
2024/25,Aberdeenshire,Uryside School,P7,Listening & Talking - % Meeting Level,80-90%
2024/25,Aberdeenshire,Uryside School,P7,Numeracy - % Meeting Level,60-70%
2024/25,Aberdeenshire,Uryside School,P7,Reading - % Meeting Level,60-70%
2024/25,Aberdeenshire,Uryside School,P7,Writing - % Meeting Level,70-80%
2024/25,Aberdeenshire,Westhill Primary School,P1,Listening & Talking - % Meeting Level,80-90%
2024/25,Aberdeenshire,Westhill Primary School,P1,Numeracy - % Meeting Level,70-80%
2024/25,Aberdeenshire,Westhill Primary School,P1,Reading - % Meeting Level,70-80%
2024/25,Aberdeenshire,Westhill Primary School,P1,Writing - % Meeting Level,70-80%
2024/25,Aberdeenshire,Westhill Primary School,"P1, P4 & P7 combined",Listening & Talking - % Meeting Level,80-90%
2024/25,Aberdeenshire,Westhill Primary School,"P1, P4 & P7 combined",Numeracy - % Meeting Level,80-90%
2024/25,Aberdeenshire,Westhill Primary School,"P1, P4 & P7 combined",Reading - % Meeting Level,80-90%
2024/25,Aberdeenshire,Westhill Primary School,"P1, P4 & P7 combined",Writing - % Meeting Level,80-90%
2024/25,Aberdeenshire,Westhill Primary School,P4,Listening & Talking - % Meeting Level,70-80%
2024/25,Aberdeenshire,Westhill Primary School,P4,Numeracy - % Meeting Level,80-90%
2024/25,Aberdeenshire,Westhill Primary School,P4,Reading - % Meeting Level,90+%
2024/25,Aberdeenshire,Westhill Primary School,P4,Writing - % Meeting Level,70-80%
2024/25,Aberdeenshire,Westhill Primary School,P7,Listening & Talking - % Meeting Level,90+%
2024/25,Aberdeenshire,Westhill Primary School,P7,Numeracy - % Meeting Level,80-90%
2024/25,Aberdeenshire,Westhill Primary School,P7,Reading - % Meeting Level,90+%
2024/25,Aberdeenshire,Westhill Primary School,P7,Writing - % Meeting Level,90+%
2024/25,Aberdeenshire,Whitehills School,P1,Listening & Talking - % Meeting Level,70-80%
2024/25,Aberdeenshire,Whitehills School,P1,Numeracy - % Meeting Level,60-70%
2024/25,Aberdeenshire,Whitehills School,P1,Reading - % Meeting Level,60-70%
2024/25,Aberdeenshire,Whitehills School,P1,Writing - % Meeting Level,60-70%
2024/25,Aberdeenshire,Whitehills School,"P1, P4 & P7 combined",Listening & Talking - % Meeting Level,70-80%
2024/25,Aberdeenshire,Whitehills School,"P1, P4 & P7 combined",Numeracy - % Meeting Level,60-70%
2024/25,Aberdeenshire,Whitehills School,"P1, P4 & P7 combined",Reading - % Meeting Level,70-80%
2024/25,Aberdeenshire,Whitehills School,"P1, P4 & P7 combined",Writing - % Meeting Level,60-70%
2024/25,Aberdeenshire,Whitehills School,P4,Listening & Talking - % Meeting Level,c
2024/25,Aberdeenshire,Whitehills School,P4,Numeracy - % Meeting Level,c
2024/25,Aberdeenshire,Whitehills School,P4,Reading - % Meeting Level,c
2024/25,Aberdeenshire,Whitehills School,P4,Writing - % Meeting Level,c
2024/25,Aberdeenshire,Whitehills School,P7,Listening & Talking - % Meeting Level,c
2024/25,Aberdeenshire,Whitehills School,P7,Numeracy - % Meeting Level,c
2024/25,Aberdeenshire,Whitehills School,P7,Reading - % Meeting Level,c
2024/25,Aberdeenshire,Whitehills School,P7,Writing - % Meeting Level,c
