year,la_name,school_name,stage,measure,value_label
2024/25,Scotland,All publicly funded schools,P1,Listening & Talking - % Meeting Level,86.5%
2024/25,Scotland,All publicly funded schools,P1,Numeracy - % Meeting Level,84.6%
2024/25,Scotland,All publicly funded schools,P1,Reading - % Meeting Level,80.6%
2024/25,Scotland,All publicly funded schools,P1,Writing - % Meeting Level,78.7%
2024/25,Scotland,All publicly funded schools,"P1, P4 & P7 combined",Listening & Talking - % Meeting Level,87.5%
2024/25,Scotland,All publicly funded schools,"P1, P4 & P7 combined",Numeracy - % Meeting Level,80.3%
2024/25,Scotland,All publicly funded schools,"P1, P4 & P7 combined",Reading - % Meeting Level,80.6%
2024/25,Scotland,All publicly funded schools,"P1, P4 & P7 combined",Writing - % Meeting Level,76.5%
2024/25,Scotland,All publicly funded schools,P4,Listening & Talking - % Meeting Level,87.4%
2024/25,Scotland,All publicly funded schools,P4,Numeracy - % Meeting Level,77.9%
2024/25,Scotland,All publicly funded schools,P4,Reading - % Meeting Level,79.1%
2024/25,Scotland,All publicly funded schools,P4,Writing - % Meeting Level,74.2%
2024/25,Scotland,All publicly funded schools,P7,Listening & Talking - % Meeting Level,88.5%
2024/25,Scotland,All publicly funded schools,P7,Numeracy - % Meeting Level,78.9%
2024/25,Scotland,All publicly funded schools,P7,Reading - % Meeting Level,82%
2024/25,Scotland,All publicly funded schools,P7,Writing - % Meeting Level,76.9%
2024/25,Glasgow City,All publicly funded schools,P1,Listening & Talking - % Meeting Level,79.9%
2024/25,Glasgow City,All publicly funded schools,P1,Numeracy - % Meeting Level,77.9%
2024/25,Glasgow City,All publicly funded schools,P1,Reading - % Meeting Level,72.4%
2024/25,Glasgow City,All publicly funded schools,P1,Writing - % Meeting Level,70.6%
2024/25,Glasgow City,All publicly funded schools,"P1, P4 & P7 combined",Listening & Talking - % Meeting Level,82.7%
2024/25,Glasgow City,All publicly funded schools,"P1, P4 & P7 combined",Numeracy - % Meeting Level,75.3%
2024/25,Glasgow City,All publicly funded schools,"P1, P4 & P7 combined",Reading - % Meeting Level,74.6%
2024/25,Glasgow City,All publicly funded schools,"P1, P4 & P7 combined",Writing - % Meeting Level,70.2%
2024/25,Glasgow City,All publicly funded schools,P4,Listening & Talking - % Meeting Level,82.6%
2024/25,Glasgow City,All publicly funded schools,P4,Numeracy - % Meeting Level,73.2%
2024/25,Glasgow City,All publicly funded schools,P4,Reading - % Meeting Level,73.8%
2024/25,Glasgow City,All publicly funded schools,P4,Writing - % Meeting Level,68.2%
2024/25,Glasgow City,All publicly funded schools,P7,Listening & Talking - % Meeting Level,85.3%
2024/25,Glasgow City,All publicly funded schools,P7,Numeracy - % Meeting Level,75%
2024/25,Glasgow City,All publicly funded schools,P7,Reading - % Meeting Level,77.2%
2024/25,Glasgow City,All publicly funded schools,P7,Writing - % Meeting Level,71.9%
2024/25,Glasgow City,Alexandra Parade Primary School,P1,Listening & Talking - % Meeting Level,70-80%
2024/25,Glasgow City,Alexandra Parade Primary School,P1,Numeracy - % Meeting Level,70-80%
2024/25,Glasgow City,Alexandra Parade Primary School,P1,Reading - % Meeting Level,50-60%
2024/25,Glasgow City,Alexandra Parade Primary School,P1,Writing - % Meeting Level,50-60%
2024/25,Glasgow City,Alexandra Parade Primary School,"P1, P4 & P7 combined",Listening & Talking - % Meeting Level,70-80%
2024/25,Glasgow City,Alexandra Parade Primary School,"P1, P4 & P7 combined",Numeracy - % Meeting Level,60-70%
2024/25,Glasgow City,Alexandra Parade Primary School,"P1, P4 & P7 combined",Reading - % Meeting Level,60-70%
2024/25,Glasgow City,Alexandra Parade Primary School,"P1, P4 & P7 combined",Writing - % Meeting Level,50-60%
2024/25,Glasgow City,Alexandra Parade Primary School,P4,Listening & Talking - % Meeting Level,70-80%
2024/25,Glasgow City,Alexandra Parade Primary School,P4,Numeracy - % Meeting Level,60-70%
2024/25,Glasgow City,Alexandra Parade Primary School,P4,Reading - % Meeting Level,60-70%
2024/25,Glasgow City,Alexandra Parade Primary School,P4,Writing - % Meeting Level,50-60%
2024/25,Glasgow City,Alexandra Parade Primary School,P7,Listening & Talking - % Meeting Level,70-80%
2024/25,Glasgow City,Alexandra Parade Primary School,P7,Numeracy - % Meeting Level,60-70%
2024/25,Glasgow City,Alexandra Parade Primary School,P7,Reading - % Meeting Level,80-90%
2024/25,Glasgow City,Alexandra Parade Primary School,P7,Writing - % Meeting Level,60-70%
2024/25,Glasgow City,Anderston Primary School,P1,Listening & Talking - % Meeting Level,70-80%
2024/25,Glasgow City,Anderston Primary School,P1,Numeracy - % Meeting Level,70-80%
2024/25,Glasgow City,Anderston Primary School,P1,Reading - % Meeting Level,70-80%
2024/25,Glasgow City,Anderston Primary School,P1,Writing - % Meeting Level,70-80%
2024/25,Glasgow City,Anderston Primary School,"P1, P4 & P7 combined",Listening & Talking - % Meeting Level,80-90%
2024/25,Glasgow City,Anderston Primary School,"P1, P4 & P7 combined",Numeracy - % Meeting Level,70-80%
2024/25,Glasgow City,Anderston Primary School,"P1, P4 & P7 combined",Reading - % Meeting Level,70-80%
2024/25,Glasgow City,Anderston Primary School,"P1, P4 & P7 combined",Writing - % Meeting Level,70-80%
2024/25,Glasgow City,Anderston Primary School,P4,Listening & Talking - % Meeting Level,80-90%
2024/25,Glasgow City,Anderston Primary School,P4,Numeracy - % Meeting Level,80-90%
2024/25,Glasgow City,Anderston Primary School,P4,Reading - % Meeting Level,80-90%
2024/25,Glasgow City,Anderston Primary School,P4,Writing - % Meeting Level,80-90%
2024/25,Glasgow City,Anderston Primary School,P7,Listening & Talking - % Meeting Level,80-90%
2024/25,Glasgow City,Anderston Primary School,P7,Numeracy - % Meeting Level,70-80%
2024/25,Glasgow City,Anderston Primary School,P7,Reading - % Meeting Level,60-70%
2024/25,Glasgow City,Anderston Primary School,P7,Writing - % Meeting Level,60-70%
2024/25,Glasgow City,Annette Street Primary School,P1,Listening & Talking - % Meeting Level,60-70%
2024/25,Glasgow City,Annette Street Primary School,P1,Numeracy - % Meeting Level,30-40%
2024/25,Glasgow City,Annette Street Primary School,P1,Reading - % Meeting Level,30-40%
2024/25,Glasgow City,Annette Street Primary School,P1,Writing - % Meeting Level,30-40%
2024/25,Glasgow City,Annette Street Primary School,"P1, P4 & P7 combined",Listening & Talking - % Meeting Level,60-70%
2024/25,Glasgow City,Annette Street Primary School,"P1, P4 & P7 combined",Numeracy - % Meeting Level,20-30%
2024/25,Glasgow City,Annette Street Primary School,"P1, P4 & P7 combined",Reading - % Meeting Level,30-40%
2024/25,Glasgow City,Annette Street Primary School,"P1, P4 & P7 combined",Writing - % Meeting Level,30-40%
2024/25,Glasgow City,Annette Street Primary School,P4,Listening & Talking - % Meeting Level,80-90%
2024/25,Glasgow City,Annette Street Primary School,P4,Numeracy - % Meeting Level,10-20%
2024/25,Glasgow City,Annette Street Primary School,P4,Reading - % Meeting Level,40-50%
2024/25,Glasgow City,Annette Street Primary School,P4,Writing - % Meeting Level,40-50%
2024/25,Glasgow City,Annette Street Primary School,P7,Listening & Talking - % Meeting Level,60-70%
2024/25,Glasgow City,Annette Street Primary School,P7,Numeracy - % Meeting Level,30-40%
2024/25,Glasgow City,Annette Street Primary School,P7,Reading - % Meeting Level,20-30%
2024/25,Glasgow City,Annette Street Primary School,P7,Writing - % Meeting Level,20-30%
2024/25,Glasgow City,Antonine Primary School,P1,Listening & Talking - % Meeting Level,80-90%
2024/25,Glasgow City,Antonine Primary School,P1,Numeracy - % Meeting Level,70-80%
2024/25,Glasgow City,Antonine Primary School,P1,Reading - % Meeting Level,70-80%
2024/25,Glasgow City,Antonine Primary School,P1,Writing - % Meeting Level,60-70%
2024/25,Glasgow City,Antonine Primary School,"P1, P4 & P7 combined",Listening & Talking - % Meeting Level,80-90%
2024/25,Glasgow City,Antonine Primary School,"P1, P4 & P7 combined",Numeracy - % Meeting Level,70-80%
2024/25,Glasgow City,Antonine Primary School,"P1, P4 & P7 combined",Reading - % Meeting Level,70-80%
2024/25,Glasgow City,Antonine Primary School,"P1, P4 & P7 combined",Writing - % Meeting Level,70-80%
2024/25,Glasgow City,Antonine Primary School,P4,Listening & Talking - % Meeting Level,90+%
2024/25,Glasgow City,Antonine Primary School,P4,Numeracy - % Meeting Level,60-70%
2024/25,Glasgow City,Antonine Primary School,P4,Reading - % Meeting Level,70-80%
2024/25,Glasgow City,Antonine Primary School,P4,Writing - % Meeting Level,70-80%
2024/25,Glasgow City,Antonine Primary School,P7,Listening & Talking - % Meeting Level,90+%
2024/25,Glasgow City,Antonine Primary School,P7,Numeracy - % Meeting Level,80-90%
2024/25,Glasgow City,Antonine Primary School,P7,Reading - % Meeting Level,80-90%
2024/25,Glasgow City,Antonine Primary School,P7,Writing - % Meeting Level,70-80%
2024/25,Glasgow City,Ashpark Primary School,P1,Listening & Talking - % Meeting Level,80-90%
2024/25,Glasgow City,Ashpark Primary School,P1,Numeracy - % Meeting Level,80-90%
2024/25,Glasgow City,Ashpark Primary School,P1,Reading - % Meeting Level,70-80%
2024/25,Glasgow City,Ashpark Primary School,P1,Writing - % Meeting Level,70-80%
2024/25,Glasgow City,Ashpark Primary School,"P1, P4 & P7 combined",Listening & Talking - % Meeting Level,80-90%
2024/25,Glasgow City,Ashpark Primary School,"P1, P4 & P7 combined",Numeracy - % Meeting Level,70-80%
2024/25,Glasgow City,Ashpark Primary School,"P1, P4 & P7 combined",Reading - % Meeting Level,70-80%
2024/25,Glasgow City,Ashpark Primary School,"P1, P4 & P7 combined",Writing - % Meeting Level,70-80%
2024/25,Glasgow City,Ashpark Primary School,P4,Listening & Talking - % Meeting Level,80-90%
2024/25,Glasgow City,Ashpark Primary School,P4,Numeracy - % Meeting Level,60-70%
2024/25,Glasgow City,Ashpark Primary School,P4,Reading - % Meeting Level,70-80%
2024/25,Glasgow City,Ashpark Primary School,P4,Writing - % Meeting Level,60-70%
2024/25,Glasgow City,Ashpark Primary School,P7,Listening & Talking - % Meeting Level,80-90%
2024/25,Glasgow City,Ashpark Primary School,P7,Numeracy - % Meeting Level,70-80%
2024/25,Glasgow City,Ashpark Primary School,P7,Reading - % Meeting Level,70-80%
2024/25,Glasgow City,Ashpark Primary School,P7,Writing - % Meeting Level,70-80%
2024/25,Glasgow City,Aultmore Park Primary School,P1,Listening & Talking - % Meeting Level,60-70%
2024/25,Glasgow City,Aultmore Park Primary School,P1,Numeracy - % Meeting Level,60-70%
2024/25,Glasgow City,Aultmore Park Primary School,P1,Reading - % Meeting Level,60-70%
2024/25,Glasgow City,Aultmore Park Primary School,P1,Writing - % Meeting Level,60-70%
2024/25,Glasgow City,Aultmore Park Primary School,"P1, P4 & P7 combined",Listening & Talking - % Meeting Level,70-80%
2024/25,Glasgow City,Aultmore Park Primary School,"P1, P4 & P7 combined",Numeracy - % Meeting Level,50-60%
2024/25,Glasgow City,Aultmore Park Primary School,"P1, P4 & P7 combined",Reading - % Meeting Level,60-70%
2024/25,Glasgow City,Aultmore Park Primary School,"P1, P4 & P7 combined",Writing - % Meeting Level,60-70%
2024/25,Glasgow City,Aultmore Park Primary School,P4,Listening & Talking - % Meeting Level,80-90%
2024/25,Glasgow City,Aultmore Park Primary School,P4,Numeracy - % Meeting Level,50-60%
2024/25,Glasgow City,Aultmore Park Primary School,P4,Reading - % Meeting Level,60-70%
2024/25,Glasgow City,Aultmore Park Primary School,P4,Writing - % Meeting Level,60-70%
2024/25,Glasgow City,Aultmore Park Primary School,P7,Listening & Talking - % Meeting Level,70-80%
2024/25,Glasgow City,Aultmore Park Primary School,P7,Numeracy - % Meeting Level,60-70%
2024/25,Glasgow City,Aultmore Park Primary School,P7,Reading - % Meeting Level,60-70%
2024/25,Glasgow City,Aultmore Park Primary School,P7,Writing - % Meeting Level,60-70%
2024/25,Glasgow City,Avenue End Primary School,P1,Listening & Talking - % Meeting Level,70-80%
2024/25,Glasgow City,Avenue End Primary School,P1,Numeracy - % Meeting Level,70-80%
2024/25,Glasgow City,Avenue End Primary School,P1,Reading - % Meeting Level,70-80%
2024/25,Glasgow City,Avenue End Primary School,P1,Writing - % Meeting Level,70-80%
2024/25,Glasgow City,Avenue End Primary School,"P1, P4 & P7 combined",Listening & Talking - % Meeting Level,80-90%
2024/25,Glasgow City,Avenue End Primary School,"P1, P4 & P7 combined",Numeracy - % Meeting Level,70-80%
2024/25,Glasgow City,Avenue End Primary School,"P1, P4 & P7 combined",Reading - % Meeting Level,60-70%
2024/25,Glasgow City,Avenue End Primary School,"P1, P4 & P7 combined",Writing - % Meeting Level,60-70%
2024/25,Glasgow City,Avenue End Primary School,P4,Listening & Talking - % Meeting Level,80-90%
2024/25,Glasgow City,Avenue End Primary School,P4,Numeracy - % Meeting Level,70-80%
2024/25,Glasgow City,Avenue End Primary School,P4,Reading - % Meeting Level,60-70%
2024/25,Glasgow City,Avenue End Primary School,P4,Writing - % Meeting Level,60-70%
2024/25,Glasgow City,Avenue End Primary School,P7,Listening & Talking - % Meeting Level,80-90%
2024/25,Glasgow City,Avenue End Primary School,P7,Numeracy - % Meeting Level,60-70%
2024/25,Glasgow City,Avenue End Primary School,P7,Reading - % Meeting Level,60-70%
2024/25,Glasgow City,Avenue End Primary School,P7,Writing - % Meeting Level,50-60%
2024/25,Glasgow City,Balornock Primary School,P1,Listening & Talking - % Meeting Level,80-90%
2024/25,Glasgow City,Balornock Primary School,P1,Numeracy - % Meeting Level,80-90%
2024/25,Glasgow City,Balornock Primary School,P1,Reading - % Meeting Level,70-80%
2024/25,Glasgow City,Balornock Primary School,P1,Writing - % Meeting Level,70-80%
2024/25,Glasgow City,Balornock Primary School,"P1, P4 & P7 combined",Listening & Talking - % Meeting Level,80-90%
2024/25,Glasgow City,Balornock Primary School,"P1, P4 & P7 combined",Numeracy - % Meeting Level,70-80%
2024/25,Glasgow City,Balornock Primary School,"P1, P4 & P7 combined",Reading - % Meeting Level,70-80%
2024/25,Glasgow City,Balornock Primary School,"P1, P4 & P7 combined",Writing - % Meeting Level,70-80%
2024/25,Glasgow City,Balornock Primary School,P4,Listening & Talking - % Meeting Level,80-90%
2024/25,Glasgow City,Balornock Primary School,P4,Numeracy - % Meeting Level,70-80%
2024/25,Glasgow City,Balornock Primary School,P4,Reading - % Meeting Level,70-80%
2024/25,Glasgow City,Balornock Primary School,P4,Writing - % Meeting Level,70-80%
2024/25,Glasgow City,Balornock Primary School,P7,Listening & Talking - % Meeting Level,80-90%
2024/25,Glasgow City,Balornock Primary School,P7,Numeracy - % Meeting Level,70-80%
2024/25,Glasgow City,Balornock Primary School,P7,Reading - % Meeting Level,70-80%
2024/25,Glasgow City,Balornock Primary School,P7,Writing - % Meeting Level,60-70%
2024/25,Glasgow City,Bankhead Primary School,P1,Listening & Talking - % Meeting Level,60-70%
2024/25,Glasgow City,Bankhead Primary School,P1,Numeracy - % Meeting Level,60-70%
2024/25,Glasgow City,Bankhead Primary School,P1,Reading - % Meeting Level,50-60%
2024/25,Glasgow City,Bankhead Primary School,P1,Writing - % Meeting Level,50-60%
2024/25,Glasgow City,Bankhead Primary School,"P1, P4 & P7 combined",Listening & Talking - % Meeting Level,70-80%
2024/25,Glasgow City,Bankhead Primary School,"P1, P4 & P7 combined",Numeracy - % Meeting Level,60-70%
2024/25,Glasgow City,Bankhead Primary School,"P1, P4 & P7 combined",Reading - % Meeting Level,60-70%
2024/25,Glasgow City,Bankhead Primary School,"P1, P4 & P7 combined",Writing - % Meeting Level,50-60%
2024/25,Glasgow City,Bankhead Primary School,P4,Listening & Talking - % Meeting Level,70-80%
2024/25,Glasgow City,Bankhead Primary School,P4,Numeracy - % Meeting Level,50-60%
2024/25,Glasgow City,Bankhead Primary School,P4,Reading - % Meeting Level,60-70%
2024/25,Glasgow City,Bankhead Primary School,P4,Writing - % Meeting Level,50-60%
2024/25,Glasgow City,Bankhead Primary School,P7,Listening & Talking - % Meeting Level,70-80%
2024/25,Glasgow City,Bankhead Primary School,P7,Numeracy - % Meeting Level,60-70%
2024/25,Glasgow City,Bankhead Primary School,P7,Reading - % Meeting Level,60-70%
2024/25,Glasgow City,Bankhead Primary School,P7,Writing - % Meeting Level,40-50%
2024/25,Glasgow City,Barmulloch Primary School,P1,Listening & Talking - % Meeting Level,c
2024/25,Glasgow City,Barmulloch Primary School,P1,Numeracy - % Meeting Level,c
2024/25,Glasgow City,Barmulloch Primary School,P1,Reading - % Meeting Level,c
2024/25,Glasgow City,Barmulloch Primary School,P1,Writing - % Meeting Level,c
2024/25,Glasgow City,Barmulloch Primary School,"P1, P4 & P7 combined",Listening & Talking - % Meeting Level,60-70%
2024/25,Glasgow City,Barmulloch Primary School,"P1, P4 & P7 combined",Numeracy - % Meeting Level,40-50%
2024/25,Glasgow City,Barmulloch Primary School,"P1, P4 & P7 combined",Reading - % Meeting Level,50-60%
2024/25,Glasgow City,Barmulloch Primary School,"P1, P4 & P7 combined",Writing - % Meeting Level,50-60%
2024/25,Glasgow City,Barmulloch Primary School,P4,Listening & Talking - % Meeting Level,c
2024/25,Glasgow City,Barmulloch Primary School,P4,Numeracy - % Meeting Level,c
2024/25,Glasgow City,Barmulloch Primary School,P4,Reading - % Meeting Level,c
2024/25,Glasgow City,Barmulloch Primary School,P4,Writing - % Meeting Level,c
2024/25,Glasgow City,Barmulloch Primary School,P7,Listening & Talking - % Meeting Level,c
2024/25,Glasgow City,Barmulloch Primary School,P7,Numeracy - % Meeting Level,c
2024/25,Glasgow City,Barmulloch Primary School,P7,Reading - % Meeting Level,c
2024/25,Glasgow City,Barmulloch Primary School,P7,Writing - % Meeting Level,c
2024/25,Glasgow City,Battlefield Primary School,P1,Listening & Talking - % Meeting Level,80-90%
2024/25,Glasgow City,Battlefield Primary School,P1,Numeracy - % Meeting Level,80-90%
2024/25,Glasgow City,Battlefield Primary School,P1,Reading - % Meeting Level,80-90%
2024/25,Glasgow City,Battlefield Primary School,P1,Writing - % Meeting Level,80-90%
2024/25,Glasgow City,Battlefield Primary School,"P1, P4 & P7 combined",Listening & Talking - % Meeting Level,80-90%
2024/25,Glasgow City,Battlefield Primary School,"P1, P4 & P7 combined",Numeracy - % Meeting Level,80-90%
2024/25,Glasgow City,Battlefield Primary School,"P1, P4 & P7 combined",Reading - % Meeting Level,80-90%
2024/25,Glasgow City,Battlefield Primary School,"P1, P4 & P7 combined",Writing - % Meeting Level,80-90%
2024/25,Glasgow City,Battlefield Primary School,P4,Listening & Talking - % Meeting Level,90+%
2024/25,Glasgow City,Battlefield Primary School,P4,Numeracy - % Meeting Level,80-90%
2024/25,Glasgow City,Battlefield Primary School,P4,Reading - % Meeting Level,80-90%
2024/25,Glasgow City,Battlefield Primary School,P4,Writing - % Meeting Level,80-90%
2024/25,Glasgow City,Battlefield Primary School,P7,Listening & Talking - % Meeting Level,80-90%
2024/25,Glasgow City,Battlefield Primary School,P7,Numeracy - % Meeting Level,80-90%
2024/25,Glasgow City,Battlefield Primary School,P7,Reading - % Meeting Level,80-90%
2024/25,Glasgow City,Battlefield Primary School,P7,Writing - % Meeting Level,80-90%
2024/25,Glasgow City,Blackfriars Primary School,P1,Listening & Talking - % Meeting Level,70-80%
2024/25,Glasgow City,Blackfriars Primary School,P1,Numeracy - % Meeting Level,60-70%
2024/25,Glasgow City,Blackfriars Primary School,P1,Reading - % Meeting Level,70-80%
2024/25,Glasgow City,Blackfriars Primary School,P1,Writing - % Meeting Level,60-70%
2024/25,Glasgow City,Blackfriars Primary School,"P1, P4 & P7 combined",Listening & Talking - % Meeting Level,80-90%
2024/25,Glasgow City,Blackfriars Primary School,"P1, P4 & P7 combined",Numeracy - % Meeting Level,70-80%
2024/25,Glasgow City,Blackfriars Primary School,"P1, P4 & P7 combined",Reading - % Meeting Level,70-80%
2024/25,Glasgow City,Blackfriars Primary School,"P1, P4 & P7 combined",Writing - % Meeting Level,60-70%
2024/25,Glasgow City,Blackfriars Primary School,P4,Listening & Talking - % Meeting Level,80-90%
2024/25,Glasgow City,Blackfriars Primary School,P4,Numeracy - % Meeting Level,70-80%
2024/25,Glasgow City,Blackfriars Primary School,P4,Reading - % Meeting Level,70-80%
2024/25,Glasgow City,Blackfriars Primary School,P4,Writing - % Meeting Level,50-60%
2024/25,Glasgow City,Blackfriars Primary School,P7,Listening & Talking - % Meeting Level,90+%
2024/25,Glasgow City,Blackfriars Primary School,P7,Numeracy - % Meeting Level,70-80%
2024/25,Glasgow City,Blackfriars Primary School,P7,Reading - % Meeting Level,80-90%
2024/25,Glasgow City,Blackfriars Primary School,P7,Writing - % Meeting Level,70-80%
2024/25,Glasgow City,Blairdardie Primary School,P1,Listening & Talking - % Meeting Level,70-80%
2024/25,Glasgow City,Blairdardie Primary School,P1,Numeracy - % Meeting Level,80-90%
2024/25,Glasgow City,Blairdardie Primary School,P1,Reading - % Meeting Level,70-80%
2024/25,Glasgow City,Blairdardie Primary School,P1,Writing - % Meeting Level,60-70%
2024/25,Glasgow City,Blairdardie Primary School,"P1, P4 & P7 combined",Listening & Talking - % Meeting Level,80-90%
2024/25,Glasgow City,Blairdardie Primary School,"P1, P4 & P7 combined",Numeracy - % Meeting Level,80-90%
2024/25,Glasgow City,Blairdardie Primary School,"P1, P4 & P7 combined",Reading - % Meeting Level,70-80%
2024/25,Glasgow City,Blairdardie Primary School,"P1, P4 & P7 combined",Writing - % Meeting Level,70-80%
2024/25,Glasgow City,Blairdardie Primary School,P4,Listening & Talking - % Meeting Level,90+%
2024/25,Glasgow City,Blairdardie Primary School,P4,Numeracy - % Meeting Level,80-90%
2024/25,Glasgow City,Blairdardie Primary School,P4,Reading - % Meeting Level,70-80%
2024/25,Glasgow City,Blairdardie Primary School,P4,Writing - % Meeting Level,70-80%
2024/25,Glasgow City,Blairdardie Primary School,P7,Listening & Talking - % Meeting Level,90+%
2024/25,Glasgow City,Blairdardie Primary School,P7,Numeracy - % Meeting Level,70-80%
2024/25,Glasgow City,Blairdardie Primary School,P7,Reading - % Meeting Level,80-90%
2024/25,Glasgow City,Blairdardie Primary School,P7,Writing - % Meeting Level,70-80%
2024/25,Glasgow City,Broomhill Primary School,P1,Listening & Talking - % Meeting Level,90+%
2024/25,Glasgow City,Broomhill Primary School,P1,Numeracy - % Meeting Level,90+%
2024/25,Glasgow City,Broomhill Primary School,P1,Reading - % Meeting Level,90+%
2024/25,Glasgow City,Broomhill Primary School,P1,Writing - % Meeting Level,90+%
2024/25,Glasgow City,Broomhill Primary School,"P1, P4 & P7 combined",Listening & Talking - % Meeting Level,90+%
2024/25,Glasgow City,Broomhill Primary School,"P1, P4 & P7 combined",Numeracy - % Meeting Level,90+%
2024/25,Glasgow City,Broomhill Primary School,"P1, P4 & P7 combined",Reading - % Meeting Level,90+%
2024/25,Glasgow City,Broomhill Primary School,"P1, P4 & P7 combined",Writing - % Meeting Level,80-90%
2024/25,Glasgow City,Broomhill Primary School,P4,Listening & Talking - % Meeting Level,90+%
2024/25,Glasgow City,Broomhill Primary School,P4,Numeracy - % Meeting Level,90+%
2024/25,Glasgow City,Broomhill Primary School,P4,Reading - % Meeting Level,90+%
2024/25,Glasgow City,Broomhill Primary School,P4,Writing - % Meeting Level,70-80%
2024/25,Glasgow City,Broomhill Primary School,P7,Listening & Talking - % Meeting Level,90+%
2024/25,Glasgow City,Broomhill Primary School,P7,Numeracy - % Meeting Level,80-90%
2024/25,Glasgow City,Broomhill Primary School,P7,Reading - % Meeting Level,80-90%
2024/25,Glasgow City,Broomhill Primary School,P7,Writing - % Meeting Level,80-90%
2024/25,Glasgow City,Bun-sgòil Ghàidhlig a Challtainn - Calton Gaelic School,P1,Listening & Talking - % Meeting Level,c
2024/25,Glasgow City,Bun-sgòil Ghàidhlig a Challtainn - Calton Gaelic School,P1,Numeracy - % Meeting Level,c
2024/25,Glasgow City,Bun-sgòil Ghàidhlig a Challtainn - Calton Gaelic School,P1,Reading - % Meeting Level,c
2024/25,Glasgow City,Bun-sgòil Ghàidhlig a Challtainn - Calton Gaelic School,P1,Writing - % Meeting Level,c
2024/25,Glasgow City,Bun-sgòil Ghàidhlig a Challtainn - Calton Gaelic School,"P1, P4 & P7 combined",Listening & Talking - % Meeting Level,c
2024/25,Glasgow City,Bun-sgòil Ghàidhlig a Challtainn - Calton Gaelic School,"P1, P4 & P7 combined",Numeracy - % Meeting Level,c
2024/25,Glasgow City,Bun-sgòil Ghàidhlig a Challtainn - Calton Gaelic School,"P1, P4 & P7 combined",Reading - % Meeting Level,c
2024/25,Glasgow City,Bun-sgòil Ghàidhlig a Challtainn - Calton Gaelic School,"P1, P4 & P7 combined",Writing - % Meeting Level,c
2024/25,Glasgow City,Bun-sgòil Ghàidhlig a Challtainn - Calton Gaelic School,P4,Listening & Talking - % Meeting Level,c
2024/25,Glasgow City,Bun-sgòil Ghàidhlig a Challtainn - Calton Gaelic School,P4,Numeracy - % Meeting Level,c
2024/25,Glasgow City,Bun-sgòil Ghàidhlig a Challtainn - Calton Gaelic School,P4,Reading - % Meeting Level,c
2024/25,Glasgow City,Bun-sgòil Ghàidhlig a Challtainn - Calton Gaelic School,P4,Writing - % Meeting Level,c
2024/25,Glasgow City,Bun-sgòil Ghàidhlig a Challtainn - Calton Gaelic School,P7,Listening & Talking - % Meeting Level,c
2024/25,Glasgow City,Bun-sgòil Ghàidhlig a Challtainn - Calton Gaelic School,P7,Numeracy - % Meeting Level,c
2024/25,Glasgow City,Bun-sgòil Ghàidhlig a Challtainn - Calton Gaelic School,P7,Reading - % Meeting Level,c
2024/25,Glasgow City,Bun-sgòil Ghàidhlig a Challtainn - Calton Gaelic School,P7,Writing - % Meeting Level,c
2024/25,Glasgow City,Cadder Primary School,P1,Listening & Talking - % Meeting Level,c
2024/25,Glasgow City,Cadder Primary School,P1,Numeracy - % Meeting Level,c
2024/25,Glasgow City,Cadder Primary School,P1,Reading - % Meeting Level,c
2024/25,Glasgow City,Cadder Primary School,P1,Writing - % Meeting Level,c
2024/25,Glasgow City,Cadder Primary School,"P1, P4 & P7 combined",Listening & Talking - % Meeting Level,80-90%
2024/25,Glasgow City,Cadder Primary School,"P1, P4 & P7 combined",Numeracy - % Meeting Level,60-70%
2024/25,Glasgow City,Cadder Primary School,"P1, P4 & P7 combined",Reading - % Meeting Level,60-70%
2024/25,Glasgow City,Cadder Primary School,"P1, P4 & P7 combined",Writing - % Meeting Level,60-70%
2024/25,Glasgow City,Cadder Primary School,P4,Listening & Talking - % Meeting Level,80-90%
2024/25,Glasgow City,Cadder Primary School,P4,Numeracy - % Meeting Level,60-70%
2024/25,Glasgow City,Cadder Primary School,P4,Reading - % Meeting Level,70-80%
2024/25,Glasgow City,Cadder Primary School,P4,Writing - % Meeting Level,60-70%
2024/25,Glasgow City,Cadder Primary School,P7,Listening & Talking - % Meeting Level,80-90%
2024/25,Glasgow City,Cadder Primary School,P7,Numeracy - % Meeting Level,50-60%
2024/25,Glasgow City,Cadder Primary School,P7,Reading - % Meeting Level,50-60%
2024/25,Glasgow City,Cadder Primary School,P7,Writing - % Meeting Level,50-60%
2024/25,Glasgow City,Caldercuilt Primary School,P1,Listening & Talking - % Meeting Level,c
2024/25,Glasgow City,Caldercuilt Primary School,P1,Numeracy - % Meeting Level,c
2024/25,Glasgow City,Caldercuilt Primary School,P1,Reading - % Meeting Level,c
2024/25,Glasgow City,Caldercuilt Primary School,P1,Writing - % Meeting Level,c
2024/25,Glasgow City,Caldercuilt Primary School,"P1, P4 & P7 combined",Listening & Talking - % Meeting Level,80-90%
2024/25,Glasgow City,Caldercuilt Primary School,"P1, P4 & P7 combined",Numeracy - % Meeting Level,60-70%
2024/25,Glasgow City,Caldercuilt Primary School,"P1, P4 & P7 combined",Reading - % Meeting Level,80-90%
2024/25,Glasgow City,Caldercuilt Primary School,"P1, P4 & P7 combined",Writing - % Meeting Level,70-80%
2024/25,Glasgow City,Caldercuilt Primary School,P4,Listening & Talking - % Meeting Level,70-80%
2024/25,Glasgow City,Caldercuilt Primary School,P4,Numeracy - % Meeting Level,50-60%
2024/25,Glasgow City,Caldercuilt Primary School,P4,Reading - % Meeting Level,70-80%
2024/25,Glasgow City,Caldercuilt Primary School,P4,Writing - % Meeting Level,50-60%
2024/25,Glasgow City,Caldercuilt Primary School,P7,Listening & Talking - % Meeting Level,c
2024/25,Glasgow City,Caldercuilt Primary School,P7,Numeracy - % Meeting Level,c
2024/25,Glasgow City,Caldercuilt Primary School,P7,Reading - % Meeting Level,c
2024/25,Glasgow City,Caldercuilt Primary School,P7,Writing - % Meeting Level,c
2024/25,Glasgow City,Caledonia Primary School,P1,Listening & Talking - % Meeting Level,70-80%
2024/25,Glasgow City,Caledonia Primary School,P1,Numeracy - % Meeting Level,60-70%
2024/25,Glasgow City,Caledonia Primary School,P1,Reading - % Meeting Level,50-60%
2024/25,Glasgow City,Caledonia Primary School,P1,Writing - % Meeting Level,50-60%
2024/25,Glasgow City,Caledonia Primary School,"P1, P4 & P7 combined",Listening & Talking - % Meeting Level,70-80%
2024/25,Glasgow City,Caledonia Primary School,"P1, P4 & P7 combined",Numeracy - % Meeting Level,70-80%
2024/25,Glasgow City,Caledonia Primary School,"P1, P4 & P7 combined",Reading - % Meeting Level,60-70%
2024/25,Glasgow City,Caledonia Primary School,"P1, P4 & P7 combined",Writing - % Meeting Level,60-70%
2024/25,Glasgow City,Caledonia Primary School,P4,Listening & Talking - % Meeting Level,80-90%
2024/25,Glasgow City,Caledonia Primary School,P4,Numeracy - % Meeting Level,80-90%
2024/25,Glasgow City,Caledonia Primary School,P4,Reading - % Meeting Level,80-90%
2024/25,Glasgow City,Caledonia Primary School,P4,Writing - % Meeting Level,70-80%
2024/25,Glasgow City,Caledonia Primary School,P7,Listening & Talking - % Meeting Level,70-80%
2024/25,Glasgow City,Caledonia Primary School,P7,Numeracy - % Meeting Level,60-70%
2024/25,Glasgow City,Caledonia Primary School,P7,Reading - % Meeting Level,60-70%
2024/25,Glasgow City,Caledonia Primary School,P7,Writing - % Meeting Level,60-70%
2024/25,Glasgow City,Camstradden Primary School,P1,Listening & Talking - % Meeting Level,50-60%
2024/25,Glasgow City,Camstradden Primary School,P1,Numeracy - % Meeting Level,60-70%
2024/25,Glasgow City,Camstradden Primary School,P1,Reading - % Meeting Level,40-50%
2024/25,Glasgow City,Camstradden Primary School,P1,Writing - % Meeting Level,40-50%
2024/25,Glasgow City,Camstradden Primary School,"P1, P4 & P7 combined",Listening & Talking - % Meeting Level,60-70%
2024/25,Glasgow City,Camstradden Primary School,"P1, P4 & P7 combined",Numeracy - % Meeting Level,50-60%
2024/25,Glasgow City,Camstradden Primary School,"P1, P4 & P7 combined",Reading - % Meeting Level,40-50%
2024/25,Glasgow City,Camstradden Primary School,"P1, P4 & P7 combined",Writing - % Meeting Level,40-50%
2024/25,Glasgow City,Camstradden Primary School,P4,Listening & Talking - % Meeting Level,60-70%
2024/25,Glasgow City,Camstradden Primary School,P4,Numeracy - % Meeting Level,40-50%
2024/25,Glasgow City,Camstradden Primary School,P4,Reading - % Meeting Level,50-60%
2024/25,Glasgow City,Camstradden Primary School,P4,Writing - % Meeting Level,40-50%
2024/25,Glasgow City,Camstradden Primary School,P7,Listening & Talking - % Meeting Level,60-70%
2024/25,Glasgow City,Camstradden Primary School,P7,Numeracy - % Meeting Level,50-60%
2024/25,Glasgow City,Camstradden Primary School,P7,Reading - % Meeting Level,30-40%
2024/25,Glasgow City,Camstradden Primary School,P7,Writing - % Meeting Level,30-40%
2024/25,Glasgow City,Cardonald Primary School,P1,Listening & Talking - % Meeting Level,70-80%
2024/25,Glasgow City,Cardonald Primary School,P1,Numeracy - % Meeting Level,70-80%
2024/25,Glasgow City,Cardonald Primary School,P1,Reading - % Meeting Level,70-80%
2024/25,Glasgow City,Cardonald Primary School,P1,Writing - % Meeting Level,70-80%
2024/25,Glasgow City,Cardonald Primary School,"P1, P4 & P7 combined",Listening & Talking - % Meeting Level,80-90%
2024/25,Glasgow City,Cardonald Primary School,"P1, P4 & P7 combined",Numeracy - % Meeting Level,70-80%
2024/25,Glasgow City,Cardonald Primary School,"P1, P4 & P7 combined",Reading - % Meeting Level,70-80%
2024/25,Glasgow City,Cardonald Primary School,"P1, P4 & P7 combined",Writing - % Meeting Level,70-80%
2024/25,Glasgow City,Cardonald Primary School,P4,Listening & Talking - % Meeting Level,80-90%
2024/25,Glasgow City,Cardonald Primary School,P4,Numeracy - % Meeting Level,80-90%
2024/25,Glasgow City,Cardonald Primary School,P4,Reading - % Meeting Level,80-90%
2024/25,Glasgow City,Cardonald Primary School,P4,Writing - % Meeting Level,80-90%
2024/25,Glasgow City,Cardonald Primary School,P7,Listening & Talking - % Meeting Level,80-90%
2024/25,Glasgow City,Cardonald Primary School,P7,Numeracy - % Meeting Level,60-70%
2024/25,Glasgow City,Cardonald Primary School,P7,Reading - % Meeting Level,70-80%
2024/25,Glasgow City,Cardonald Primary School,P7,Writing - % Meeting Level,70-80%
2024/25,Glasgow City,Carmunnock Primary School,P1,Listening & Talking - % Meeting Level,c
2024/25,Glasgow City,Carmunnock Primary School,P1,Numeracy - % Meeting Level,c
2024/25,Glasgow City,Carmunnock Primary School,P1,Reading - % Meeting Level,c
2024/25,Glasgow City,Carmunnock Primary School,P1,Writing - % Meeting Level,c
2024/25,Glasgow City,Carmunnock Primary School,"P1, P4 & P7 combined",Listening & Talking - % Meeting Level,90+%
2024/25,Glasgow City,Carmunnock Primary School,"P1, P4 & P7 combined",Numeracy - % Meeting Level,80-90%
2024/25,Glasgow City,Carmunnock Primary School,"P1, P4 & P7 combined",Reading - % Meeting Level,90+%
2024/25,Glasgow City,Carmunnock Primary School,"P1, P4 & P7 combined",Writing - % Meeting Level,80-90%
2024/25,Glasgow City,Carmunnock Primary School,P4,Listening & Talking - % Meeting Level,90+%
2024/25,Glasgow City,Carmunnock Primary School,P4,Numeracy - % Meeting Level,90+%
2024/25,Glasgow City,Carmunnock Primary School,P4,Reading - % Meeting Level,90+%
2024/25,Glasgow City,Carmunnock Primary School,P4,Writing - % Meeting Level,80-90%
2024/25,Glasgow City,Carmunnock Primary School,P7,Listening & Talking - % Meeting Level,c
2024/25,Glasgow City,Carmunnock Primary School,P7,Numeracy - % Meeting Level,c
2024/25,Glasgow City,Carmunnock Primary School,P7,Reading - % Meeting Level,c
2024/25,Glasgow City,Carmunnock Primary School,P7,Writing - % Meeting Level,c
2024/25,Glasgow City,Carmyle Primary School & Nursery Class,P1,Listening & Talking - % Meeting Level,c
2024/25,Glasgow City,Carmyle Primary School & Nursery Class,P1,Numeracy - % Meeting Level,c
2024/25,Glasgow City,Carmyle Primary School & Nursery Class,P1,Reading - % Meeting Level,c
2024/25,Glasgow City,Carmyle Primary School & Nursery Class,P1,Writing - % Meeting Level,c
2024/25,Glasgow City,Carmyle Primary School & Nursery Class,"P1, P4 & P7 combined",Listening & Talking - % Meeting Level,80-90%
2024/25,Glasgow City,Carmyle Primary School & Nursery Class,"P1, P4 & P7 combined",Numeracy - % Meeting Level,80-90%
2024/25,Glasgow City,Carmyle Primary School & Nursery Class,"P1, P4 & P7 combined",Reading - % Meeting Level,80-90%
2024/25,Glasgow City,Carmyle Primary School & Nursery Class,"P1, P4 & P7 combined",Writing - % Meeting Level,60-70%
2024/25,Glasgow City,Carmyle Primary School & Nursery Class,P4,Listening & Talking - % Meeting Level,80-90%
2024/25,Glasgow City,Carmyle Primary School & Nursery Class,P4,Numeracy - % Meeting Level,70-80%
2024/25,Glasgow City,Carmyle Primary School & Nursery Class,P4,Reading - % Meeting Level,70-80%
2024/25,Glasgow City,Carmyle Primary School & Nursery Class,P4,Writing - % Meeting Level,60-70%
2024/25,Glasgow City,Carmyle Primary School & Nursery Class,P7,Listening & Talking - % Meeting Level,90+%
2024/25,Glasgow City,Carmyle Primary School & Nursery Class,P7,Numeracy - % Meeting Level,80-90%
2024/25,Glasgow City,Carmyle Primary School & Nursery Class,P7,Reading - % Meeting Level,80-90%
2024/25,Glasgow City,Carmyle Primary School & Nursery Class,P7,Writing - % Meeting Level,70-80%
2024/25,Glasgow City,Carntyne Primary School,P1,Listening & Talking - % Meeting Level,70-80%
2024/25,Glasgow City,Carntyne Primary School,P1,Numeracy - % Meeting Level,70-80%
2024/25,Glasgow City,Carntyne Primary School,P1,Reading - % Meeting Level,60-70%
2024/25,Glasgow City,Carntyne Primary School,P1,Writing - % Meeting Level,60-70%
2024/25,Glasgow City,Carntyne Primary School,"P1, P4 & P7 combined",Listening & Talking - % Meeting Level,70-80%
2024/25,Glasgow City,Carntyne Primary School,"P1, P4 & P7 combined",Numeracy - % Meeting Level,70-80%
2024/25,Glasgow City,Carntyne Primary School,"P1, P4 & P7 combined",Reading - % Meeting Level,60-70%
2024/25,Glasgow City,Carntyne Primary School,"P1, P4 & P7 combined",Writing - % Meeting Level,60-70%
2024/25,Glasgow City,Carntyne Primary School,P4,Listening & Talking - % Meeting Level,70-80%
2024/25,Glasgow City,Carntyne Primary School,P4,Numeracy - % Meeting Level,60-70%
2024/25,Glasgow City,Carntyne Primary School,P4,Reading - % Meeting Level,60-70%
2024/25,Glasgow City,Carntyne Primary School,P4,Writing - % Meeting Level,50-60%
2024/25,Glasgow City,Carntyne Primary School,P7,Listening & Talking - % Meeting Level,80-90%
2024/25,Glasgow City,Carntyne Primary School,P7,Numeracy - % Meeting Level,70-80%
2024/25,Glasgow City,Carntyne Primary School,P7,Reading - % Meeting Level,80-90%
2024/25,Glasgow City,Carntyne Primary School,P7,Writing - % Meeting Level,70-80%
2024/25,Glasgow City,Castleton Primary School,P1,Listening & Talking - % Meeting Level,70-80%
2024/25,Glasgow City,Castleton Primary School,P1,Numeracy - % Meeting Level,50-60%
2024/25,Glasgow City,Castleton Primary School,P1,Reading - % Meeting Level,40-50%
2024/25,Glasgow City,Castleton Primary School,P1,Writing - % Meeting Level,40-50%
2024/25,Glasgow City,Castleton Primary School,"P1, P4 & P7 combined",Listening & Talking - % Meeting Level,80-90%
2024/25,Glasgow City,Castleton Primary School,"P1, P4 & P7 combined",Numeracy - % Meeting Level,60-70%
2024/25,Glasgow City,Castleton Primary School,"P1, P4 & P7 combined",Reading - % Meeting Level,60-70%
2024/25,Glasgow City,Castleton Primary School,"P1, P4 & P7 combined",Writing - % Meeting Level,50-60%
2024/25,Glasgow City,Castleton Primary School,P4,Listening & Talking - % Meeting Level,80-90%
2024/25,Glasgow City,Castleton Primary School,P4,Numeracy - % Meeting Level,70-80%
2024/25,Glasgow City,Castleton Primary School,P4,Reading - % Meeting Level,60-70%
2024/25,Glasgow City,Castleton Primary School,P4,Writing - % Meeting Level,70-80%
2024/25,Glasgow City,Castleton Primary School,P7,Listening & Talking - % Meeting Level,80-90%
2024/25,Glasgow City,Castleton Primary School,P7,Numeracy - % Meeting Level,70-80%
2024/25,Glasgow City,Castleton Primary School,P7,Reading - % Meeting Level,70-80%
2024/25,Glasgow City,Castleton Primary School,P7,Writing - % Meeting Level,50-60%
2024/25,Glasgow City,Chirnsyde Primary School,P1,Listening & Talking - % Meeting Level,80-90%
2024/25,Glasgow City,Chirnsyde Primary School,P1,Numeracy - % Meeting Level,60-70%
2024/25,Glasgow City,Chirnsyde Primary School,P1,Reading - % Meeting Level,60-70%
2024/25,Glasgow City,Chirnsyde Primary School,P1,Writing - % Meeting Level,60-70%
2024/25,Glasgow City,Chirnsyde Primary School,"P1, P4 & P7 combined",Listening & Talking - % Meeting Level,80-90%
2024/25,Glasgow City,Chirnsyde Primary School,"P1, P4 & P7 combined",Numeracy - % Meeting Level,70-80%
2024/25,Glasgow City,Chirnsyde Primary School,"P1, P4 & P7 combined",Reading - % Meeting Level,70-80%
2024/25,Glasgow City,Chirnsyde Primary School,"P1, P4 & P7 combined",Writing - % Meeting Level,70-80%
2024/25,Glasgow City,Chirnsyde Primary School,P4,Listening & Talking - % Meeting Level,80-90%
2024/25,Glasgow City,Chirnsyde Primary School,P4,Numeracy - % Meeting Level,80-90%
2024/25,Glasgow City,Chirnsyde Primary School,P4,Reading - % Meeting Level,80-90%
2024/25,Glasgow City,Chirnsyde Primary School,P4,Writing - % Meeting Level,80-90%
2024/25,Glasgow City,Chirnsyde Primary School,P7,Listening & Talking - % Meeting Level,90+%
2024/25,Glasgow City,Chirnsyde Primary School,P7,Numeracy - % Meeting Level,80-90%
2024/25,Glasgow City,Chirnsyde Primary School,P7,Reading - % Meeting Level,80-90%
2024/25,Glasgow City,Chirnsyde Primary School,P7,Writing - % Meeting Level,80-90%
2024/25,Glasgow City,Cleeves Primary School,P1,Listening & Talking - % Meeting Level,60-70%
2024/25,Glasgow City,Cleeves Primary School,P1,Numeracy - % Meeting Level,60-70%
2024/25,Glasgow City,Cleeves Primary School,P1,Reading - % Meeting Level,50-60%
2024/25,Glasgow City,Cleeves Primary School,P1,Writing - % Meeting Level,50-60%
2024/25,Glasgow City,Cleeves Primary School,"P1, P4 & P7 combined",Listening & Talking - % Meeting Level,60-70%
2024/25,Glasgow City,Cleeves Primary School,"P1, P4 & P7 combined",Numeracy - % Meeting Level,60-70%
2024/25,Glasgow City,Cleeves Primary School,"P1, P4 & P7 combined",Reading - % Meeting Level,60-70%
2024/25,Glasgow City,Cleeves Primary School,"P1, P4 & P7 combined",Writing - % Meeting Level,50-60%
2024/25,Glasgow City,Cleeves Primary School,P4,Listening & Talking - % Meeting Level,60-70%
2024/25,Glasgow City,Cleeves Primary School,P4,Numeracy - % Meeting Level,60-70%
2024/25,Glasgow City,Cleeves Primary School,P4,Reading - % Meeting Level,60-70%
2024/25,Glasgow City,Cleeves Primary School,P4,Writing - % Meeting Level,50-60%
2024/25,Glasgow City,Cleeves Primary School,P7,Listening & Talking - % Meeting Level,60-70%
2024/25,Glasgow City,Cleeves Primary School,P7,Numeracy - % Meeting Level,60-70%
2024/25,Glasgow City,Cleeves Primary School,P7,Reading - % Meeting Level,60-70%
2024/25,Glasgow City,Cleeves Primary School,P7,Writing - % Meeting Level,60-70%
2024/25,Glasgow City,Clyde Primary School,P1,Listening & Talking - % Meeting Level,80-90%
2024/25,Glasgow City,Clyde Primary School,P1,Numeracy - % Meeting Level,80-90%
2024/25,Glasgow City,Clyde Primary School,P1,Reading - % Meeting Level,80-90%
2024/25,Glasgow City,Clyde Primary School,P1,Writing - % Meeting Level,70-80%
2024/25,Glasgow City,Clyde Primary School,"P1, P4 & P7 combined",Listening & Talking - % Meeting Level,80-90%
2024/25,Glasgow City,Clyde Primary School,"P1, P4 & P7 combined",Numeracy - % Meeting Level,70-80%
2024/25,Glasgow City,Clyde Primary School,"P1, P4 & P7 combined",Reading - % Meeting Level,70-80%
2024/25,Glasgow City,Clyde Primary School,"P1, P4 & P7 combined",Writing - % Meeting Level,70-80%
2024/25,Glasgow City,Clyde Primary School,P4,Listening & Talking - % Meeting Level,70-80%
2024/25,Glasgow City,Clyde Primary School,P4,Numeracy - % Meeting Level,70-80%
2024/25,Glasgow City,Clyde Primary School,P4,Reading - % Meeting Level,70-80%
2024/25,Glasgow City,Clyde Primary School,P4,Writing - % Meeting Level,60-70%
2024/25,Glasgow City,Clyde Primary School,P7,Listening & Talking - % Meeting Level,70-80%
2024/25,Glasgow City,Clyde Primary School,P7,Numeracy - % Meeting Level,70-80%
2024/25,Glasgow City,Clyde Primary School,P7,Reading - % Meeting Level,70-80%
2024/25,Glasgow City,Clyde Primary School,P7,Writing - % Meeting Level,70-80%
2024/25,Glasgow City,Corpus Christi Primary School,P1,Listening & Talking - % Meeting Level,60-70%
2024/25,Glasgow City,Corpus Christi Primary School,P1,Numeracy - % Meeting Level,70-80%
2024/25,Glasgow City,Corpus Christi Primary School,P1,Reading - % Meeting Level,60-70%
2024/25,Glasgow City,Corpus Christi Primary School,P1,Writing - % Meeting Level,60-70%
2024/25,Glasgow City,Corpus Christi Primary School,"P1, P4 & P7 combined",Listening & Talking - % Meeting Level,70-80%
2024/25,Glasgow City,Corpus Christi Primary School,"P1, P4 & P7 combined",Numeracy - % Meeting Level,70-80%
2024/25,Glasgow City,Corpus Christi Primary School,"P1, P4 & P7 combined",Reading - % Meeting Level,60-70%
2024/25,Glasgow City,Corpus Christi Primary School,"P1, P4 & P7 combined",Writing - % Meeting Level,60-70%
2024/25,Glasgow City,Corpus Christi Primary School,P4,Listening & Talking - % Meeting Level,70-80%
2024/25,Glasgow City,Corpus Christi Primary School,P4,Numeracy - % Meeting Level,70-80%
2024/25,Glasgow City,Corpus Christi Primary School,P4,Reading - % Meeting Level,60-70%
2024/25,Glasgow City,Corpus Christi Primary School,P4,Writing - % Meeting Level,50-60%
2024/25,Glasgow City,Corpus Christi Primary School,P7,Listening & Talking - % Meeting Level,70-80%
2024/25,Glasgow City,Corpus Christi Primary School,P7,Numeracy - % Meeting Level,60-70%
2024/25,Glasgow City,Corpus Christi Primary School,P7,Reading - % Meeting Level,60-70%
2024/25,Glasgow City,Corpus Christi Primary School,P7,Writing - % Meeting Level,60-70%
2024/25,Glasgow City,Craigton Primary School & Nursery Class,P1,Listening & Talking - % Meeting Level,80-90%
2024/25,Glasgow City,Craigton Primary School & Nursery Class,P1,Numeracy - % Meeting Level,80-90%
2024/25,Glasgow City,Craigton Primary School & Nursery Class,P1,Reading - % Meeting Level,70-80%
2024/25,Glasgow City,Craigton Primary School & Nursery Class,P1,Writing - % Meeting Level,70-80%
2024/25,Glasgow City,Craigton Primary School & Nursery Class,"P1, P4 & P7 combined",Listening & Talking - % Meeting Level,80-90%
2024/25,Glasgow City,Craigton Primary School & Nursery Class,"P1, P4 & P7 combined",Numeracy - % Meeting Level,70-80%
2024/25,Glasgow City,Craigton Primary School & Nursery Class,"P1, P4 & P7 combined",Reading - % Meeting Level,70-80%
2024/25,Glasgow City,Craigton Primary School & Nursery Class,"P1, P4 & P7 combined",Writing - % Meeting Level,70-80%
2024/25,Glasgow City,Craigton Primary School & Nursery Class,P4,Listening & Talking - % Meeting Level,70-80%
2024/25,Glasgow City,Craigton Primary School & Nursery Class,P4,Numeracy - % Meeting Level,70-80%
2024/25,Glasgow City,Craigton Primary School & Nursery Class,P4,Reading - % Meeting Level,70-80%
2024/25,Glasgow City,Craigton Primary School & Nursery Class,P4,Writing - % Meeting Level,60-70%
2024/25,Glasgow City,Craigton Primary School & Nursery Class,P7,Listening & Talking - % Meeting Level,90+%
2024/25,Glasgow City,Craigton Primary School & Nursery Class,P7,Numeracy - % Meeting Level,70-80%
2024/25,Glasgow City,Craigton Primary School & Nursery Class,P7,Reading - % Meeting Level,80-90%
2024/25,Glasgow City,Craigton Primary School & Nursery Class,P7,Writing - % Meeting Level,70-80%
2024/25,Glasgow City,Cranhill Primary School,P1,Listening & Talking - % Meeting Level,80-90%
2024/25,Glasgow City,Cranhill Primary School,P1,Numeracy - % Meeting Level,80-90%
2024/25,Glasgow City,Cranhill Primary School,P1,Reading - % Meeting Level,80-90%
2024/25,Glasgow City,Cranhill Primary School,P1,Writing - % Meeting Level,70-80%
2024/25,Glasgow City,Cranhill Primary School,"P1, P4 & P7 combined",Listening & Talking - % Meeting Level,80-90%
2024/25,Glasgow City,Cranhill Primary School,"P1, P4 & P7 combined",Numeracy - % Meeting Level,70-80%
2024/25,Glasgow City,Cranhill Primary School,"P1, P4 & P7 combined",Reading - % Meeting Level,70-80%
2024/25,Glasgow City,Cranhill Primary School,"P1, P4 & P7 combined",Writing - % Meeting Level,70-80%
2024/25,Glasgow City,Cranhill Primary School,P4,Listening & Talking - % Meeting Level,70-80%
2024/25,Glasgow City,Cranhill Primary School,P4,Numeracy - % Meeting Level,70-80%
2024/25,Glasgow City,Cranhill Primary School,P4,Reading - % Meeting Level,70-80%
2024/25,Glasgow City,Cranhill Primary School,P4,Writing - % Meeting Level,70-80%
2024/25,Glasgow City,Cranhill Primary School,P7,Listening & Talking - % Meeting Level,80-90%
2024/25,Glasgow City,Cranhill Primary School,P7,Numeracy - % Meeting Level,80-90%
2024/25,Glasgow City,Cranhill Primary School,P7,Reading - % Meeting Level,70-80%
2024/25,Glasgow City,Cranhill Primary School,P7,Writing - % Meeting Level,60-70%
2024/25,Glasgow City,Croftfoot Primary School,P1,Listening & Talking - % Meeting Level,60-70%
2024/25,Glasgow City,Croftfoot Primary School,P1,Numeracy - % Meeting Level,70-80%
2024/25,Glasgow City,Croftfoot Primary School,P1,Reading - % Meeting Level,60-70%
2024/25,Glasgow City,Croftfoot Primary School,P1,Writing - % Meeting Level,60-70%
2024/25,Glasgow City,Croftfoot Primary School,"P1, P4 & P7 combined",Listening & Talking - % Meeting Level,70-80%
2024/25,Glasgow City,Croftfoot Primary School,"P1, P4 & P7 combined",Numeracy - % Meeting Level,60-70%
2024/25,Glasgow City,Croftfoot Primary School,"P1, P4 & P7 combined",Reading - % Meeting Level,70-80%
2024/25,Glasgow City,Croftfoot Primary School,"P1, P4 & P7 combined",Writing - % Meeting Level,60-70%
2024/25,Glasgow City,Croftfoot Primary School,P4,Listening & Talking - % Meeting Level,80-90%
2024/25,Glasgow City,Croftfoot Primary School,P4,Numeracy - % Meeting Level,60-70%
2024/25,Glasgow City,Croftfoot Primary School,P4,Reading - % Meeting Level,70-80%
2024/25,Glasgow City,Croftfoot Primary School,P4,Writing - % Meeting Level,60-70%
2024/25,Glasgow City,Croftfoot Primary School,P7,Listening & Talking - % Meeting Level,70-80%
2024/25,Glasgow City,Croftfoot Primary School,P7,Numeracy - % Meeting Level,60-70%
2024/25,Glasgow City,Croftfoot Primary School,P7,Reading - % Meeting Level,70-80%
2024/25,Glasgow City,Croftfoot Primary School,P7,Writing - % Meeting Level,60-70%
2024/25,Glasgow City,Crookston Castle Primary School,P1,Listening & Talking - % Meeting Level,60-70%
2024/25,Glasgow City,Crookston Castle Primary School,P1,Numeracy - % Meeting Level,60-70%
2024/25,Glasgow City,Crookston Castle Primary School,P1,Reading - % Meeting Level,50-60%
2024/25,Glasgow City,Crookston Castle Primary School,P1,Writing - % Meeting Level,40-50%
2024/25,Glasgow City,Crookston Castle Primary School,"P1, P4 & P7 combined",Listening & Talking - % Meeting Level,70-80%
2024/25,Glasgow City,Crookston Castle Primary School,"P1, P4 & P7 combined",Numeracy - % Meeting Level,60-70%
2024/25,Glasgow City,Crookston Castle Primary School,"P1, P4 & P7 combined",Reading - % Meeting Level,60-70%
2024/25,Glasgow City,Crookston Castle Primary School,"P1, P4 & P7 combined",Writing - % Meeting Level,60-70%
2024/25,Glasgow City,Crookston Castle Primary School,P4,Listening & Talking - % Meeting Level,80-90%
2024/25,Glasgow City,Crookston Castle Primary School,P4,Numeracy - % Meeting Level,70-80%
2024/25,Glasgow City,Crookston Castle Primary School,P4,Reading - % Meeting Level,70-80%
2024/25,Glasgow City,Crookston Castle Primary School,P4,Writing - % Meeting Level,70-80%
2024/25,Glasgow City,Crookston Castle Primary School,P7,Listening & Talking - % Meeting Level,80-90%
2024/25,Glasgow City,Crookston Castle Primary School,P7,Numeracy - % Meeting Level,60-70%
2024/25,Glasgow City,Crookston Castle Primary School,P7,Reading - % Meeting Level,70-80%
2024/25,Glasgow City,Crookston Castle Primary School,P7,Writing - % Meeting Level,60-70%
2024/25,Glasgow City,Cuthbertson Primary School and Nursery Class,P1,Listening & Talking - % Meeting Level,50-60%
2024/25,Glasgow City,Cuthbertson Primary School and Nursery Class,P1,Numeracy - % Meeting Level,50-60%
2024/25,Glasgow City,Cuthbertson Primary School and Nursery Class,P1,Reading - % Meeting Level,50-60%
2024/25,Glasgow City,Cuthbertson Primary School and Nursery Class,P1,Writing - % Meeting Level,40-50%
2024/25,Glasgow City,Cuthbertson Primary School and Nursery Class,"P1, P4 & P7 combined",Listening & Talking - % Meeting Level,60-70%
2024/25,Glasgow City,Cuthbertson Primary School and Nursery Class,"P1, P4 & P7 combined",Numeracy - % Meeting Level,50-60%
2024/25,Glasgow City,Cuthbertson Primary School and Nursery Class,"P1, P4 & P7 combined",Reading - % Meeting Level,50-60%
2024/25,Glasgow City,Cuthbertson Primary School and Nursery Class,"P1, P4 & P7 combined",Writing - % Meeting Level,40-50%
2024/25,Glasgow City,Cuthbertson Primary School and Nursery Class,P4,Listening & Talking - % Meeting Level,60-70%
2024/25,Glasgow City,Cuthbertson Primary School and Nursery Class,P4,Numeracy - % Meeting Level,50-60%
2024/25,Glasgow City,Cuthbertson Primary School and Nursery Class,P4,Reading - % Meeting Level,50-60%
2024/25,Glasgow City,Cuthbertson Primary School and Nursery Class,P4,Writing - % Meeting Level,40-50%
2024/25,Glasgow City,Cuthbertson Primary School and Nursery Class,P7,Listening & Talking - % Meeting Level,70-80%
2024/25,Glasgow City,Cuthbertson Primary School and Nursery Class,P7,Numeracy - % Meeting Level,50-60%
2024/25,Glasgow City,Cuthbertson Primary School and Nursery Class,P7,Reading - % Meeting Level,60-70%
2024/25,Glasgow City,Cuthbertson Primary School and Nursery Class,P7,Writing - % Meeting Level,50-60%
2024/25,Glasgow City,Dalmarnock Primary School,P1,Listening & Talking - % Meeting Level,90+%
2024/25,Glasgow City,Dalmarnock Primary School,P1,Numeracy - % Meeting Level,70-80%
2024/25,Glasgow City,Dalmarnock Primary School,P1,Reading - % Meeting Level,60-70%
2024/25,Glasgow City,Dalmarnock Primary School,P1,Writing - % Meeting Level,50-60%
2024/25,Glasgow City,Dalmarnock Primary School,"P1, P4 & P7 combined",Listening & Talking - % Meeting Level,80-90%
2024/25,Glasgow City,Dalmarnock Primary School,"P1, P4 & P7 combined",Numeracy - % Meeting Level,80-90%
2024/25,Glasgow City,Dalmarnock Primary School,"P1, P4 & P7 combined",Reading - % Meeting Level,70-80%
2024/25,Glasgow City,Dalmarnock Primary School,"P1, P4 & P7 combined",Writing - % Meeting Level,60-70%
2024/25,Glasgow City,Dalmarnock Primary School,P4,Listening & Talking - % Meeting Level,70-80%
2024/25,Glasgow City,Dalmarnock Primary School,P4,Numeracy - % Meeting Level,60-70%
2024/25,Glasgow City,Dalmarnock Primary School,P4,Reading - % Meeting Level,60-70%
2024/25,Glasgow City,Dalmarnock Primary School,P4,Writing - % Meeting Level,50-60%
2024/25,Glasgow City,Dalmarnock Primary School,P7,Listening & Talking - % Meeting Level,90+%
2024/25,Glasgow City,Dalmarnock Primary School,P7,Numeracy - % Meeting Level,90+%
2024/25,Glasgow City,Dalmarnock Primary School,P7,Reading - % Meeting Level,80-90%
2024/25,Glasgow City,Dalmarnock Primary School,P7,Writing - % Meeting Level,80-90%
2024/25,Glasgow City,Darnley Primary School,P1,Listening & Talking - % Meeting Level,90+%
2024/25,Glasgow City,Darnley Primary School,P1,Numeracy - % Meeting Level,80-90%
2024/25,Glasgow City,Darnley Primary School,P1,Reading - % Meeting Level,90+%
2024/25,Glasgow City,Darnley Primary School,P1,Writing - % Meeting Level,90+%
2024/25,Glasgow City,Darnley Primary School,"P1, P4 & P7 combined",Listening & Talking - % Meeting Level,90+%
2024/25,Glasgow City,Darnley Primary School,"P1, P4 & P7 combined",Numeracy - % Meeting Level,80-90%
2024/25,Glasgow City,Darnley Primary School,"P1, P4 & P7 combined",Reading - % Meeting Level,80-90%
2024/25,Glasgow City,Darnley Primary School,"P1, P4 & P7 combined",Writing - % Meeting Level,70-80%
2024/25,Glasgow City,Darnley Primary School,P4,Listening & Talking - % Meeting Level,90+%
2024/25,Glasgow City,Darnley Primary School,P4,Numeracy - % Meeting Level,80-90%
2024/25,Glasgow City,Darnley Primary School,P4,Reading - % Meeting Level,70-80%
2024/25,Glasgow City,Darnley Primary School,P4,Writing - % Meeting Level,60-70%
2024/25,Glasgow City,Darnley Primary School,P7,Listening & Talking - % Meeting Level,90+%
2024/25,Glasgow City,Darnley Primary School,P7,Numeracy - % Meeting Level,70-80%
2024/25,Glasgow City,Darnley Primary School,P7,Reading - % Meeting Level,80-90%
2024/25,Glasgow City,Darnley Primary School,P7,Writing - % Meeting Level,70-80%
2024/25,Glasgow City,Dunard Primary School & Nursery Class,P1,Listening & Talking - % Meeting Level,70-80%
2024/25,Glasgow City,Dunard Primary School & Nursery Class,P1,Numeracy - % Meeting Level,60-70%
2024/25,Glasgow City,Dunard Primary School & Nursery Class,P1,Reading - % Meeting Level,50-60%
2024/25,Glasgow City,Dunard Primary School & Nursery Class,P1,Writing - % Meeting Level,50-60%
2024/25,Glasgow City,Dunard Primary School & Nursery Class,"P1, P4 & P7 combined",Listening & Talking - % Meeting Level,80-90%
2024/25,Glasgow City,Dunard Primary School & Nursery Class,"P1, P4 & P7 combined",Numeracy - % Meeting Level,60-70%
2024/25,Glasgow City,Dunard Primary School & Nursery Class,"P1, P4 & P7 combined",Reading - % Meeting Level,70-80%
2024/25,Glasgow City,Dunard Primary School & Nursery Class,"P1, P4 & P7 combined",Writing - % Meeting Level,60-70%
2024/25,Glasgow City,Dunard Primary School & Nursery Class,P4,Listening & Talking - % Meeting Level,70-80%
2024/25,Glasgow City,Dunard Primary School & Nursery Class,P4,Numeracy - % Meeting Level,60-70%
2024/25,Glasgow City,Dunard Primary School & Nursery Class,P4,Reading - % Meeting Level,70-80%
2024/25,Glasgow City,Dunard Primary School & Nursery Class,P4,Writing - % Meeting Level,60-70%
2024/25,Glasgow City,Dunard Primary School & Nursery Class,P7,Listening & Talking - % Meeting Level,90+%
2024/25,Glasgow City,Dunard Primary School & Nursery Class,P7,Numeracy - % Meeting Level,70-80%
2024/25,Glasgow City,Dunard Primary School & Nursery Class,P7,Reading - % Meeting Level,80-90%
2024/25,Glasgow City,Dunard Primary School & Nursery Class,P7,Writing - % Meeting Level,70-80%
2024/25,Glasgow City,Eastbank Primary School,P1,Listening & Talking - % Meeting Level,80-90%
2024/25,Glasgow City,Eastbank Primary School,P1,Numeracy - % Meeting Level,80-90%
2024/25,Glasgow City,Eastbank Primary School,P1,Reading - % Meeting Level,80-90%
2024/25,Glasgow City,Eastbank Primary School,P1,Writing - % Meeting Level,70-80%
2024/25,Glasgow City,Eastbank Primary School,"P1, P4 & P7 combined",Listening & Talking - % Meeting Level,80-90%
2024/25,Glasgow City,Eastbank Primary School,"P1, P4 & P7 combined",Numeracy - % Meeting Level,70-80%
2024/25,Glasgow City,Eastbank Primary School,"P1, P4 & P7 combined",Reading - % Meeting Level,70-80%
2024/25,Glasgow City,Eastbank Primary School,"P1, P4 & P7 combined",Writing - % Meeting Level,70-80%
2024/25,Glasgow City,Eastbank Primary School,P4,Listening & Talking - % Meeting Level,70-80%
2024/25,Glasgow City,Eastbank Primary School,P4,Numeracy - % Meeting Level,70-80%
2024/25,Glasgow City,Eastbank Primary School,P4,Reading - % Meeting Level,70-80%
2024/25,Glasgow City,Eastbank Primary School,P4,Writing - % Meeting Level,60-70%
2024/25,Glasgow City,Eastbank Primary School,P7,Listening & Talking - % Meeting Level,90+%
2024/25,Glasgow City,Eastbank Primary School,P7,Numeracy - % Meeting Level,70-80%
2024/25,Glasgow City,Eastbank Primary School,P7,Reading - % Meeting Level,70-80%
2024/25,Glasgow City,Eastbank Primary School,P7,Writing - % Meeting Level,60-70%
2024/25,Glasgow City,Elmvale Primary School & Nursery Class,P1,Listening & Talking - % Meeting Level,70-80%
2024/25,Glasgow City,Elmvale Primary School & Nursery Class,P1,Numeracy - % Meeting Level,60-70%
2024/25,Glasgow City,Elmvale Primary School & Nursery Class,P1,Reading - % Meeting Level,60-70%
2024/25,Glasgow City,Elmvale Primary School & Nursery Class,P1,Writing - % Meeting Level,60-70%
2024/25,Glasgow City,Elmvale Primary School & Nursery Class,"P1, P4 & P7 combined",Listening & Talking - % Meeting Level,70-80%
2024/25,Glasgow City,Elmvale Primary School & Nursery Class,"P1, P4 & P7 combined",Numeracy - % Meeting Level,70-80%
2024/25,Glasgow City,Elmvale Primary School & Nursery Class,"P1, P4 & P7 combined",Reading - % Meeting Level,70-80%
2024/25,Glasgow City,Elmvale Primary School & Nursery Class,"P1, P4 & P7 combined",Writing - % Meeting Level,60-70%
2024/25,Glasgow City,Elmvale Primary School & Nursery Class,P4,Listening & Talking - % Meeting Level,70-80%
2024/25,Glasgow City,Elmvale Primary School & Nursery Class,P4,Numeracy - % Meeting Level,70-80%
2024/25,Glasgow City,Elmvale Primary School & Nursery Class,P4,Reading - % Meeting Level,60-70%
2024/25,Glasgow City,Elmvale Primary School & Nursery Class,P4,Writing - % Meeting Level,60-70%
2024/25,Glasgow City,Elmvale Primary School & Nursery Class,P7,Listening & Talking - % Meeting Level,90+%
2024/25,Glasgow City,Elmvale Primary School & Nursery Class,P7,Numeracy - % Meeting Level,80-90%
2024/25,Glasgow City,Elmvale Primary School & Nursery Class,P7,Reading - % Meeting Level,80-90%
2024/25,Glasgow City,Elmvale Primary School & Nursery Class,P7,Writing - % Meeting Level,70-80%
2024/25,Glasgow City,Garnetbank Primary School,P1,Listening & Talking - % Meeting Level,c
2024/25,Glasgow City,Garnetbank Primary School,P1,Numeracy - % Meeting Level,c
2024/25,Glasgow City,Garnetbank Primary School,P1,Reading - % Meeting Level,c
2024/25,Glasgow City,Garnetbank Primary School,P1,Writing - % Meeting Level,c
2024/25,Glasgow City,Garnetbank Primary School,"P1, P4 & P7 combined",Listening & Talking - % Meeting Level,90+%
2024/25,Glasgow City,Garnetbank Primary School,"P1, P4 & P7 combined",Numeracy - % Meeting Level,80-90%
2024/25,Glasgow City,Garnetbank Primary School,"P1, P4 & P7 combined",Reading - % Meeting Level,80-90%
2024/25,Glasgow City,Garnetbank Primary School,"P1, P4 & P7 combined",Writing - % Meeting Level,80-90%
2024/25,Glasgow City,Garnetbank Primary School,P4,Listening & Talking - % Meeting Level,90+%
2024/25,Glasgow City,Garnetbank Primary School,P4,Numeracy - % Meeting Level,80-90%
2024/25,Glasgow City,Garnetbank Primary School,P4,Reading - % Meeting Level,80-90%
2024/25,Glasgow City,Garnetbank Primary School,P4,Writing - % Meeting Level,80-90%
2024/25,Glasgow City,Garnetbank Primary School,P7,Listening & Talking - % Meeting Level,90+%
2024/25,Glasgow City,Garnetbank Primary School,P7,Numeracy - % Meeting Level,70-80%
2024/25,Glasgow City,Garnetbank Primary School,P7,Reading - % Meeting Level,80-90%
2024/25,Glasgow City,Garnetbank Primary School,P7,Writing - % Meeting Level,80-90%
2024/25,Glasgow City,Garrowhill Primary School,P1,Listening & Talking - % Meeting Level,90+%
2024/25,Glasgow City,Garrowhill Primary School,P1,Numeracy - % Meeting Level,90+%
2024/25,Glasgow City,Garrowhill Primary School,P1,Reading - % Meeting Level,90+%
2024/25,Glasgow City,Garrowhill Primary School,P1,Writing - % Meeting Level,90+%
2024/25,Glasgow City,Garrowhill Primary School,"P1, P4 & P7 combined",Listening & Talking - % Meeting Level,90+%
2024/25,Glasgow City,Garrowhill Primary School,"P1, P4 & P7 combined",Numeracy - % Meeting Level,90+%
2024/25,Glasgow City,Garrowhill Primary School,"P1, P4 & P7 combined",Reading - % Meeting Level,90+%
2024/25,Glasgow City,Garrowhill Primary School,"P1, P4 & P7 combined",Writing - % Meeting Level,90+%
2024/25,Glasgow City,Garrowhill Primary School,P4,Listening & Talking - % Meeting Level,90+%
2024/25,Glasgow City,Garrowhill Primary School,P4,Numeracy - % Meeting Level,90+%
2024/25,Glasgow City,Garrowhill Primary School,P4,Reading - % Meeting Level,90+%
2024/25,Glasgow City,Garrowhill Primary School,P4,Writing - % Meeting Level,90+%
2024/25,Glasgow City,Garrowhill Primary School,P7,Listening & Talking - % Meeting Level,90+%
2024/25,Glasgow City,Garrowhill Primary School,P7,Numeracy - % Meeting Level,90+%
2024/25,Glasgow City,Garrowhill Primary School,P7,Reading - % Meeting Level,90+%
2024/25,Glasgow City,Garrowhill Primary School,P7,Writing - % Meeting Level,90+%
2024/25,Glasgow City,Glasgow Gaelic School,P1,Listening & Talking - % Meeting Level,c
2024/25,Glasgow City,Glasgow Gaelic School,P1,Numeracy - % Meeting Level,c
2024/25,Glasgow City,Glasgow Gaelic School,P1,Reading - % Meeting Level,c
2024/25,Glasgow City,Glasgow Gaelic School,P1,Writing - % Meeting Level,c
2024/25,Glasgow City,Glasgow Gaelic School,"P1, P4 & P7 combined",Listening & Talking - % Meeting Level,90+%
2024/25,Glasgow City,Glasgow Gaelic School,"P1, P4 & P7 combined",Numeracy - % Meeting Level,70-80%
2024/25,Glasgow City,Glasgow Gaelic School,"P1, P4 & P7 combined",Reading - % Meeting Level,80-90%
2024/25,Glasgow City,Glasgow Gaelic School,"P1, P4 & P7 combined",Writing - % Meeting Level,80-90%
2024/25,Glasgow City,Glasgow Gaelic School,P4,Listening & Talking - % Meeting Level,c
2024/25,Glasgow City,Glasgow Gaelic School,P4,Numeracy - % Meeting Level,60-70%
2024/25,Glasgow City,Glasgow Gaelic School,P4,Reading - % Meeting Level,c
2024/25,Glasgow City,Glasgow Gaelic School,P4,Writing - % Meeting Level,c
2024/25,Glasgow City,Glasgow Gaelic School,P7,Listening & Talking - % Meeting Level,90+%
2024/25,Glasgow City,Glasgow Gaelic School,P7,Numeracy - % Meeting Level,80-90%
2024/25,Glasgow City,Glasgow Gaelic School,P7,Reading - % Meeting Level,80-90%
2024/25,Glasgow City,Glasgow Gaelic School,P7,Writing - % Meeting Level,80-90%
2024/25,Glasgow City,Glendale Gaelic Primary School - Bunsgoil Ghàidhlig Ghleann Dail,P1,Listening & Talking - % Meeting Level,c
2024/25,Glasgow City,Glendale Gaelic Primary School - Bunsgoil Ghàidhlig Ghleann Dail,P1,Numeracy - % Meeting Level,c
2024/25,Glasgow City,Glendale Gaelic Primary School - Bunsgoil Ghàidhlig Ghleann Dail,P1,Reading - % Meeting Level,c
2024/25,Glasgow City,Glendale Gaelic Primary School - Bunsgoil Ghàidhlig Ghleann Dail,P1,Writing - % Meeting Level,c
2024/25,Glasgow City,Glendale Gaelic Primary School - Bunsgoil Ghàidhlig Ghleann Dail,"P1, P4 & P7 combined",Listening & Talking - % Meeting Level,80-90%
2024/25,Glasgow City,Glendale Gaelic Primary School - Bunsgoil Ghàidhlig Ghleann Dail,"P1, P4 & P7 combined",Numeracy - % Meeting Level,70-80%
2024/25,Glasgow City,Glendale Gaelic Primary School - Bunsgoil Ghàidhlig Ghleann Dail,"P1, P4 & P7 combined",Reading - % Meeting Level,80-90%
2024/25,Glasgow City,Glendale Gaelic Primary School - Bunsgoil Ghàidhlig Ghleann Dail,"P1, P4 & P7 combined",Writing - % Meeting Level,80-90%
2024/25,Glasgow City,Glendale Gaelic Primary School - Bunsgoil Ghàidhlig Ghleann Dail,P4,Listening & Talking - % Meeting Level,c
2024/25,Glasgow City,Glendale Gaelic Primary School - Bunsgoil Ghàidhlig Ghleann Dail,P4,Numeracy - % Meeting Level,c
2024/25,Glasgow City,Glendale Gaelic Primary School - Bunsgoil Ghàidhlig Ghleann Dail,P4,Reading - % Meeting Level,c
2024/25,Glasgow City,Glendale Gaelic Primary School - Bunsgoil Ghàidhlig Ghleann Dail,P4,Writing - % Meeting Level,c
2024/25,Glasgow City,Glendale Gaelic Primary School - Bunsgoil Ghàidhlig Ghleann Dail,P7,Listening & Talking - % Meeting Level,80-90%
2024/25,Glasgow City,Glendale Gaelic Primary School - Bunsgoil Ghàidhlig Ghleann Dail,P7,Numeracy - % Meeting Level,80-90%
2024/25,Glasgow City,Glendale Gaelic Primary School - Bunsgoil Ghàidhlig Ghleann Dail,P7,Reading - % Meeting Level,80-90%
2024/25,Glasgow City,Glendale Gaelic Primary School - Bunsgoil Ghàidhlig Ghleann Dail,P7,Writing - % Meeting Level,80-90%
2024/25,Glasgow City,Glendale Primary School,P1,Listening & Talking - % Meeting Level,70-80%
2024/25,Glasgow City,Glendale Primary School,P1,Numeracy - % Meeting Level,70-80%
2024/25,Glasgow City,Glendale Primary School,P1,Reading - % Meeting Level,60-70%
2024/25,Glasgow City,Glendale Primary School,P1,Writing - % Meeting Level,60-70%
2024/25,Glasgow City,Glendale Primary School,"P1, P4 & P7 combined",Listening & Talking - % Meeting Level,70-80%
2024/25,Glasgow City,Glendale Primary School,"P1, P4 & P7 combined",Numeracy - % Meeting Level,70-80%
2024/25,Glasgow City,Glendale Primary School,"P1, P4 & P7 combined",Reading - % Meeting Level,70-80%
2024/25,Glasgow City,Glendale Primary School,"P1, P4 & P7 combined",Writing - % Meeting Level,60-70%
2024/25,Glasgow City,Glendale Primary School,P4,Listening & Talking - % Meeting Level,80-90%
2024/25,Glasgow City,Glendale Primary School,P4,Numeracy - % Meeting Level,70-80%
2024/25,Glasgow City,Glendale Primary School,P4,Reading - % Meeting Level,80-90%
2024/25,Glasgow City,Glendale Primary School,P4,Writing - % Meeting Level,70-80%
2024/25,Glasgow City,Glendale Primary School,P7,Listening & Talking - % Meeting Level,70-80%
2024/25,Glasgow City,Glendale Primary School,P7,Numeracy - % Meeting Level,50-60%
2024/25,Glasgow City,Glendale Primary School,P7,Reading - % Meeting Level,60-70%
2024/25,Glasgow City,Glendale Primary School,P7,Writing - % Meeting Level,60-70%
2024/25,Glasgow City,Golfhill Primary School,P1,Listening & Talking - % Meeting Level,c
2024/25,Glasgow City,Golfhill Primary School,P1,Numeracy - % Meeting Level,c
2024/25,Glasgow City,Golfhill Primary School,P1,Reading - % Meeting Level,c
2024/25,Glasgow City,Golfhill Primary School,P1,Writing - % Meeting Level,c
2024/25,Glasgow City,Golfhill Primary School,"P1, P4 & P7 combined",Listening & Talking - % Meeting Level,70-80%
2024/25,Glasgow City,Golfhill Primary School,"P1, P4 & P7 combined",Numeracy - % Meeting Level,70-80%
2024/25,Glasgow City,Golfhill Primary School,"P1, P4 & P7 combined",Reading - % Meeting Level,60-70%
2024/25,Glasgow City,Golfhill Primary School,"P1, P4 & P7 combined",Writing - % Meeting Level,60-70%
2024/25,Glasgow City,Golfhill Primary School,P4,Listening & Talking - % Meeting Level,60-70%
2024/25,Glasgow City,Golfhill Primary School,P4,Numeracy - % Meeting Level,70-80%
2024/25,Glasgow City,Golfhill Primary School,P4,Reading - % Meeting Level,60-70%
2024/25,Glasgow City,Golfhill Primary School,P4,Writing - % Meeting Level,50-60%
2024/25,Glasgow City,Golfhill Primary School,P7,Listening & Talking - % Meeting Level,90+%
2024/25,Glasgow City,Golfhill Primary School,P7,Numeracy - % Meeting Level,80-90%
2024/25,Glasgow City,Golfhill Primary School,P7,Reading - % Meeting Level,80-90%
2024/25,Glasgow City,Golfhill Primary School,P7,Writing - % Meeting Level,70-80%
2024/25,Glasgow City,Govan Gaelic Primary/Bun-sgoil Ghàidhlig Bhaile a' Ghobhainn,P1,Listening & Talking - % Meeting Level,c
2024/25,Glasgow City,Govan Gaelic Primary/Bun-sgoil Ghàidhlig Bhaile a' Ghobhainn,P1,Numeracy - % Meeting Level,c
2024/25,Glasgow City,Govan Gaelic Primary/Bun-sgoil Ghàidhlig Bhaile a' Ghobhainn,P1,Reading - % Meeting Level,c
2024/25,Glasgow City,Govan Gaelic Primary/Bun-sgoil Ghàidhlig Bhaile a' Ghobhainn,P1,Writing - % Meeting Level,c
2024/25,Glasgow City,Govan Gaelic Primary/Bun-sgoil Ghàidhlig Bhaile a' Ghobhainn,"P1, P4 & P7 combined",Listening & Talking - % Meeting Level,80-90%
2024/25,Glasgow City,Govan Gaelic Primary/Bun-sgoil Ghàidhlig Bhaile a' Ghobhainn,"P1, P4 & P7 combined",Numeracy - % Meeting Level,70-80%
2024/25,Glasgow City,Govan Gaelic Primary/Bun-sgoil Ghàidhlig Bhaile a' Ghobhainn,"P1, P4 & P7 combined",Reading - % Meeting Level,70-80%
2024/25,Glasgow City,Govan Gaelic Primary/Bun-sgoil Ghàidhlig Bhaile a' Ghobhainn,"P1, P4 & P7 combined",Writing - % Meeting Level,60-70%
2024/25,Glasgow City,Govan Gaelic Primary/Bun-sgoil Ghàidhlig Bhaile a' Ghobhainn,P4,Listening & Talking - % Meeting Level,c
2024/25,Glasgow City,Govan Gaelic Primary/Bun-sgoil Ghàidhlig Bhaile a' Ghobhainn,P4,Numeracy - % Meeting Level,80-90%
2024/25,Glasgow City,Govan Gaelic Primary/Bun-sgoil Ghàidhlig Bhaile a' Ghobhainn,P4,Reading - % Meeting Level,c
2024/25,Glasgow City,Govan Gaelic Primary/Bun-sgoil Ghàidhlig Bhaile a' Ghobhainn,P4,Writing - % Meeting Level,c
2024/25,Glasgow City,Govan Gaelic Primary/Bun-sgoil Ghàidhlig Bhaile a' Ghobhainn,P7,Listening & Talking - % Meeting Level,80-90%
2024/25,Glasgow City,Govan Gaelic Primary/Bun-sgoil Ghàidhlig Bhaile a' Ghobhainn,P7,Numeracy - % Meeting Level,60-70%
2024/25,Glasgow City,Govan Gaelic Primary/Bun-sgoil Ghàidhlig Bhaile a' Ghobhainn,P7,Reading - % Meeting Level,70-80%
2024/25,Glasgow City,Govan Gaelic Primary/Bun-sgoil Ghàidhlig Bhaile a' Ghobhainn,P7,Writing - % Meeting Level,60-70%
2024/25,Glasgow City,Gowanbank Primary School,P1,Listening & Talking - % Meeting Level,70-80%
2024/25,Glasgow City,Gowanbank Primary School,P1,Numeracy - % Meeting Level,60-70%
2024/25,Glasgow City,Gowanbank Primary School,P1,Reading - % Meeting Level,60-70%
2024/25,Glasgow City,Gowanbank Primary School,P1,Writing - % Meeting Level,60-70%
2024/25,Glasgow City,Gowanbank Primary School,"P1, P4 & P7 combined",Listening & Talking - % Meeting Level,70-80%
2024/25,Glasgow City,Gowanbank Primary School,"P1, P4 & P7 combined",Numeracy - % Meeting Level,50-60%
2024/25,Glasgow City,Gowanbank Primary School,"P1, P4 & P7 combined",Reading - % Meeting Level,50-60%
2024/25,Glasgow City,Gowanbank Primary School,"P1, P4 & P7 combined",Writing - % Meeting Level,50-60%
2024/25,Glasgow City,Gowanbank Primary School,P4,Listening & Talking - % Meeting Level,70-80%
2024/25,Glasgow City,Gowanbank Primary School,P4,Numeracy - % Meeting Level,40-50%
2024/25,Glasgow City,Gowanbank Primary School,P4,Reading - % Meeting Level,50-60%
2024/25,Glasgow City,Gowanbank Primary School,P4,Writing - % Meeting Level,50-60%
2024/25,Glasgow City,Gowanbank Primary School,P7,Listening & Talking - % Meeting Level,60-70%
2024/25,Glasgow City,Gowanbank Primary School,P7,Numeracy - % Meeting Level,60-70%
2024/25,Glasgow City,Gowanbank Primary School,P7,Reading - % Meeting Level,60-70%
2024/25,Glasgow City,Gowanbank Primary School,P7,Writing - % Meeting Level,60-70%
2024/25,Glasgow City,Haghill Park Primary School & Nursery Class,P1,Listening & Talking - % Meeting Level,70-80%
2024/25,Glasgow City,Haghill Park Primary School & Nursery Class,P1,Numeracy - % Meeting Level,70-80%
2024/25,Glasgow City,Haghill Park Primary School & Nursery Class,P1,Reading - % Meeting Level,60-70%
2024/25,Glasgow City,Haghill Park Primary School & Nursery Class,P1,Writing - % Meeting Level,40-50%
2024/25,Glasgow City,Haghill Park Primary School & Nursery Class,"P1, P4 & P7 combined",Listening & Talking - % Meeting Level,70-80%
2024/25,Glasgow City,Haghill Park Primary School & Nursery Class,"P1, P4 & P7 combined",Numeracy - % Meeting Level,60-70%
2024/25,Glasgow City,Haghill Park Primary School & Nursery Class,"P1, P4 & P7 combined",Reading - % Meeting Level,60-70%
2024/25,Glasgow City,Haghill Park Primary School & Nursery Class,"P1, P4 & P7 combined",Writing - % Meeting Level,50-60%
2024/25,Glasgow City,Haghill Park Primary School & Nursery Class,P4,Listening & Talking - % Meeting Level,c
2024/25,Glasgow City,Haghill Park Primary School & Nursery Class,P4,Numeracy - % Meeting Level,c
2024/25,Glasgow City,Haghill Park Primary School & Nursery Class,P4,Reading - % Meeting Level,c
2024/25,Glasgow City,Haghill Park Primary School & Nursery Class,P4,Writing - % Meeting Level,c
2024/25,Glasgow City,Haghill Park Primary School & Nursery Class,P7,Listening & Talking - % Meeting Level,70-80%
2024/25,Glasgow City,Haghill Park Primary School & Nursery Class,P7,Numeracy - % Meeting Level,60-70%
2024/25,Glasgow City,Haghill Park Primary School & Nursery Class,P7,Reading - % Meeting Level,70-80%
2024/25,Glasgow City,Haghill Park Primary School & Nursery Class,P7,Writing - % Meeting Level,60-70%
2024/25,Glasgow City,Highpark Primary School,P1,Listening & Talking - % Meeting Level,60-70%
2024/25,Glasgow City,Highpark Primary School,P1,Numeracy - % Meeting Level,50-60%
2024/25,Glasgow City,Highpark Primary School,P1,Reading - % Meeting Level,40-50%
2024/25,Glasgow City,Highpark Primary School,P1,Writing - % Meeting Level,40-50%
2024/25,Glasgow City,Highpark Primary School,"P1, P4 & P7 combined",Listening & Talking - % Meeting Level,80-90%
2024/25,Glasgow City,Highpark Primary School,"P1, P4 & P7 combined",Numeracy - % Meeting Level,60-70%
2024/25,Glasgow City,Highpark Primary School,"P1, P4 & P7 combined",Reading - % Meeting Level,60-70%
2024/25,Glasgow City,Highpark Primary School,"P1, P4 & P7 combined",Writing - % Meeting Level,50-60%
2024/25,Glasgow City,Highpark Primary School,P4,Listening & Talking - % Meeting Level,80-90%
2024/25,Glasgow City,Highpark Primary School,P4,Numeracy - % Meeting Level,60-70%
2024/25,Glasgow City,Highpark Primary School,P4,Reading - % Meeting Level,70-80%
2024/25,Glasgow City,Highpark Primary School,P4,Writing - % Meeting Level,50-60%
2024/25,Glasgow City,Highpark Primary School,P7,Listening & Talking - % Meeting Level,c
2024/25,Glasgow City,Highpark Primary School,P7,Numeracy - % Meeting Level,c
2024/25,Glasgow City,Highpark Primary School,P7,Reading - % Meeting Level,c
2024/25,Glasgow City,Highpark Primary School,P7,Writing - % Meeting Level,c
2024/25,Glasgow City,Hillhead Primary School,P1,Listening & Talking - % Meeting Level,80-90%
2024/25,Glasgow City,Hillhead Primary School,P1,Numeracy - % Meeting Level,80-90%
2024/25,Glasgow City,Hillhead Primary School,P1,Reading - % Meeting Level,70-80%
2024/25,Glasgow City,Hillhead Primary School,P1,Writing - % Meeting Level,70-80%
2024/25,Glasgow City,Hillhead Primary School,"P1, P4 & P7 combined",Listening & Talking - % Meeting Level,90+%
2024/25,Glasgow City,Hillhead Primary School,"P1, P4 & P7 combined",Numeracy - % Meeting Level,80-90%
2024/25,Glasgow City,Hillhead Primary School,"P1, P4 & P7 combined",Reading - % Meeting Level,80-90%
2024/25,Glasgow City,Hillhead Primary School,"P1, P4 & P7 combined",Writing - % Meeting Level,80-90%
2024/25,Glasgow City,Hillhead Primary School,P4,Listening & Talking - % Meeting Level,90+%
2024/25,Glasgow City,Hillhead Primary School,P4,Numeracy - % Meeting Level,80-90%
2024/25,Glasgow City,Hillhead Primary School,P4,Reading - % Meeting Level,80-90%
2024/25,Glasgow City,Hillhead Primary School,P4,Writing - % Meeting Level,80-90%
2024/25,Glasgow City,Hillhead Primary School,P7,Listening & Talking - % Meeting Level,90+%
2024/25,Glasgow City,Hillhead Primary School,P7,Numeracy - % Meeting Level,90+%
2024/25,Glasgow City,Hillhead Primary School,P7,Reading - % Meeting Level,90+%
2024/25,Glasgow City,Hillhead Primary School,P7,Writing - % Meeting Level,80-90%
2024/25,Glasgow City,Hillington Primary School,P1,Listening & Talking - % Meeting Level,90+%
2024/25,Glasgow City,Hillington Primary School,P1,Numeracy - % Meeting Level,90+%
2024/25,Glasgow City,Hillington Primary School,P1,Reading - % Meeting Level,80-90%
2024/25,Glasgow City,Hillington Primary School,P1,Writing - % Meeting Level,80-90%
2024/25,Glasgow City,Hillington Primary School,"P1, P4 & P7 combined",Listening & Talking - % Meeting Level,90+%
2024/25,Glasgow City,Hillington Primary School,"P1, P4 & P7 combined",Numeracy - % Meeting Level,80-90%
2024/25,Glasgow City,Hillington Primary School,"P1, P4 & P7 combined",Reading - % Meeting Level,70-80%
2024/25,Glasgow City,Hillington Primary School,"P1, P4 & P7 combined",Writing - % Meeting Level,70-80%
2024/25,Glasgow City,Hillington Primary School,P4,Listening & Talking - % Meeting Level,90+%
2024/25,Glasgow City,Hillington Primary School,P4,Numeracy - % Meeting Level,60-70%
2024/25,Glasgow City,Hillington Primary School,P4,Reading - % Meeting Level,60-70%
2024/25,Glasgow City,Hillington Primary School,P4,Writing - % Meeting Level,60-70%
2024/25,Glasgow City,Hillington Primary School,P7,Listening & Talking - % Meeting Level,90+%
2024/25,Glasgow City,Hillington Primary School,P7,Numeracy - % Meeting Level,80-90%
2024/25,Glasgow City,Hillington Primary School,P7,Reading - % Meeting Level,80-90%
2024/25,Glasgow City,Hillington Primary School,P7,Writing - % Meeting Level,80-90%
2024/25,Glasgow City,Holy Cross Primary School,P1,Listening & Talking - % Meeting Level,80-90%
2024/25,Glasgow City,Holy Cross Primary School,P1,Numeracy - % Meeting Level,60-70%
2024/25,Glasgow City,Holy Cross Primary School,P1,Reading - % Meeting Level,60-70%
2024/25,Glasgow City,Holy Cross Primary School,P1,Writing - % Meeting Level,60-70%
2024/25,Glasgow City,Holy Cross Primary School,"P1, P4 & P7 combined",Listening & Talking - % Meeting Level,80-90%
2024/25,Glasgow City,Holy Cross Primary School,"P1, P4 & P7 combined",Numeracy - % Meeting Level,60-70%
2024/25,Glasgow City,Holy Cross Primary School,"P1, P4 & P7 combined",Reading - % Meeting Level,70-80%
2024/25,Glasgow City,Holy Cross Primary School,"P1, P4 & P7 combined",Writing - % Meeting Level,60-70%
2024/25,Glasgow City,Holy Cross Primary School,P4,Listening & Talking - % Meeting Level,80-90%
2024/25,Glasgow City,Holy Cross Primary School,P4,Numeracy - % Meeting Level,60-70%
2024/25,Glasgow City,Holy Cross Primary School,P4,Reading - % Meeting Level,70-80%
2024/25,Glasgow City,Holy Cross Primary School,P4,Writing - % Meeting Level,60-70%
2024/25,Glasgow City,Holy Cross Primary School,P7,Listening & Talking - % Meeting Level,80-90%
2024/25,Glasgow City,Holy Cross Primary School,P7,Numeracy - % Meeting Level,60-70%
2024/25,Glasgow City,Holy Cross Primary School,P7,Reading - % Meeting Level,60-70%
2024/25,Glasgow City,Holy Cross Primary School,P7,Writing - % Meeting Level,50-60%
2024/25,Glasgow City,Hyndland Primary School,P1,Listening & Talking - % Meeting Level,90+%
2024/25,Glasgow City,Hyndland Primary School,P1,Numeracy - % Meeting Level,90+%
2024/25,Glasgow City,Hyndland Primary School,P1,Reading - % Meeting Level,90+%
2024/25,Glasgow City,Hyndland Primary School,P1,Writing - % Meeting Level,90+%
2024/25,Glasgow City,Hyndland Primary School,"P1, P4 & P7 combined",Listening & Talking - % Meeting Level,90+%
2024/25,Glasgow City,Hyndland Primary School,"P1, P4 & P7 combined",Numeracy - % Meeting Level,90+%
2024/25,Glasgow City,Hyndland Primary School,"P1, P4 & P7 combined",Reading - % Meeting Level,90+%
2024/25,Glasgow City,Hyndland Primary School,"P1, P4 & P7 combined",Writing - % Meeting Level,90+%
2024/25,Glasgow City,Hyndland Primary School,P4,Listening & Talking - % Meeting Level,90+%
2024/25,Glasgow City,Hyndland Primary School,P4,Numeracy - % Meeting Level,90+%
2024/25,Glasgow City,Hyndland Primary School,P4,Reading - % Meeting Level,90+%
2024/25,Glasgow City,Hyndland Primary School,P4,Writing - % Meeting Level,90+%
2024/25,Glasgow City,Hyndland Primary School,P7,Listening & Talking - % Meeting Level,90+%
2024/25,Glasgow City,Hyndland Primary School,P7,Numeracy - % Meeting Level,90+%
2024/25,Glasgow City,Hyndland Primary School,P7,Reading - % Meeting Level,90+%
2024/25,Glasgow City,Hyndland Primary School,P7,Writing - % Meeting Level,90+%
2024/25,Glasgow City,Ibrox Primary School & Nursery Class,P1,Listening & Talking - % Meeting Level,70-80%
2024/25,Glasgow City,Ibrox Primary School & Nursery Class,P1,Numeracy - % Meeting Level,80-90%
2024/25,Glasgow City,Ibrox Primary School & Nursery Class,P1,Reading - % Meeting Level,60-70%
2024/25,Glasgow City,Ibrox Primary School & Nursery Class,P1,Writing - % Meeting Level,70-80%
2024/25,Glasgow City,Ibrox Primary School & Nursery Class,"P1, P4 & P7 combined",Listening & Talking - % Meeting Level,60-70%
2024/25,Glasgow City,Ibrox Primary School & Nursery Class,"P1, P4 & P7 combined",Numeracy - % Meeting Level,60-70%
2024/25,Glasgow City,Ibrox Primary School & Nursery Class,"P1, P4 & P7 combined",Reading - % Meeting Level,60-70%
2024/25,Glasgow City,Ibrox Primary School & Nursery Class,"P1, P4 & P7 combined",Writing - % Meeting Level,60-70%
2024/25,Glasgow City,Ibrox Primary School & Nursery Class,P4,Listening & Talking - % Meeting Level,70-80%
2024/25,Glasgow City,Ibrox Primary School & Nursery Class,P4,Numeracy - % Meeting Level,60-70%
2024/25,Glasgow City,Ibrox Primary School & Nursery Class,P4,Reading - % Meeting Level,60-70%
2024/25,Glasgow City,Ibrox Primary School & Nursery Class,P4,Writing - % Meeting Level,60-70%
2024/25,Glasgow City,Ibrox Primary School & Nursery Class,P7,Listening & Talking - % Meeting Level,60-70%
2024/25,Glasgow City,Ibrox Primary School & Nursery Class,P7,Numeracy - % Meeting Level,60-70%
2024/25,Glasgow City,Ibrox Primary School & Nursery Class,P7,Reading - % Meeting Level,60-70%
2024/25,Glasgow City,Ibrox Primary School & Nursery Class,P7,Writing - % Meeting Level,60-70%
2024/25,Glasgow City,John Paul II Primary School,P1,Listening & Talking - % Meeting Level,90+%
2024/25,Glasgow City,John Paul II Primary School,P1,Numeracy - % Meeting Level,90+%
2024/25,Glasgow City,John Paul II Primary School,P1,Reading - % Meeting Level,90+%
2024/25,Glasgow City,John Paul II Primary School,P1,Writing - % Meeting Level,90+%
2024/25,Glasgow City,John Paul II Primary School,"P1, P4 & P7 combined",Listening & Talking - % Meeting Level,80-90%
2024/25,Glasgow City,John Paul II Primary School,"P1, P4 & P7 combined",Numeracy - % Meeting Level,70-80%
2024/25,Glasgow City,John Paul II Primary School,"P1, P4 & P7 combined",Reading - % Meeting Level,70-80%
2024/25,Glasgow City,John Paul II Primary School,"P1, P4 & P7 combined",Writing - % Meeting Level,70-80%
2024/25,Glasgow City,John Paul II Primary School,P4,Listening & Talking - % Meeting Level,70-80%
2024/25,Glasgow City,John Paul II Primary School,P4,Numeracy - % Meeting Level,70-80%
2024/25,Glasgow City,John Paul II Primary School,P4,Reading - % Meeting Level,70-80%
2024/25,Glasgow City,John Paul II Primary School,P4,Writing - % Meeting Level,60-70%
2024/25,Glasgow City,John Paul II Primary School,P7,Listening & Talking - % Meeting Level,80-90%
2024/25,Glasgow City,John Paul II Primary School,P7,Numeracy - % Meeting Level,50-60%
2024/25,Glasgow City,John Paul II Primary School,P7,Reading - % Meeting Level,60-70%
2024/25,Glasgow City,John Paul II Primary School,P7,Writing - % Meeting Level,50-60%
2024/25,Glasgow City,Kelvindale Primary School,P1,Listening & Talking - % Meeting Level,90+%
2024/25,Glasgow City,Kelvindale Primary School,P1,Numeracy - % Meeting Level,80-90%
2024/25,Glasgow City,Kelvindale Primary School,P1,Reading - % Meeting Level,90+%
2024/25,Glasgow City,Kelvindale Primary School,P1,Writing - % Meeting Level,80-90%
2024/25,Glasgow City,Kelvindale Primary School,"P1, P4 & P7 combined",Listening & Talking - % Meeting Level,90+%
2024/25,Glasgow City,Kelvindale Primary School,"P1, P4 & P7 combined",Numeracy - % Meeting Level,90+%
2024/25,Glasgow City,Kelvindale Primary School,"P1, P4 & P7 combined",Reading - % Meeting Level,90+%
2024/25,Glasgow City,Kelvindale Primary School,"P1, P4 & P7 combined",Writing - % Meeting Level,80-90%
2024/25,Glasgow City,Kelvindale Primary School,P4,Listening & Talking - % Meeting Level,90+%
2024/25,Glasgow City,Kelvindale Primary School,P4,Numeracy - % Meeting Level,90+%
2024/25,Glasgow City,Kelvindale Primary School,P4,Reading - % Meeting Level,80-90%
2024/25,Glasgow City,Kelvindale Primary School,P4,Writing - % Meeting Level,80-90%
2024/25,Glasgow City,Kelvindale Primary School,P7,Listening & Talking - % Meeting Level,90+%
2024/25,Glasgow City,Kelvindale Primary School,P7,Numeracy - % Meeting Level,90+%
2024/25,Glasgow City,Kelvindale Primary School,P7,Reading - % Meeting Level,90+%
2024/25,Glasgow City,Kelvindale Primary School,P7,Writing - % Meeting Level,90+%
2024/25,Glasgow City,King's Park Primary School,P1,Listening & Talking - % Meeting Level,90+%
2024/25,Glasgow City,King's Park Primary School,P1,Numeracy - % Meeting Level,80-90%
2024/25,Glasgow City,King's Park Primary School,P1,Reading - % Meeting Level,70-80%
2024/25,Glasgow City,King's Park Primary School,P1,Writing - % Meeting Level,80-90%
2024/25,Glasgow City,King's Park Primary School,"P1, P4 & P7 combined",Listening & Talking - % Meeting Level,90+%
2024/25,Glasgow City,King's Park Primary School,"P1, P4 & P7 combined",Numeracy - % Meeting Level,80-90%
2024/25,Glasgow City,King's Park Primary School,"P1, P4 & P7 combined",Reading - % Meeting Level,80-90%
2024/25,Glasgow City,King's Park Primary School,"P1, P4 & P7 combined",Writing - % Meeting Level,70-80%
2024/25,Glasgow City,King's Park Primary School,P4,Listening & Talking - % Meeting Level,80-90%
2024/25,Glasgow City,King's Park Primary School,P4,Numeracy - % Meeting Level,80-90%
2024/25,Glasgow City,King's Park Primary School,P4,Reading - % Meeting Level,70-80%
2024/25,Glasgow City,King's Park Primary School,P4,Writing - % Meeting Level,60-70%
2024/25,Glasgow City,King's Park Primary School,P7,Listening & Talking - % Meeting Level,90+%
2024/25,Glasgow City,King's Park Primary School,P7,Numeracy - % Meeting Level,80-90%
2024/25,Glasgow City,King's Park Primary School,P7,Reading - % Meeting Level,90+%
2024/25,Glasgow City,King's Park Primary School,P7,Writing - % Meeting Level,80-90%
2024/25,Glasgow City,Knightswood Primary School,P1,Listening & Talking - % Meeting Level,80-90%
2024/25,Glasgow City,Knightswood Primary School,P1,Numeracy - % Meeting Level,80-90%
2024/25,Glasgow City,Knightswood Primary School,P1,Reading - % Meeting Level,80-90%
2024/25,Glasgow City,Knightswood Primary School,P1,Writing - % Meeting Level,80-90%
2024/25,Glasgow City,Knightswood Primary School,"P1, P4 & P7 combined",Listening & Talking - % Meeting Level,80-90%
2024/25,Glasgow City,Knightswood Primary School,"P1, P4 & P7 combined",Numeracy - % Meeting Level,80-90%
2024/25,Glasgow City,Knightswood Primary School,"P1, P4 & P7 combined",Reading - % Meeting Level,80-90%
2024/25,Glasgow City,Knightswood Primary School,"P1, P4 & P7 combined",Writing - % Meeting Level,70-80%
2024/25,Glasgow City,Knightswood Primary School,P4,Listening & Talking - % Meeting Level,80-90%
2024/25,Glasgow City,Knightswood Primary School,P4,Numeracy - % Meeting Level,80-90%
2024/25,Glasgow City,Knightswood Primary School,P4,Reading - % Meeting Level,80-90%
2024/25,Glasgow City,Knightswood Primary School,P4,Writing - % Meeting Level,70-80%
2024/25,Glasgow City,Knightswood Primary School,P7,Listening & Talking - % Meeting Level,80-90%
2024/25,Glasgow City,Knightswood Primary School,P7,Numeracy - % Meeting Level,70-80%
2024/25,Glasgow City,Knightswood Primary School,P7,Reading - % Meeting Level,80-90%
2024/25,Glasgow City,Knightswood Primary School,P7,Writing - % Meeting Level,70-80%
2024/25,Glasgow City,Langfaulds Primary School,P1,Listening & Talking - % Meeting Level,c
2024/25,Glasgow City,Langfaulds Primary School,P1,Numeracy - % Meeting Level,c
2024/25,Glasgow City,Langfaulds Primary School,P1,Reading - % Meeting Level,c
2024/25,Glasgow City,Langfaulds Primary School,P1,Writing - % Meeting Level,c
2024/25,Glasgow City,Langfaulds Primary School,"P1, P4 & P7 combined",Listening & Talking - % Meeting Level,70-80%
2024/25,Glasgow City,Langfaulds Primary School,"P1, P4 & P7 combined",Numeracy - % Meeting Level,50-60%
2024/25,Glasgow City,Langfaulds Primary School,"P1, P4 & P7 combined",Reading - % Meeting Level,50-60%
2024/25,Glasgow City,Langfaulds Primary School,"P1, P4 & P7 combined",Writing - % Meeting Level,60-70%
2024/25,Glasgow City,Langfaulds Primary School,P4,Listening & Talking - % Meeting Level,c
2024/25,Glasgow City,Langfaulds Primary School,P4,Numeracy - % Meeting Level,c
2024/25,Glasgow City,Langfaulds Primary School,P4,Reading - % Meeting Level,c
2024/25,Glasgow City,Langfaulds Primary School,P4,Writing - % Meeting Level,c
2024/25,Glasgow City,Langfaulds Primary School,P7,Listening & Talking - % Meeting Level,c
2024/25,Glasgow City,Langfaulds Primary School,P7,Numeracy - % Meeting Level,c
2024/25,Glasgow City,Langfaulds Primary School,P7,Reading - % Meeting Level,c
2024/25,Glasgow City,Langfaulds Primary School,P7,Writing - % Meeting Level,c
2024/25,Glasgow City,Langside Primary School,P1,Listening & Talking - % Meeting Level,90+%
2024/25,Glasgow City,Langside Primary School,P1,Numeracy - % Meeting Level,80-90%
2024/25,Glasgow City,Langside Primary School,P1,Reading - % Meeting Level,80-90%
2024/25,Glasgow City,Langside Primary School,P1,Writing - % Meeting Level,80-90%
2024/25,Glasgow City,Langside Primary School,"P1, P4 & P7 combined",Listening & Talking - % Meeting Level,90+%
2024/25,Glasgow City,Langside Primary School,"P1, P4 & P7 combined",Numeracy - % Meeting Level,80-90%
2024/25,Glasgow City,Langside Primary School,"P1, P4 & P7 combined",Reading - % Meeting Level,80-90%
2024/25,Glasgow City,Langside Primary School,"P1, P4 & P7 combined",Writing - % Meeting Level,70-80%
2024/25,Glasgow City,Langside Primary School,P4,Listening & Talking - % Meeting Level,80-90%
2024/25,Glasgow City,Langside Primary School,P4,Numeracy - % Meeting Level,70-80%
2024/25,Glasgow City,Langside Primary School,P4,Reading - % Meeting Level,70-80%
2024/25,Glasgow City,Langside Primary School,P4,Writing - % Meeting Level,60-70%
2024/25,Glasgow City,Langside Primary School,P7,Listening & Talking - % Meeting Level,80-90%
2024/25,Glasgow City,Langside Primary School,P7,Numeracy - % Meeting Level,80-90%
2024/25,Glasgow City,Langside Primary School,P7,Reading - % Meeting Level,80-90%
2024/25,Glasgow City,Langside Primary School,P7,Writing - % Meeting Level,80-90%
2024/25,Glasgow City,Lorne Street Primary School,P1,Listening & Talking - % Meeting Level,70-80%
2024/25,Glasgow City,Lorne Street Primary School,P1,Numeracy - % Meeting Level,70-80%
2024/25,Glasgow City,Lorne Street Primary School,P1,Reading - % Meeting Level,70-80%
2024/25,Glasgow City,Lorne Street Primary School,P1,Writing - % Meeting Level,70-80%
2024/25,Glasgow City,Lorne Street Primary School,"P1, P4 & P7 combined",Listening & Talking - % Meeting Level,80-90%
2024/25,Glasgow City,Lorne Street Primary School,"P1, P4 & P7 combined",Numeracy - % Meeting Level,80-90%
2024/25,Glasgow City,Lorne Street Primary School,"P1, P4 & P7 combined",Reading - % Meeting Level,70-80%
2024/25,Glasgow City,Lorne Street Primary School,"P1, P4 & P7 combined",Writing - % Meeting Level,70-80%
2024/25,Glasgow City,Lorne Street Primary School,P4,Listening & Talking - % Meeting Level,80-90%
2024/25,Glasgow City,Lorne Street Primary School,P4,Numeracy - % Meeting Level,80-90%
2024/25,Glasgow City,Lorne Street Primary School,P4,Reading - % Meeting Level,70-80%
2024/25,Glasgow City,Lorne Street Primary School,P4,Writing - % Meeting Level,70-80%
2024/25,Glasgow City,Lorne Street Primary School,P7,Listening & Talking - % Meeting Level,90+%
2024/25,Glasgow City,Lorne Street Primary School,P7,Numeracy - % Meeting Level,80-90%
2024/25,Glasgow City,Lorne Street Primary School,P7,Reading - % Meeting Level,80-90%
2024/25,Glasgow City,Lorne Street Primary School,P7,Writing - % Meeting Level,70-80%
2024/25,Glasgow City,Merrylee Primary School,P1,Listening & Talking - % Meeting Level,90+%
2024/25,Glasgow City,Merrylee Primary School,P1,Numeracy - % Meeting Level,80-90%
2024/25,Glasgow City,Merrylee Primary School,P1,Reading - % Meeting Level,80-90%
2024/25,Glasgow City,Merrylee Primary School,P1,Writing - % Meeting Level,80-90%
2024/25,Glasgow City,Merrylee Primary School,"P1, P4 & P7 combined",Listening & Talking - % Meeting Level,90+%
2024/25,Glasgow City,Merrylee Primary School,"P1, P4 & P7 combined",Numeracy - % Meeting Level,90+%
2024/25,Glasgow City,Merrylee Primary School,"P1, P4 & P7 combined",Reading - % Meeting Level,80-90%
2024/25,Glasgow City,Merrylee Primary School,"P1, P4 & P7 combined",Writing - % Meeting Level,80-90%
2024/25,Glasgow City,Merrylee Primary School,P4,Listening & Talking - % Meeting Level,90+%
2024/25,Glasgow City,Merrylee Primary School,P4,Numeracy - % Meeting Level,90+%
2024/25,Glasgow City,Merrylee Primary School,P4,Reading - % Meeting Level,90+%
2024/25,Glasgow City,Merrylee Primary School,P4,Writing - % Meeting Level,80-90%
2024/25,Glasgow City,Merrylee Primary School,P7,Listening & Talking - % Meeting Level,90+%
2024/25,Glasgow City,Merrylee Primary School,P7,Numeracy - % Meeting Level,90+%
2024/25,Glasgow City,Merrylee Primary School,P7,Reading - % Meeting Level,80-90%
2024/25,Glasgow City,Merrylee Primary School,P7,Writing - % Meeting Level,80-90%
2024/25,Glasgow City,Miller Primary School,P1,Listening & Talking - % Meeting Level,70-80%
2024/25,Glasgow City,Miller Primary School,P1,Numeracy - % Meeting Level,70-80%
2024/25,Glasgow City,Miller Primary School,P1,Reading - % Meeting Level,60-70%
2024/25,Glasgow City,Miller Primary School,P1,Writing - % Meeting Level,60-70%
2024/25,Glasgow City,Miller Primary School,"P1, P4 & P7 combined",Listening & Talking - % Meeting Level,70-80%
2024/25,Glasgow City,Miller Primary School,"P1, P4 & P7 combined",Numeracy - % Meeting Level,60-70%
2024/25,Glasgow City,Miller Primary School,"P1, P4 & P7 combined",Reading - % Meeting Level,60-70%
2024/25,Glasgow City,Miller Primary School,"P1, P4 & P7 combined",Writing - % Meeting Level,60-70%
2024/25,Glasgow City,Miller Primary School,P4,Listening & Talking - % Meeting Level,70-80%
2024/25,Glasgow City,Miller Primary School,P4,Numeracy - % Meeting Level,60-70%
2024/25,Glasgow City,Miller Primary School,P4,Reading - % Meeting Level,60-70%
2024/25,Glasgow City,Miller Primary School,P4,Writing - % Meeting Level,60-70%
2024/25,Glasgow City,Miller Primary School,P7,Listening & Talking - % Meeting Level,70-80%
2024/25,Glasgow City,Miller Primary School,P7,Numeracy - % Meeting Level,60-70%
2024/25,Glasgow City,Miller Primary School,P7,Reading - % Meeting Level,60-70%
2024/25,Glasgow City,Miller Primary School,P7,Writing - % Meeting Level,60-70%
2024/25,Glasgow City,Miltonbank Primary School,P1,Listening & Talking - % Meeting Level,80-90%
2024/25,Glasgow City,Miltonbank Primary School,P1,Numeracy - % Meeting Level,80-90%
2024/25,Glasgow City,Miltonbank Primary School,P1,Reading - % Meeting Level,70-80%
2024/25,Glasgow City,Miltonbank Primary School,P1,Writing - % Meeting Level,70-80%
2024/25,Glasgow City,Miltonbank Primary School,"P1, P4 & P7 combined",Listening & Talking - % Meeting Level,60-70%
2024/25,Glasgow City,Miltonbank Primary School,"P1, P4 & P7 combined",Numeracy - % Meeting Level,70-80%
2024/25,Glasgow City,Miltonbank Primary School,"P1, P4 & P7 combined",Reading - % Meeting Level,60-70%
2024/25,Glasgow City,Miltonbank Primary School,"P1, P4 & P7 combined",Writing - % Meeting Level,50-60%
2024/25,Glasgow City,Miltonbank Primary School,P4,Listening & Talking - % Meeting Level,c
2024/25,Glasgow City,Miltonbank Primary School,P4,Numeracy - % Meeting Level,c
2024/25,Glasgow City,Miltonbank Primary School,P4,Reading - % Meeting Level,c
2024/25,Glasgow City,Miltonbank Primary School,P4,Writing - % Meeting Level,c
2024/25,Glasgow City,Miltonbank Primary School,P7,Listening & Talking - % Meeting Level,c
2024/25,Glasgow City,Miltonbank Primary School,P7,Numeracy - % Meeting Level,c
2024/25,Glasgow City,Miltonbank Primary School,P7,Reading - % Meeting Level,c
2024/25,Glasgow City,Miltonbank Primary School,P7,Writing - % Meeting Level,c
2024/25,Glasgow City,Mosspark Primary School & Nursery Class,P1,Listening & Talking - % Meeting Level,80-90%
2024/25,Glasgow City,Mosspark Primary School & Nursery Class,P1,Numeracy - % Meeting Level,80-90%
2024/25,Glasgow City,Mosspark Primary School & Nursery Class,P1,Reading - % Meeting Level,80-90%
2024/25,Glasgow City,Mosspark Primary School & Nursery Class,P1,Writing - % Meeting Level,80-90%
2024/25,Glasgow City,Mosspark Primary School & Nursery Class,"P1, P4 & P7 combined",Listening & Talking - % Meeting Level,80-90%
2024/25,Glasgow City,Mosspark Primary School & Nursery Class,"P1, P4 & P7 combined",Numeracy - % Meeting Level,80-90%
2024/25,Glasgow City,Mosspark Primary School & Nursery Class,"P1, P4 & P7 combined",Reading - % Meeting Level,70-80%
2024/25,Glasgow City,Mosspark Primary School & Nursery Class,"P1, P4 & P7 combined",Writing - % Meeting Level,80-90%
2024/25,Glasgow City,Mosspark Primary School & Nursery Class,P4,Listening & Talking - % Meeting Level,80-90%
2024/25,Glasgow City,Mosspark Primary School & Nursery Class,P4,Numeracy - % Meeting Level,70-80%
2024/25,Glasgow City,Mosspark Primary School & Nursery Class,P4,Reading - % Meeting Level,70-80%
2024/25,Glasgow City,Mosspark Primary School & Nursery Class,P4,Writing - % Meeting Level,70-80%
2024/25,Glasgow City,Mosspark Primary School & Nursery Class,P7,Listening & Talking - % Meeting Level,80-90%
2024/25,Glasgow City,Mosspark Primary School & Nursery Class,P7,Numeracy - % Meeting Level,80-90%
2024/25,Glasgow City,Mosspark Primary School & Nursery Class,P7,Reading - % Meeting Level,70-80%
2024/25,Glasgow City,Mosspark Primary School & Nursery Class,P7,Writing - % Meeting Level,80-90%
2024/25,Glasgow City,Mount Florida Primary School & Nursery Class,P1,Listening & Talking - % Meeting Level,80-90%
2024/25,Glasgow City,Mount Florida Primary School & Nursery Class,P1,Numeracy - % Meeting Level,90+%
2024/25,Glasgow City,Mount Florida Primary School & Nursery Class,P1,Reading - % Meeting Level,60-70%
2024/25,Glasgow City,Mount Florida Primary School & Nursery Class,P1,Writing - % Meeting Level,70-80%
2024/25,Glasgow City,Mount Florida Primary School & Nursery Class,"P1, P4 & P7 combined",Listening & Talking - % Meeting Level,80-90%
2024/25,Glasgow City,Mount Florida Primary School & Nursery Class,"P1, P4 & P7 combined",Numeracy - % Meeting Level,80-90%
2024/25,Glasgow City,Mount Florida Primary School & Nursery Class,"P1, P4 & P7 combined",Reading - % Meeting Level,70-80%
2024/25,Glasgow City,Mount Florida Primary School & Nursery Class,"P1, P4 & P7 combined",Writing - % Meeting Level,60-70%
2024/25,Glasgow City,Mount Florida Primary School & Nursery Class,P4,Listening & Talking - % Meeting Level,90+%
2024/25,Glasgow City,Mount Florida Primary School & Nursery Class,P4,Numeracy - % Meeting Level,80-90%
2024/25,Glasgow City,Mount Florida Primary School & Nursery Class,P4,Reading - % Meeting Level,80-90%
2024/25,Glasgow City,Mount Florida Primary School & Nursery Class,P4,Writing - % Meeting Level,60-70%
2024/25,Glasgow City,Mount Florida Primary School & Nursery Class,P7,Listening & Talking - % Meeting Level,80-90%
2024/25,Glasgow City,Mount Florida Primary School & Nursery Class,P7,Numeracy - % Meeting Level,70-80%
2024/25,Glasgow City,Mount Florida Primary School & Nursery Class,P7,Reading - % Meeting Level,70-80%
2024/25,Glasgow City,Mount Florida Primary School & Nursery Class,P7,Writing - % Meeting Level,60-70%
2024/25,Glasgow City,Mount Vernon Primary School,P1,Listening & Talking - % Meeting Level,90+%
2024/25,Glasgow City,Mount Vernon Primary School,P1,Numeracy - % Meeting Level,90+%
2024/25,Glasgow City,Mount Vernon Primary School,P1,Reading - % Meeting Level,90+%
2024/25,Glasgow City,Mount Vernon Primary School,P1,Writing - % Meeting Level,90+%
2024/25,Glasgow City,Mount Vernon Primary School,"P1, P4 & P7 combined",Listening & Talking - % Meeting Level,90+%
2024/25,Glasgow City,Mount Vernon Primary School,"P1, P4 & P7 combined",Numeracy - % Meeting Level,80-90%
2024/25,Glasgow City,Mount Vernon Primary School,"P1, P4 & P7 combined",Reading - % Meeting Level,90+%
2024/25,Glasgow City,Mount Vernon Primary School,"P1, P4 & P7 combined",Writing - % Meeting Level,80-90%
2024/25,Glasgow City,Mount Vernon Primary School,P4,Listening & Talking - % Meeting Level,80-90%
2024/25,Glasgow City,Mount Vernon Primary School,P4,Numeracy - % Meeting Level,80-90%
2024/25,Glasgow City,Mount Vernon Primary School,P4,Reading - % Meeting Level,80-90%
2024/25,Glasgow City,Mount Vernon Primary School,P4,Writing - % Meeting Level,80-90%
2024/25,Glasgow City,Mount Vernon Primary School,P7,Listening & Talking - % Meeting Level,90+%
2024/25,Glasgow City,Mount Vernon Primary School,P7,Numeracy - % Meeting Level,80-90%
2024/25,Glasgow City,Mount Vernon Primary School,P7,Reading - % Meeting Level,90+%
2024/25,Glasgow City,Mount Vernon Primary School,P7,Writing - % Meeting Level,80-90%
2024/25,Glasgow City,North Kelvinside Primary School,P1,Listening & Talking - % Meeting Level,90+%
2024/25,Glasgow City,North Kelvinside Primary School,P1,Numeracy - % Meeting Level,80-90%
2024/25,Glasgow City,North Kelvinside Primary School,P1,Reading - % Meeting Level,80-90%
2024/25,Glasgow City,North Kelvinside Primary School,P1,Writing - % Meeting Level,80-90%
2024/25,Glasgow City,North Kelvinside Primary School,"P1, P4 & P7 combined",Listening & Talking - % Meeting Level,70-80%
2024/25,Glasgow City,North Kelvinside Primary School,"P1, P4 & P7 combined",Numeracy - % Meeting Level,70-80%
2024/25,Glasgow City,North Kelvinside Primary School,"P1, P4 & P7 combined",Reading - % Meeting Level,70-80%
2024/25,Glasgow City,North Kelvinside Primary School,"P1, P4 & P7 combined",Writing - % Meeting Level,70-80%
2024/25,Glasgow City,North Kelvinside Primary School,P4,Listening & Talking - % Meeting Level,70-80%
2024/25,Glasgow City,North Kelvinside Primary School,P4,Numeracy - % Meeting Level,70-80%
2024/25,Glasgow City,North Kelvinside Primary School,P4,Reading - % Meeting Level,70-80%
2024/25,Glasgow City,North Kelvinside Primary School,P4,Writing - % Meeting Level,60-70%
2024/25,Glasgow City,North Kelvinside Primary School,P7,Listening & Talking - % Meeting Level,c
2024/25,Glasgow City,North Kelvinside Primary School,P7,Numeracy - % Meeting Level,c
2024/25,Glasgow City,North Kelvinside Primary School,P7,Reading - % Meeting Level,c
2024/25,Glasgow City,North Kelvinside Primary School,P7,Writing - % Meeting Level,c
2024/25,Glasgow City,Notre Dame Primary School,P1,Listening & Talking - % Meeting Level,80-90%
2024/25,Glasgow City,Notre Dame Primary School,P1,Numeracy - % Meeting Level,90+%
2024/25,Glasgow City,Notre Dame Primary School,P1,Reading - % Meeting Level,80-90%
2024/25,Glasgow City,Notre Dame Primary School,P1,Writing - % Meeting Level,80-90%
2024/25,Glasgow City,Notre Dame Primary School,"P1, P4 & P7 combined",Listening & Talking - % Meeting Level,90+%
2024/25,Glasgow City,Notre Dame Primary School,"P1, P4 & P7 combined",Numeracy - % Meeting Level,90+%
2024/25,Glasgow City,Notre Dame Primary School,"P1, P4 & P7 combined",Reading - % Meeting Level,80-90%
2024/25,Glasgow City,Notre Dame Primary School,"P1, P4 & P7 combined",Writing - % Meeting Level,80-90%
2024/25,Glasgow City,Notre Dame Primary School,P4,Listening & Talking - % Meeting Level,90+%
2024/25,Glasgow City,Notre Dame Primary School,P4,Numeracy - % Meeting Level,90+%
2024/25,Glasgow City,Notre Dame Primary School,P4,Reading - % Meeting Level,80-90%
2024/25,Glasgow City,Notre Dame Primary School,P4,Writing - % Meeting Level,80-90%
2024/25,Glasgow City,Notre Dame Primary School,P7,Listening & Talking - % Meeting Level,90+%
2024/25,Glasgow City,Notre Dame Primary School,P7,Numeracy - % Meeting Level,90+%
2024/25,Glasgow City,Notre Dame Primary School,P7,Reading - % Meeting Level,90+%
2024/25,Glasgow City,Notre Dame Primary School,P7,Writing - % Meeting Level,90+%
2024/25,Glasgow City,Oakgrove Primary School,P1,Listening & Talking - % Meeting Level,80-90%
2024/25,Glasgow City,Oakgrove Primary School,P1,Numeracy - % Meeting Level,70-80%
2024/25,Glasgow City,Oakgrove Primary School,P1,Reading - % Meeting Level,70-80%
2024/25,Glasgow City,Oakgrove Primary School,P1,Writing - % Meeting Level,60-70%
2024/25,Glasgow City,Oakgrove Primary School,"P1, P4 & P7 combined",Listening & Talking - % Meeting Level,80-90%
2024/25,Glasgow City,Oakgrove Primary School,"P1, P4 & P7 combined",Numeracy - % Meeting Level,70-80%
2024/25,Glasgow City,Oakgrove Primary School,"P1, P4 & P7 combined",Reading - % Meeting Level,70-80%
2024/25,Glasgow City,Oakgrove Primary School,"P1, P4 & P7 combined",Writing - % Meeting Level,60-70%
2024/25,Glasgow City,Oakgrove Primary School,P4,Listening & Talking - % Meeting Level,70-80%
2024/25,Glasgow City,Oakgrove Primary School,P4,Numeracy - % Meeting Level,70-80%
2024/25,Glasgow City,Oakgrove Primary School,P4,Reading - % Meeting Level,70-80%
2024/25,Glasgow City,Oakgrove Primary School,P4,Writing - % Meeting Level,60-70%
2024/25,Glasgow City,Oakgrove Primary School,P7,Listening & Talking - % Meeting Level,90+%
2024/25,Glasgow City,Oakgrove Primary School,P7,Numeracy - % Meeting Level,70-80%
2024/25,Glasgow City,Oakgrove Primary School,P7,Reading - % Meeting Level,70-80%
2024/25,Glasgow City,Oakgrove Primary School,P7,Writing - % Meeting Level,70-80%
2024/25,Glasgow City,Oakwood Primary School,P1,Listening & Talking - % Meeting Level,90+%
2024/25,Glasgow City,Oakwood Primary School,P1,Numeracy - % Meeting Level,90+%
2024/25,Glasgow City,Oakwood Primary School,P1,Reading - % Meeting Level,90+%
2024/25,Glasgow City,Oakwood Primary School,P1,Writing - % Meeting Level,90+%
2024/25,Glasgow City,Oakwood Primary School,"P1, P4 & P7 combined",Listening & Talking - % Meeting Level,80-90%
2024/25,Glasgow City,Oakwood Primary School,"P1, P4 & P7 combined",Numeracy - % Meeting Level,80-90%
2024/25,Glasgow City,Oakwood Primary School,"P1, P4 & P7 combined",Reading - % Meeting Level,80-90%
2024/25,Glasgow City,Oakwood Primary School,"P1, P4 & P7 combined",Writing - % Meeting Level,80-90%
2024/25,Glasgow City,Oakwood Primary School,P4,Listening & Talking - % Meeting Level,80-90%
2024/25,Glasgow City,Oakwood Primary School,P4,Numeracy - % Meeting Level,80-90%
2024/25,Glasgow City,Oakwood Primary School,P4,Reading - % Meeting Level,80-90%
2024/25,Glasgow City,Oakwood Primary School,P4,Writing - % Meeting Level,70-80%
2024/25,Glasgow City,Oakwood Primary School,P7,Listening & Talking - % Meeting Level,80-90%
2024/25,Glasgow City,Oakwood Primary School,P7,Numeracy - % Meeting Level,80-90%
2024/25,Glasgow City,Oakwood Primary School,P7,Reading - % Meeting Level,80-90%
2024/25,Glasgow City,Oakwood Primary School,P7,Writing - % Meeting Level,80-90%
2024/25,Glasgow City,Our Lady Of The Annunciation Primary School,P1,Listening & Talking - % Meeting Level,80-90%
2024/25,Glasgow City,Our Lady Of The Annunciation Primary School,P1,Numeracy - % Meeting Level,70-80%
2024/25,Glasgow City,Our Lady Of The Annunciation Primary School,P1,Reading - % Meeting Level,70-80%
2024/25,Glasgow City,Our Lady Of The Annunciation Primary School,P1,Writing - % Meeting Level,70-80%
2024/25,Glasgow City,Our Lady Of The Annunciation Primary School,"P1, P4 & P7 combined",Listening & Talking - % Meeting Level,80-90%
2024/25,Glasgow City,Our Lady Of The Annunciation Primary School,"P1, P4 & P7 combined",Numeracy - % Meeting Level,80-90%
2024/25,Glasgow City,Our Lady Of The Annunciation Primary School,"P1, P4 & P7 combined",Reading - % Meeting Level,80-90%
2024/25,Glasgow City,Our Lady Of The Annunciation Primary School,"P1, P4 & P7 combined",Writing - % Meeting Level,70-80%
2024/25,Glasgow City,Our Lady Of The Annunciation Primary School,P4,Listening & Talking - % Meeting Level,80-90%
2024/25,Glasgow City,Our Lady Of The Annunciation Primary School,P4,Numeracy - % Meeting Level,80-90%
2024/25,Glasgow City,Our Lady Of The Annunciation Primary School,P4,Reading - % Meeting Level,80-90%
2024/25,Glasgow City,Our Lady Of The Annunciation Primary School,P4,Writing - % Meeting Level,70-80%
2024/25,Glasgow City,Our Lady Of The Annunciation Primary School,P7,Listening & Talking - % Meeting Level,c
2024/25,Glasgow City,Our Lady Of The Annunciation Primary School,P7,Numeracy - % Meeting Level,c
2024/25,Glasgow City,Our Lady Of The Annunciation Primary School,P7,Reading - % Meeting Level,c
2024/25,Glasgow City,Our Lady Of The Annunciation Primary School,P7,Writing - % Meeting Level,c
2024/25,Glasgow City,Our Lady Of The Rosary Primary School & Nursery Class,P1,Listening & Talking - % Meeting Level,80-90%
2024/25,Glasgow City,Our Lady Of The Rosary Primary School & Nursery Class,P1,Numeracy - % Meeting Level,80-90%
2024/25,Glasgow City,Our Lady Of The Rosary Primary School & Nursery Class,P1,Reading - % Meeting Level,80-90%
2024/25,Glasgow City,Our Lady Of The Rosary Primary School & Nursery Class,P1,Writing - % Meeting Level,80-90%
2024/25,Glasgow City,Our Lady Of The Rosary Primary School & Nursery Class,"P1, P4 & P7 combined",Listening & Talking - % Meeting Level,80-90%
2024/25,Glasgow City,Our Lady Of The Rosary Primary School & Nursery Class,"P1, P4 & P7 combined",Numeracy - % Meeting Level,80-90%
2024/25,Glasgow City,Our Lady Of The Rosary Primary School & Nursery Class,"P1, P4 & P7 combined",Reading - % Meeting Level,70-80%
2024/25,Glasgow City,Our Lady Of The Rosary Primary School & Nursery Class,"P1, P4 & P7 combined",Writing - % Meeting Level,70-80%
2024/25,Glasgow City,Our Lady Of The Rosary Primary School & Nursery Class,P4,Listening & Talking - % Meeting Level,80-90%
2024/25,Glasgow City,Our Lady Of The Rosary Primary School & Nursery Class,P4,Numeracy - % Meeting Level,80-90%
2024/25,Glasgow City,Our Lady Of The Rosary Primary School & Nursery Class,P4,Reading - % Meeting Level,80-90%
2024/25,Glasgow City,Our Lady Of The Rosary Primary School & Nursery Class,P4,Writing - % Meeting Level,70-80%
2024/25,Glasgow City,Our Lady Of The Rosary Primary School & Nursery Class,P7,Listening & Talking - % Meeting Level,80-90%
2024/25,Glasgow City,Our Lady Of The Rosary Primary School & Nursery Class,P7,Numeracy - % Meeting Level,80-90%
2024/25,Glasgow City,Our Lady Of The Rosary Primary School & Nursery Class,P7,Reading - % Meeting Level,70-80%
2024/25,Glasgow City,Our Lady Of The Rosary Primary School & Nursery Class,P7,Writing - % Meeting Level,70-80%
2024/25,Glasgow City,Our Lady of Lourdes Primary School & Nursery Class,P1,Listening & Talking - % Meeting Level,80-90%
2024/25,Glasgow City,Our Lady of Lourdes Primary School & Nursery Class,P1,Numeracy - % Meeting Level,80-90%
2024/25,Glasgow City,Our Lady of Lourdes Primary School & Nursery Class,P1,Reading - % Meeting Level,70-80%
2024/25,Glasgow City,Our Lady of Lourdes Primary School & Nursery Class,P1,Writing - % Meeting Level,70-80%
2024/25,Glasgow City,Our Lady of Lourdes Primary School & Nursery Class,"P1, P4 & P7 combined",Listening & Talking - % Meeting Level,80-90%
2024/25,Glasgow City,Our Lady of Lourdes Primary School & Nursery Class,"P1, P4 & P7 combined",Numeracy - % Meeting Level,70-80%
2024/25,Glasgow City,Our Lady of Lourdes Primary School & Nursery Class,"P1, P4 & P7 combined",Reading - % Meeting Level,70-80%
2024/25,Glasgow City,Our Lady of Lourdes Primary School & Nursery Class,"P1, P4 & P7 combined",Writing - % Meeting Level,70-80%
2024/25,Glasgow City,Our Lady of Lourdes Primary School & Nursery Class,P4,Listening & Talking - % Meeting Level,80-90%
2024/25,Glasgow City,Our Lady of Lourdes Primary School & Nursery Class,P4,Numeracy - % Meeting Level,70-80%
2024/25,Glasgow City,Our Lady of Lourdes Primary School & Nursery Class,P4,Reading - % Meeting Level,70-80%
2024/25,Glasgow City,Our Lady of Lourdes Primary School & Nursery Class,P4,Writing - % Meeting Level,70-80%
2024/25,Glasgow City,Our Lady of Lourdes Primary School & Nursery Class,P7,Listening & Talking - % Meeting Level,80-90%
2024/25,Glasgow City,Our Lady of Lourdes Primary School & Nursery Class,P7,Numeracy - % Meeting Level,70-80%
2024/25,Glasgow City,Our Lady of Lourdes Primary School & Nursery Class,P7,Reading - % Meeting Level,70-80%
2024/25,Glasgow City,Our Lady of Lourdes Primary School & Nursery Class,P7,Writing - % Meeting Level,70-80%
2024/25,Glasgow City,Our Lady of Peace Primary School,P1,Listening & Talking - % Meeting Level,70-80%
2024/25,Glasgow City,Our Lady of Peace Primary School,P1,Numeracy - % Meeting Level,70-80%
2024/25,Glasgow City,Our Lady of Peace Primary School,P1,Reading - % Meeting Level,70-80%
2024/25,Glasgow City,Our Lady of Peace Primary School,P1,Writing - % Meeting Level,70-80%
2024/25,Glasgow City,Our Lady of Peace Primary School,"P1, P4 & P7 combined",Listening & Talking - % Meeting Level,80-90%
2024/25,Glasgow City,Our Lady of Peace Primary School,"P1, P4 & P7 combined",Numeracy - % Meeting Level,70-80%
2024/25,Glasgow City,Our Lady of Peace Primary School,"P1, P4 & P7 combined",Reading - % Meeting Level,70-80%
2024/25,Glasgow City,Our Lady of Peace Primary School,"P1, P4 & P7 combined",Writing - % Meeting Level,70-80%
2024/25,Glasgow City,Our Lady of Peace Primary School,P4,Listening & Talking - % Meeting Level,80-90%
2024/25,Glasgow City,Our Lady of Peace Primary School,P4,Numeracy - % Meeting Level,60-70%
2024/25,Glasgow City,Our Lady of Peace Primary School,P4,Reading - % Meeting Level,70-80%
2024/25,Glasgow City,Our Lady of Peace Primary School,P4,Writing - % Meeting Level,70-80%
2024/25,Glasgow City,Our Lady of Peace Primary School,P7,Listening & Talking - % Meeting Level,80-90%
2024/25,Glasgow City,Our Lady of Peace Primary School,P7,Numeracy - % Meeting Level,70-80%
2024/25,Glasgow City,Our Lady of Peace Primary School,P7,Reading - % Meeting Level,70-80%
2024/25,Glasgow City,Our Lady of Peace Primary School,P7,Writing - % Meeting Level,70-80%
2024/25,Glasgow City,Parkview Primary School,P1,Listening & Talking - % Meeting Level,80-90%
2024/25,Glasgow City,Parkview Primary School,P1,Numeracy - % Meeting Level,80-90%
2024/25,Glasgow City,Parkview Primary School,P1,Reading - % Meeting Level,70-80%
2024/25,Glasgow City,Parkview Primary School,P1,Writing - % Meeting Level,60-70%
2024/25,Glasgow City,Parkview Primary School,"P1, P4 & P7 combined",Listening & Talking - % Meeting Level,70-80%
2024/25,Glasgow City,Parkview Primary School,"P1, P4 & P7 combined",Numeracy - % Meeting Level,80-90%
2024/25,Glasgow City,Parkview Primary School,"P1, P4 & P7 combined",Reading - % Meeting Level,60-70%
2024/25,Glasgow City,Parkview Primary School,"P1, P4 & P7 combined",Writing - % Meeting Level,60-70%
2024/25,Glasgow City,Parkview Primary School,P4,Listening & Talking - % Meeting Level,70-80%
2024/25,Glasgow City,Parkview Primary School,P4,Numeracy - % Meeting Level,70-80%
2024/25,Glasgow City,Parkview Primary School,P4,Reading - % Meeting Level,60-70%
2024/25,Glasgow City,Parkview Primary School,P4,Writing - % Meeting Level,60-70%
2024/25,Glasgow City,Parkview Primary School,P7,Listening & Talking - % Meeting Level,80-90%
2024/25,Glasgow City,Parkview Primary School,P7,Numeracy - % Meeting Level,80-90%
2024/25,Glasgow City,Parkview Primary School,P7,Reading - % Meeting Level,60-70%
2024/25,Glasgow City,Parkview Primary School,P7,Writing - % Meeting Level,60-70%
2024/25,Glasgow City,Pirie Park Primary School,P1,Listening & Talking - % Meeting Level,80-90%
2024/25,Glasgow City,Pirie Park Primary School,P1,Numeracy - % Meeting Level,80-90%
2024/25,Glasgow City,Pirie Park Primary School,P1,Reading - % Meeting Level,70-80%
2024/25,Glasgow City,Pirie Park Primary School,P1,Writing - % Meeting Level,70-80%
2024/25,Glasgow City,Pirie Park Primary School,"P1, P4 & P7 combined",Listening & Talking - % Meeting Level,80-90%
2024/25,Glasgow City,Pirie Park Primary School,"P1, P4 & P7 combined",Numeracy - % Meeting Level,80-90%
2024/25,Glasgow City,Pirie Park Primary School,"P1, P4 & P7 combined",Reading - % Meeting Level,70-80%
2024/25,Glasgow City,Pirie Park Primary School,"P1, P4 & P7 combined",Writing - % Meeting Level,70-80%
2024/25,Glasgow City,Pirie Park Primary School,P4,Listening & Talking - % Meeting Level,80-90%
2024/25,Glasgow City,Pirie Park Primary School,P4,Numeracy - % Meeting Level,70-80%
2024/25,Glasgow City,Pirie Park Primary School,P4,Reading - % Meeting Level,60-70%
2024/25,Glasgow City,Pirie Park Primary School,P4,Writing - % Meeting Level,60-70%
2024/25,Glasgow City,Pirie Park Primary School,P7,Listening & Talking - % Meeting Level,90+%
2024/25,Glasgow City,Pirie Park Primary School,P7,Numeracy - % Meeting Level,80-90%
2024/25,Glasgow City,Pirie Park Primary School,P7,Reading - % Meeting Level,80-90%
2024/25,Glasgow City,Pirie Park Primary School,P7,Writing - % Meeting Level,80-90%
2024/25,Glasgow City,Pollokshields Primary School,P1,Listening & Talking - % Meeting Level,70-80%
2024/25,Glasgow City,Pollokshields Primary School,P1,Numeracy - % Meeting Level,70-80%
2024/25,Glasgow City,Pollokshields Primary School,P1,Reading - % Meeting Level,70-80%
2024/25,Glasgow City,Pollokshields Primary School,P1,Writing - % Meeting Level,70-80%
2024/25,Glasgow City,Pollokshields Primary School,"P1, P4 & P7 combined",Listening & Talking - % Meeting Level,70-80%
2024/25,Glasgow City,Pollokshields Primary School,"P1, P4 & P7 combined",Numeracy - % Meeting Level,50-60%
2024/25,Glasgow City,Pollokshields Primary School,"P1, P4 & P7 combined",Reading - % Meeting Level,60-70%
2024/25,Glasgow City,Pollokshields Primary School,"P1, P4 & P7 combined",Writing - % Meeting Level,50-60%
2024/25,Glasgow City,Pollokshields Primary School,P4,Listening & Talking - % Meeting Level,60-70%
2024/25,Glasgow City,Pollokshields Primary School,P4,Numeracy - % Meeting Level,40-50%
2024/25,Glasgow City,Pollokshields Primary School,P4,Reading - % Meeting Level,40-50%
2024/25,Glasgow City,Pollokshields Primary School,P4,Writing - % Meeting Level,30-40%
2024/25,Glasgow City,Pollokshields Primary School,P7,Listening & Talking - % Meeting Level,80-90%
2024/25,Glasgow City,Pollokshields Primary School,P7,Numeracy - % Meeting Level,50-60%
2024/25,Glasgow City,Pollokshields Primary School,P7,Reading - % Meeting Level,60-70%
2024/25,Glasgow City,Pollokshields Primary School,P7,Writing - % Meeting Level,50-60%
2024/25,Glasgow City,Quarry Brae Primary School and Nursery Class,P1,Listening & Talking - % Meeting Level,50-60%
2024/25,Glasgow City,Quarry Brae Primary School and Nursery Class,P1,Numeracy - % Meeting Level,50-60%
2024/25,Glasgow City,Quarry Brae Primary School and Nursery Class,P1,Reading - % Meeting Level,50-60%
2024/25,Glasgow City,Quarry Brae Primary School and Nursery Class,P1,Writing - % Meeting Level,50-60%
2024/25,Glasgow City,Quarry Brae Primary School and Nursery Class,"P1, P4 & P7 combined",Listening & Talking - % Meeting Level,60-70%
2024/25,Glasgow City,Quarry Brae Primary School and Nursery Class,"P1, P4 & P7 combined",Numeracy - % Meeting Level,50-60%
2024/25,Glasgow City,Quarry Brae Primary School and Nursery Class,"P1, P4 & P7 combined",Reading - % Meeting Level,50-60%
2024/25,Glasgow City,Quarry Brae Primary School and Nursery Class,"P1, P4 & P7 combined",Writing - % Meeting Level,50-60%
2024/25,Glasgow City,Quarry Brae Primary School and Nursery Class,P4,Listening & Talking - % Meeting Level,80-90%
2024/25,Glasgow City,Quarry Brae Primary School and Nursery Class,P4,Numeracy - % Meeting Level,60-70%
2024/25,Glasgow City,Quarry Brae Primary School and Nursery Class,P4,Reading - % Meeting Level,70-80%
2024/25,Glasgow City,Quarry Brae Primary School and Nursery Class,P4,Writing - % Meeting Level,50-60%
2024/25,Glasgow City,Quarry Brae Primary School and Nursery Class,P7,Listening & Talking - % Meeting Level,60-70%
2024/25,Glasgow City,Quarry Brae Primary School and Nursery Class,P7,Numeracy - % Meeting Level,50-60%
2024/25,Glasgow City,Quarry Brae Primary School and Nursery Class,P7,Reading - % Meeting Level,50-60%
2024/25,Glasgow City,Quarry Brae Primary School and Nursery Class,P7,Writing - % Meeting Level,50-60%
2024/25,Glasgow City,Riverbank Primary School,P1,Listening & Talking - % Meeting Level,90+%
2024/25,Glasgow City,Riverbank Primary School,P1,Numeracy - % Meeting Level,80-90%
2024/25,Glasgow City,Riverbank Primary School,P1,Reading - % Meeting Level,80-90%
2024/25,Glasgow City,Riverbank Primary School,P1,Writing - % Meeting Level,70-80%
2024/25,Glasgow City,Riverbank Primary School,"P1, P4 & P7 combined",Listening & Talking - % Meeting Level,80-90%
2024/25,Glasgow City,Riverbank Primary School,"P1, P4 & P7 combined",Numeracy - % Meeting Level,80-90%
2024/25,Glasgow City,Riverbank Primary School,"P1, P4 & P7 combined",Reading - % Meeting Level,70-80%
2024/25,Glasgow City,Riverbank Primary School,"P1, P4 & P7 combined",Writing - % Meeting Level,70-80%
2024/25,Glasgow City,Riverbank Primary School,P4,Listening & Talking - % Meeting Level,80-90%
2024/25,Glasgow City,Riverbank Primary School,P4,Numeracy - % Meeting Level,70-80%
2024/25,Glasgow City,Riverbank Primary School,P4,Reading - % Meeting Level,70-80%
2024/25,Glasgow City,Riverbank Primary School,P4,Writing - % Meeting Level,60-70%
2024/25,Glasgow City,Riverbank Primary School,P7,Listening & Talking - % Meeting Level,70-80%
2024/25,Glasgow City,Riverbank Primary School,P7,Numeracy - % Meeting Level,70-80%
2024/25,Glasgow City,Riverbank Primary School,P7,Reading - % Meeting Level,70-80%
2024/25,Glasgow City,Riverbank Primary School,P7,Writing - % Meeting Level,60-70%
2024/25,Glasgow City,Riverside Primary School,P1,Listening & Talking - % Meeting Level,50-60%
2024/25,Glasgow City,Riverside Primary School,P1,Numeracy - % Meeting Level,40-50%
2024/25,Glasgow City,Riverside Primary School,P1,Reading - % Meeting Level,40-50%
2024/25,Glasgow City,Riverside Primary School,P1,Writing - % Meeting Level,30-40%
2024/25,Glasgow City,Riverside Primary School,"P1, P4 & P7 combined",Listening & Talking - % Meeting Level,70-80%
2024/25,Glasgow City,Riverside Primary School,"P1, P4 & P7 combined",Numeracy - % Meeting Level,50-60%
2024/25,Glasgow City,Riverside Primary School,"P1, P4 & P7 combined",Reading - % Meeting Level,50-60%
2024/25,Glasgow City,Riverside Primary School,"P1, P4 & P7 combined",Writing - % Meeting Level,40-50%
2024/25,Glasgow City,Riverside Primary School,P4,Listening & Talking - % Meeting Level,90+%
2024/25,Glasgow City,Riverside Primary School,P4,Numeracy - % Meeting Level,70-80%
2024/25,Glasgow City,Riverside Primary School,P4,Reading - % Meeting Level,70-80%
2024/25,Glasgow City,Riverside Primary School,P4,Writing - % Meeting Level,70-80%
2024/25,Glasgow City,Riverside Primary School,P7,Listening & Talking - % Meeting Level,70-80%
2024/25,Glasgow City,Riverside Primary School,P7,Numeracy - % Meeting Level,50-60%
2024/25,Glasgow City,Riverside Primary School,P7,Reading - % Meeting Level,60-70%
2024/25,Glasgow City,Riverside Primary School,P7,Writing - % Meeting Level,40-50%
2024/25,Glasgow City,Royston Primary School,P1,Listening & Talking - % Meeting Level,70-80%
2024/25,Glasgow City,Royston Primary School,P1,Numeracy - % Meeting Level,70-80%
2024/25,Glasgow City,Royston Primary School,P1,Reading - % Meeting Level,60-70%
2024/25,Glasgow City,Royston Primary School,P1,Writing - % Meeting Level,70-80%
2024/25,Glasgow City,Royston Primary School,"P1, P4 & P7 combined",Listening & Talking - % Meeting Level,70-80%
2024/25,Glasgow City,Royston Primary School,"P1, P4 & P7 combined",Numeracy - % Meeting Level,70-80%
2024/25,Glasgow City,Royston Primary School,"P1, P4 & P7 combined",Reading - % Meeting Level,70-80%
2024/25,Glasgow City,Royston Primary School,"P1, P4 & P7 combined",Writing - % Meeting Level,70-80%
2024/25,Glasgow City,Royston Primary School,P4,Listening & Talking - % Meeting Level,c
2024/25,Glasgow City,Royston Primary School,P4,Numeracy - % Meeting Level,c
2024/25,Glasgow City,Royston Primary School,P4,Reading - % Meeting Level,c
2024/25,Glasgow City,Royston Primary School,P4,Writing - % Meeting Level,c
2024/25,Glasgow City,Royston Primary School,P7,Listening & Talking - % Meeting Level,c
2024/25,Glasgow City,Royston Primary School,P7,Numeracy - % Meeting Level,c
2024/25,Glasgow City,Royston Primary School,P7,Reading - % Meeting Level,c
2024/25,Glasgow City,Royston Primary School,P7,Writing - % Meeting Level,c
2024/25,Glasgow City,Sacred Heart Primary School,P1,Listening & Talking - % Meeting Level,90+%
2024/25,Glasgow City,Sacred Heart Primary School,P1,Numeracy - % Meeting Level,90+%
2024/25,Glasgow City,Sacred Heart Primary School,P1,Reading - % Meeting Level,90+%
2024/25,Glasgow City,Sacred Heart Primary School,P1,Writing - % Meeting Level,80-90%
2024/25,Glasgow City,Sacred Heart Primary School,"P1, P4 & P7 combined",Listening & Talking - % Meeting Level,80-90%
2024/25,Glasgow City,Sacred Heart Primary School,"P1, P4 & P7 combined",Numeracy - % Meeting Level,90+%
2024/25,Glasgow City,Sacred Heart Primary School,"P1, P4 & P7 combined",Reading - % Meeting Level,80-90%
2024/25,Glasgow City,Sacred Heart Primary School,"P1, P4 & P7 combined",Writing - % Meeting Level,80-90%
2024/25,Glasgow City,Sacred Heart Primary School,P4,Listening & Talking - % Meeting Level,80-90%
2024/25,Glasgow City,Sacred Heart Primary School,P4,Numeracy - % Meeting Level,80-90%
2024/25,Glasgow City,Sacred Heart Primary School,P4,Reading - % Meeting Level,80-90%
2024/25,Glasgow City,Sacred Heart Primary School,P4,Writing - % Meeting Level,80-90%
2024/25,Glasgow City,Sacred Heart Primary School,P7,Listening & Talking - % Meeting Level,80-90%
2024/25,Glasgow City,Sacred Heart Primary School,P7,Numeracy - % Meeting Level,90+%
2024/25,Glasgow City,Sacred Heart Primary School,P7,Reading - % Meeting Level,80-90%
2024/25,Glasgow City,Sacred Heart Primary School,P7,Writing - % Meeting Level,80-90%
2024/25,Glasgow City,Sandaig Primary School,P1,Listening & Talking - % Meeting Level,70-80%
2024/25,Glasgow City,Sandaig Primary School,P1,Numeracy - % Meeting Level,70-80%
2024/25,Glasgow City,Sandaig Primary School,P1,Reading - % Meeting Level,70-80%
2024/25,Glasgow City,Sandaig Primary School,P1,Writing - % Meeting Level,70-80%
2024/25,Glasgow City,Sandaig Primary School,"P1, P4 & P7 combined",Listening & Talking - % Meeting Level,80-90%
2024/25,Glasgow City,Sandaig Primary School,"P1, P4 & P7 combined",Numeracy - % Meeting Level,80-90%
2024/25,Glasgow City,Sandaig Primary School,"P1, P4 & P7 combined",Reading - % Meeting Level,80-90%
2024/25,Glasgow City,Sandaig Primary School,"P1, P4 & P7 combined",Writing - % Meeting Level,70-80%
2024/25,Glasgow City,Sandaig Primary School,P4,Listening & Talking - % Meeting Level,80-90%
2024/25,Glasgow City,Sandaig Primary School,P4,Numeracy - % Meeting Level,70-80%
2024/25,Glasgow City,Sandaig Primary School,P4,Reading - % Meeting Level,70-80%
2024/25,Glasgow City,Sandaig Primary School,P4,Writing - % Meeting Level,70-80%
2024/25,Glasgow City,Sandaig Primary School,P7,Listening & Talking - % Meeting Level,90+%
2024/25,Glasgow City,Sandaig Primary School,P7,Numeracy - % Meeting Level,90+%
2024/25,Glasgow City,Sandaig Primary School,P7,Reading - % Meeting Level,90+%
2024/25,Glasgow City,Sandaig Primary School,P7,Writing - % Meeting Level,80-90%
2024/25,Glasgow City,Sandwood Primary School,P1,Listening & Talking - % Meeting Level,70-80%
2024/25,Glasgow City,Sandwood Primary School,P1,Numeracy - % Meeting Level,70-80%
2024/25,Glasgow City,Sandwood Primary School,P1,Reading - % Meeting Level,60-70%
2024/25,Glasgow City,Sandwood Primary School,P1,Writing - % Meeting Level,50-60%
2024/25,Glasgow City,Sandwood Primary School,"P1, P4 & P7 combined",Listening & Talking - % Meeting Level,70-80%
2024/25,Glasgow City,Sandwood Primary School,"P1, P4 & P7 combined",Numeracy - % Meeting Level,60-70%
2024/25,Glasgow City,Sandwood Primary School,"P1, P4 & P7 combined",Reading - % Meeting Level,60-70%
2024/25,Glasgow City,Sandwood Primary School,"P1, P4 & P7 combined",Writing - % Meeting Level,50-60%
2024/25,Glasgow City,Sandwood Primary School,P4,Listening & Talking - % Meeting Level,70-80%
2024/25,Glasgow City,Sandwood Primary School,P4,Numeracy - % Meeting Level,60-70%
2024/25,Glasgow City,Sandwood Primary School,P4,Reading - % Meeting Level,60-70%
2024/25,Glasgow City,Sandwood Primary School,P4,Writing - % Meeting Level,50-60%
2024/25,Glasgow City,Sandwood Primary School,P7,Listening & Talking - % Meeting Level,80-90%
2024/25,Glasgow City,Sandwood Primary School,P7,Numeracy - % Meeting Level,60-70%
2024/25,Glasgow City,Sandwood Primary School,P7,Reading - % Meeting Level,70-80%
2024/25,Glasgow City,Sandwood Primary School,P7,Writing - % Meeting Level,50-60%
2024/25,Glasgow City,Saracen Primary School,P1,Listening & Talking - % Meeting Level,60-70%
2024/25,Glasgow City,Saracen Primary School,P1,Numeracy - % Meeting Level,70-80%
2024/25,Glasgow City,Saracen Primary School,P1,Reading - % Meeting Level,60-70%
2024/25,Glasgow City,Saracen Primary School,P1,Writing - % Meeting Level,60-70%
2024/25,Glasgow City,Saracen Primary School,"P1, P4 & P7 combined",Listening & Talking - % Meeting Level,70-80%
2024/25,Glasgow City,Saracen Primary School,"P1, P4 & P7 combined",Numeracy - % Meeting Level,70-80%
2024/25,Glasgow City,Saracen Primary School,"P1, P4 & P7 combined",Reading - % Meeting Level,70-80%
2024/25,Glasgow City,Saracen Primary School,"P1, P4 & P7 combined",Writing - % Meeting Level,70-80%
2024/25,Glasgow City,Saracen Primary School,P4,Listening & Talking - % Meeting Level,70-80%
2024/25,Glasgow City,Saracen Primary School,P4,Numeracy - % Meeting Level,70-80%
2024/25,Glasgow City,Saracen Primary School,P4,Reading - % Meeting Level,70-80%
2024/25,Glasgow City,Saracen Primary School,P4,Writing - % Meeting Level,60-70%
2024/25,Glasgow City,Saracen Primary School,P7,Listening & Talking - % Meeting Level,90+%
2024/25,Glasgow City,Saracen Primary School,P7,Numeracy - % Meeting Level,90+%
2024/25,Glasgow City,Saracen Primary School,P7,Reading - % Meeting Level,80-90%
2024/25,Glasgow City,Saracen Primary School,P7,Writing - % Meeting Level,80-90%
2024/25,Glasgow City,Scotstoun Primary School,P1,Listening & Talking - % Meeting Level,80-90%
2024/25,Glasgow City,Scotstoun Primary School,P1,Numeracy - % Meeting Level,80-90%
2024/25,Glasgow City,Scotstoun Primary School,P1,Reading - % Meeting Level,80-90%
2024/25,Glasgow City,Scotstoun Primary School,P1,Writing - % Meeting Level,80-90%
2024/25,Glasgow City,Scotstoun Primary School,"P1, P4 & P7 combined",Listening & Talking - % Meeting Level,90+%
2024/25,Glasgow City,Scotstoun Primary School,"P1, P4 & P7 combined",Numeracy - % Meeting Level,80-90%
2024/25,Glasgow City,Scotstoun Primary School,"P1, P4 & P7 combined",Reading - % Meeting Level,90+%
2024/25,Glasgow City,Scotstoun Primary School,"P1, P4 & P7 combined",Writing - % Meeting Level,80-90%
2024/25,Glasgow City,Scotstoun Primary School,P4,Listening & Talking - % Meeting Level,90+%
2024/25,Glasgow City,Scotstoun Primary School,P4,Numeracy - % Meeting Level,80-90%
2024/25,Glasgow City,Scotstoun Primary School,P4,Reading - % Meeting Level,80-90%
2024/25,Glasgow City,Scotstoun Primary School,P4,Writing - % Meeting Level,80-90%
2024/25,Glasgow City,Scotstoun Primary School,P7,Listening & Talking - % Meeting Level,90+%
2024/25,Glasgow City,Scotstoun Primary School,P7,Numeracy - % Meeting Level,80-90%
2024/25,Glasgow City,Scotstoun Primary School,P7,Reading - % Meeting Level,90+%
2024/25,Glasgow City,Scotstoun Primary School,P7,Writing - % Meeting Level,90+%
2024/25,Glasgow City,Shawlands Primary School,P1,Listening & Talking - % Meeting Level,90+%
2024/25,Glasgow City,Shawlands Primary School,P1,Numeracy - % Meeting Level,90+%
2024/25,Glasgow City,Shawlands Primary School,P1,Reading - % Meeting Level,90+%
2024/25,Glasgow City,Shawlands Primary School,P1,Writing - % Meeting Level,90+%
2024/25,Glasgow City,Shawlands Primary School,"P1, P4 & P7 combined",Listening & Talking - % Meeting Level,80-90%
2024/25,Glasgow City,Shawlands Primary School,"P1, P4 & P7 combined",Numeracy - % Meeting Level,70-80%
2024/25,Glasgow City,Shawlands Primary School,"P1, P4 & P7 combined",Reading - % Meeting Level,70-80%
2024/25,Glasgow City,Shawlands Primary School,"P1, P4 & P7 combined",Writing - % Meeting Level,60-70%
2024/25,Glasgow City,Shawlands Primary School,P4,Listening & Talking - % Meeting Level,80-90%
2024/25,Glasgow City,Shawlands Primary School,P4,Numeracy - % Meeting Level,70-80%
2024/25,Glasgow City,Shawlands Primary School,P4,Reading - % Meeting Level,70-80%
2024/25,Glasgow City,Shawlands Primary School,P4,Writing - % Meeting Level,50-60%
2024/25,Glasgow City,Shawlands Primary School,P7,Listening & Talking - % Meeting Level,80-90%
2024/25,Glasgow City,Shawlands Primary School,P7,Numeracy - % Meeting Level,60-70%
2024/25,Glasgow City,Shawlands Primary School,P7,Reading - % Meeting Level,60-70%
2024/25,Glasgow City,Shawlands Primary School,P7,Writing - % Meeting Level,50-60%
2024/25,Glasgow City,St Albert's Primary School,P1,Listening & Talking - % Meeting Level,90+%
2024/25,Glasgow City,St Albert's Primary School,P1,Numeracy - % Meeting Level,90+%
2024/25,Glasgow City,St Albert's Primary School,P1,Reading - % Meeting Level,90+%
2024/25,Glasgow City,St Albert's Primary School,P1,Writing - % Meeting Level,90+%
2024/25,Glasgow City,St Albert's Primary School,"P1, P4 & P7 combined",Listening & Talking - % Meeting Level,70-80%
2024/25,Glasgow City,St Albert's Primary School,"P1, P4 & P7 combined",Numeracy - % Meeting Level,70-80%
2024/25,Glasgow City,St Albert's Primary School,"P1, P4 & P7 combined",Reading - % Meeting Level,70-80%
2024/25,Glasgow City,St Albert's Primary School,"P1, P4 & P7 combined",Writing - % Meeting Level,70-80%
2024/25,Glasgow City,St Albert's Primary School,P4,Listening & Talking - % Meeting Level,70-80%
2024/25,Glasgow City,St Albert's Primary School,P4,Numeracy - % Meeting Level,60-70%
2024/25,Glasgow City,St Albert's Primary School,P4,Reading - % Meeting Level,60-70%
2024/25,Glasgow City,St Albert's Primary School,P4,Writing - % Meeting Level,50-60%
2024/25,Glasgow City,St Albert's Primary School,P7,Listening & Talking - % Meeting Level,70-80%
2024/25,Glasgow City,St Albert's Primary School,P7,Numeracy - % Meeting Level,70-80%
2024/25,Glasgow City,St Albert's Primary School,P7,Reading - % Meeting Level,70-80%
2024/25,Glasgow City,St Albert's Primary School,P7,Writing - % Meeting Level,70-80%
2024/25,Glasgow City,St Angela's Primary School & Nursery Class,P1,Listening & Talking - % Meeting Level,80-90%
2024/25,Glasgow City,St Angela's Primary School & Nursery Class,P1,Numeracy - % Meeting Level,80-90%
2024/25,Glasgow City,St Angela's Primary School & Nursery Class,P1,Reading - % Meeting Level,70-80%
2024/25,Glasgow City,St Angela's Primary School & Nursery Class,P1,Writing - % Meeting Level,70-80%
2024/25,Glasgow City,St Angela's Primary School & Nursery Class,"P1, P4 & P7 combined",Listening & Talking - % Meeting Level,80-90%
2024/25,Glasgow City,St Angela's Primary School & Nursery Class,"P1, P4 & P7 combined",Numeracy - % Meeting Level,80-90%
2024/25,Glasgow City,St Angela's Primary School & Nursery Class,"P1, P4 & P7 combined",Reading - % Meeting Level,70-80%
2024/25,Glasgow City,St Angela's Primary School & Nursery Class,"P1, P4 & P7 combined",Writing - % Meeting Level,70-80%
2024/25,Glasgow City,St Angela's Primary School & Nursery Class,P4,Listening & Talking - % Meeting Level,80-90%
2024/25,Glasgow City,St Angela's Primary School & Nursery Class,P4,Numeracy - % Meeting Level,80-90%
2024/25,Glasgow City,St Angela's Primary School & Nursery Class,P4,Reading - % Meeting Level,80-90%
2024/25,Glasgow City,St Angela's Primary School & Nursery Class,P4,Writing - % Meeting Level,80-90%
2024/25,Glasgow City,St Angela's Primary School & Nursery Class,P7,Listening & Talking - % Meeting Level,80-90%
2024/25,Glasgow City,St Angela's Primary School & Nursery Class,P7,Numeracy - % Meeting Level,70-80%
2024/25,Glasgow City,St Angela's Primary School & Nursery Class,P7,Reading - % Meeting Level,70-80%
2024/25,Glasgow City,St Angela's Primary School & Nursery Class,P7,Writing - % Meeting Level,70-80%
2024/25,Glasgow City,St Anne's Primary School,P1,Listening & Talking - % Meeting Level,60-70%
2024/25,Glasgow City,St Anne's Primary School,P1,Numeracy - % Meeting Level,60-70%
2024/25,Glasgow City,St Anne's Primary School,P1,Reading - % Meeting Level,60-70%
2024/25,Glasgow City,St Anne's Primary School,P1,Writing - % Meeting Level,60-70%
2024/25,Glasgow City,St Anne's Primary School,"P1, P4 & P7 combined",Listening & Talking - % Meeting Level,70-80%
2024/25,Glasgow City,St Anne's Primary School,"P1, P4 & P7 combined",Numeracy - % Meeting Level,60-70%
2024/25,Glasgow City,St Anne's Primary School,"P1, P4 & P7 combined",Reading - % Meeting Level,60-70%
2024/25,Glasgow City,St Anne's Primary School,"P1, P4 & P7 combined",Writing - % Meeting Level,50-60%
2024/25,Glasgow City,St Anne's Primary School,P4,Listening & Talking - % Meeting Level,60-70%
2024/25,Glasgow City,St Anne's Primary School,P4,Numeracy - % Meeting Level,60-70%
2024/25,Glasgow City,St Anne's Primary School,P4,Reading - % Meeting Level,50-60%
2024/25,Glasgow City,St Anne's Primary School,P4,Writing - % Meeting Level,50-60%
2024/25,Glasgow City,St Anne's Primary School,P7,Listening & Talking - % Meeting Level,80-90%
2024/25,Glasgow City,St Anne's Primary School,P7,Numeracy - % Meeting Level,70-80%
2024/25,Glasgow City,St Anne's Primary School,P7,Reading - % Meeting Level,80-90%
2024/25,Glasgow City,St Anne's Primary School,P7,Writing - % Meeting Level,60-70%
2024/25,Glasgow City,St Bartholomew's Primary School,P1,Listening & Talking - % Meeting Level,70-80%
2024/25,Glasgow City,St Bartholomew's Primary School,P1,Numeracy - % Meeting Level,70-80%
2024/25,Glasgow City,St Bartholomew's Primary School,P1,Reading - % Meeting Level,70-80%
2024/25,Glasgow City,St Bartholomew's Primary School,P1,Writing - % Meeting Level,70-80%
2024/25,Glasgow City,St Bartholomew's Primary School,"P1, P4 & P7 combined",Listening & Talking - % Meeting Level,80-90%
2024/25,Glasgow City,St Bartholomew's Primary School,"P1, P4 & P7 combined",Numeracy - % Meeting Level,70-80%
2024/25,Glasgow City,St Bartholomew's Primary School,"P1, P4 & P7 combined",Reading - % Meeting Level,70-80%
2024/25,Glasgow City,St Bartholomew's Primary School,"P1, P4 & P7 combined",Writing - % Meeting Level,70-80%
2024/25,Glasgow City,St Bartholomew's Primary School,P4,Listening & Talking - % Meeting Level,70-80%
2024/25,Glasgow City,St Bartholomew's Primary School,P4,Numeracy - % Meeting Level,70-80%
2024/25,Glasgow City,St Bartholomew's Primary School,P4,Reading - % Meeting Level,70-80%
2024/25,Glasgow City,St Bartholomew's Primary School,P4,Writing - % Meeting Level,60-70%
2024/25,Glasgow City,St Bartholomew's Primary School,P7,Listening & Talking - % Meeting Level,90+%
2024/25,Glasgow City,St Bartholomew's Primary School,P7,Numeracy - % Meeting Level,80-90%
2024/25,Glasgow City,St Bartholomew's Primary School,P7,Reading - % Meeting Level,80-90%
2024/25,Glasgow City,St Bartholomew's Primary School,P7,Writing - % Meeting Level,70-80%
2024/25,Glasgow City,St Benedict's Primary School,P1,Listening & Talking - % Meeting Level,60-70%
2024/25,Glasgow City,St Benedict's Primary School,P1,Numeracy - % Meeting Level,70-80%
2024/25,Glasgow City,St Benedict's Primary School,P1,Reading - % Meeting Level,70-80%
2024/25,Glasgow City,St Benedict's Primary School,P1,Writing - % Meeting Level,70-80%
2024/25,Glasgow City,St Benedict's Primary School,"P1, P4 & P7 combined",Listening & Talking - % Meeting Level,70-80%
2024/25,Glasgow City,St Benedict's Primary School,"P1, P4 & P7 combined",Numeracy - % Meeting Level,80-90%
2024/25,Glasgow City,St Benedict's Primary School,"P1, P4 & P7 combined",Reading - % Meeting Level,80-90%
2024/25,Glasgow City,St Benedict's Primary School,"P1, P4 & P7 combined",Writing - % Meeting Level,80-90%
2024/25,Glasgow City,St Benedict's Primary School,P4,Listening & Talking - % Meeting Level,80-90%
2024/25,Glasgow City,St Benedict's Primary School,P4,Numeracy - % Meeting Level,80-90%
2024/25,Glasgow City,St Benedict's Primary School,P4,Reading - % Meeting Level,80-90%
2024/25,Glasgow City,St Benedict's Primary School,P4,Writing - % Meeting Level,80-90%
2024/25,Glasgow City,St Benedict's Primary School,P7,Listening & Talking - % Meeting Level,80-90%
2024/25,Glasgow City,St Benedict's Primary School,P7,Numeracy - % Meeting Level,80-90%
2024/25,Glasgow City,St Benedict's Primary School,P7,Reading - % Meeting Level,80-90%
2024/25,Glasgow City,St Benedict's Primary School,P7,Writing - % Meeting Level,80-90%
2024/25,Glasgow City,St Bernard's Primary School,P1,Listening & Talking - % Meeting Level,80-90%
2024/25,Glasgow City,St Bernard's Primary School,P1,Numeracy - % Meeting Level,70-80%
2024/25,Glasgow City,St Bernard's Primary School,P1,Reading - % Meeting Level,70-80%
2024/25,Glasgow City,St Bernard's Primary School,P1,Writing - % Meeting Level,50-60%
2024/25,Glasgow City,St Bernard's Primary School,"P1, P4 & P7 combined",Listening & Talking - % Meeting Level,80-90%
2024/25,Glasgow City,St Bernard's Primary School,"P1, P4 & P7 combined",Numeracy - % Meeting Level,70-80%
2024/25,Glasgow City,St Bernard's Primary School,"P1, P4 & P7 combined",Reading - % Meeting Level,70-80%
2024/25,Glasgow City,St Bernard's Primary School,"P1, P4 & P7 combined",Writing - % Meeting Level,60-70%
2024/25,Glasgow City,St Bernard's Primary School,P4,Listening & Talking - % Meeting Level,80-90%
2024/25,Glasgow City,St Bernard's Primary School,P4,Numeracy - % Meeting Level,70-80%
2024/25,Glasgow City,St Bernard's Primary School,P4,Reading - % Meeting Level,70-80%
2024/25,Glasgow City,St Bernard's Primary School,P4,Writing - % Meeting Level,70-80%
2024/25,Glasgow City,St Bernard's Primary School,P7,Listening & Talking - % Meeting Level,70-80%
2024/25,Glasgow City,St Bernard's Primary School,P7,Numeracy - % Meeting Level,70-80%
2024/25,Glasgow City,St Bernard's Primary School,P7,Reading - % Meeting Level,60-70%
2024/25,Glasgow City,St Bernard's Primary School,P7,Writing - % Meeting Level,60-70%
2024/25,Glasgow City,St Blane's Primary School,P1,Listening & Talking - % Meeting Level,90+%
2024/25,Glasgow City,St Blane's Primary School,P1,Numeracy - % Meeting Level,90+%
2024/25,Glasgow City,St Blane's Primary School,P1,Reading - % Meeting Level,80-90%
2024/25,Glasgow City,St Blane's Primary School,P1,Writing - % Meeting Level,80-90%
2024/25,Glasgow City,St Blane's Primary School,"P1, P4 & P7 combined",Listening & Talking - % Meeting Level,90+%
2024/25,Glasgow City,St Blane's Primary School,"P1, P4 & P7 combined",Numeracy - % Meeting Level,80-90%
2024/25,Glasgow City,St Blane's Primary School,"P1, P4 & P7 combined",Reading - % Meeting Level,80-90%
2024/25,Glasgow City,St Blane's Primary School,"P1, P4 & P7 combined",Writing - % Meeting Level,80-90%
2024/25,Glasgow City,St Blane's Primary School,P4,Listening & Talking - % Meeting Level,90+%
2024/25,Glasgow City,St Blane's Primary School,P4,Numeracy - % Meeting Level,80-90%
2024/25,Glasgow City,St Blane's Primary School,P4,Reading - % Meeting Level,80-90%
2024/25,Glasgow City,St Blane's Primary School,P4,Writing - % Meeting Level,80-90%
2024/25,Glasgow City,St Blane's Primary School,P7,Listening & Talking - % Meeting Level,90+%
2024/25,Glasgow City,St Blane's Primary School,P7,Numeracy - % Meeting Level,80-90%
2024/25,Glasgow City,St Blane's Primary School,P7,Reading - % Meeting Level,90+%
2024/25,Glasgow City,St Blane's Primary School,P7,Writing - % Meeting Level,80-90%
2024/25,Glasgow City,St Brendan's Primary School,P1,Listening & Talking - % Meeting Level,70-80%
2024/25,Glasgow City,St Brendan's Primary School,P1,Numeracy - % Meeting Level,70-80%
2024/25,Glasgow City,St Brendan's Primary School,P1,Reading - % Meeting Level,40-50%
2024/25,Glasgow City,St Brendan's Primary School,P1,Writing - % Meeting Level,40-50%
2024/25,Glasgow City,St Brendan's Primary School,"P1, P4 & P7 combined",Listening & Talking - % Meeting Level,70-80%
2024/25,Glasgow City,St Brendan's Primary School,"P1, P4 & P7 combined",Numeracy - % Meeting Level,70-80%
2024/25,Glasgow City,St Brendan's Primary School,"P1, P4 & P7 combined",Reading - % Meeting Level,60-70%
2024/25,Glasgow City,St Brendan's Primary School,"P1, P4 & P7 combined",Writing - % Meeting Level,60-70%
2024/25,Glasgow City,St Brendan's Primary School,P4,Listening & Talking - % Meeting Level,70-80%
2024/25,Glasgow City,St Brendan's Primary School,P4,Numeracy - % Meeting Level,50-60%
2024/25,Glasgow City,St Brendan's Primary School,P4,Reading - % Meeting Level,50-60%
2024/25,Glasgow City,St Brendan's Primary School,P4,Writing - % Meeting Level,50-60%
2024/25,Glasgow City,St Brendan's Primary School,P7,Listening & Talking - % Meeting Level,80-90%
2024/25,Glasgow City,St Brendan's Primary School,P7,Numeracy - % Meeting Level,80-90%
2024/25,Glasgow City,St Brendan's Primary School,P7,Reading - % Meeting Level,70-80%
2024/25,Glasgow City,St Brendan's Primary School,P7,Writing - % Meeting Level,70-80%
2024/25,Glasgow City,St Bride's Primary School,P1,Listening & Talking - % Meeting Level,c
2024/25,Glasgow City,St Bride's Primary School,P1,Numeracy - % Meeting Level,c
2024/25,Glasgow City,St Bride's Primary School,P1,Reading - % Meeting Level,c
2024/25,Glasgow City,St Bride's Primary School,P1,Writing - % Meeting Level,c
2024/25,Glasgow City,St Bride's Primary School,"P1, P4 & P7 combined",Listening & Talking - % Meeting Level,50-60%
2024/25,Glasgow City,St Bride's Primary School,"P1, P4 & P7 combined",Numeracy - % Meeting Level,40-50%
2024/25,Glasgow City,St Bride's Primary School,"P1, P4 & P7 combined",Reading - % Meeting Level,50-60%
2024/25,Glasgow City,St Bride's Primary School,"P1, P4 & P7 combined",Writing - % Meeting Level,40-50%
2024/25,Glasgow City,St Bride's Primary School,P4,Listening & Talking - % Meeting Level,40-50%
2024/25,Glasgow City,St Bride's Primary School,P4,Numeracy - % Meeting Level,40-50%
2024/25,Glasgow City,St Bride's Primary School,P4,Reading - % Meeting Level,40-50%
2024/25,Glasgow City,St Bride's Primary School,P4,Writing - % Meeting Level,40-50%
2024/25,Glasgow City,St Bride's Primary School,P7,Listening & Talking - % Meeting Level,60-70%
2024/25,Glasgow City,St Bride's Primary School,P7,Numeracy - % Meeting Level,40-50%
2024/25,Glasgow City,St Bride's Primary School,P7,Reading - % Meeting Level,50-60%
2024/25,Glasgow City,St Bride's Primary School,P7,Writing - % Meeting Level,40-50%
2024/25,Glasgow City,St Bridget's Primary School & Nursery Class,P1,Listening & Talking - % Meeting Level,90+%
2024/25,Glasgow City,St Bridget's Primary School & Nursery Class,P1,Numeracy - % Meeting Level,70-80%
2024/25,Glasgow City,St Bridget's Primary School & Nursery Class,P1,Reading - % Meeting Level,80-90%
2024/25,Glasgow City,St Bridget's Primary School & Nursery Class,P1,Writing - % Meeting Level,70-80%
2024/25,Glasgow City,St Bridget's Primary School & Nursery Class,"P1, P4 & P7 combined",Listening & Talking - % Meeting Level,90+%
2024/25,Glasgow City,St Bridget's Primary School & Nursery Class,"P1, P4 & P7 combined",Numeracy - % Meeting Level,70-80%
2024/25,Glasgow City,St Bridget's Primary School & Nursery Class,"P1, P4 & P7 combined",Reading - % Meeting Level,80-90%
2024/25,Glasgow City,St Bridget's Primary School & Nursery Class,"P1, P4 & P7 combined",Writing - % Meeting Level,70-80%
2024/25,Glasgow City,St Bridget's Primary School & Nursery Class,P4,Listening & Talking - % Meeting Level,90+%
2024/25,Glasgow City,St Bridget's Primary School & Nursery Class,P4,Numeracy - % Meeting Level,70-80%
2024/25,Glasgow City,St Bridget's Primary School & Nursery Class,P4,Reading - % Meeting Level,80-90%
2024/25,Glasgow City,St Bridget's Primary School & Nursery Class,P4,Writing - % Meeting Level,80-90%
2024/25,Glasgow City,St Bridget's Primary School & Nursery Class,P7,Listening & Talking - % Meeting Level,90+%
2024/25,Glasgow City,St Bridget's Primary School & Nursery Class,P7,Numeracy - % Meeting Level,80-90%
2024/25,Glasgow City,St Bridget's Primary School & Nursery Class,P7,Reading - % Meeting Level,70-80%
2024/25,Glasgow City,St Bridget's Primary School & Nursery Class,P7,Writing - % Meeting Level,60-70%
2024/25,Glasgow City,St Brigid's Primary School,P1,Listening & Talking - % Meeting Level,80-90%
2024/25,Glasgow City,St Brigid's Primary School,P1,Numeracy - % Meeting Level,70-80%
2024/25,Glasgow City,St Brigid's Primary School,P1,Reading - % Meeting Level,70-80%
2024/25,Glasgow City,St Brigid's Primary School,P1,Writing - % Meeting Level,80-90%
2024/25,Glasgow City,St Brigid's Primary School,"P1, P4 & P7 combined",Listening & Talking - % Meeting Level,80-90%
2024/25,Glasgow City,St Brigid's Primary School,"P1, P4 & P7 combined",Numeracy - % Meeting Level,70-80%
2024/25,Glasgow City,St Brigid's Primary School,"P1, P4 & P7 combined",Reading - % Meeting Level,70-80%
2024/25,Glasgow City,St Brigid's Primary School,"P1, P4 & P7 combined",Writing - % Meeting Level,70-80%
2024/25,Glasgow City,St Brigid's Primary School,P4,Listening & Talking - % Meeting Level,80-90%
2024/25,Glasgow City,St Brigid's Primary School,P4,Numeracy - % Meeting Level,70-80%
2024/25,Glasgow City,St Brigid's Primary School,P4,Reading - % Meeting Level,80-90%
2024/25,Glasgow City,St Brigid's Primary School,P4,Writing - % Meeting Level,70-80%
2024/25,Glasgow City,St Brigid's Primary School,P7,Listening & Talking - % Meeting Level,80-90%
2024/25,Glasgow City,St Brigid's Primary School,P7,Numeracy - % Meeting Level,70-80%
2024/25,Glasgow City,St Brigid's Primary School,P7,Reading - % Meeting Level,70-80%
2024/25,Glasgow City,St Brigid's Primary School,P7,Writing - % Meeting Level,60-70%
2024/25,Glasgow City,St Catherine's Primary School,P1,Listening & Talking - % Meeting Level,60-70%
2024/25,Glasgow City,St Catherine's Primary School,P1,Numeracy - % Meeting Level,50-60%
2024/25,Glasgow City,St Catherine's Primary School,P1,Reading - % Meeting Level,50-60%
2024/25,Glasgow City,St Catherine's Primary School,P1,Writing - % Meeting Level,50-60%
2024/25,Glasgow City,St Catherine's Primary School,"P1, P4 & P7 combined",Listening & Talking - % Meeting Level,70-80%
2024/25,Glasgow City,St Catherine's Primary School,"P1, P4 & P7 combined",Numeracy - % Meeting Level,50-60%
2024/25,Glasgow City,St Catherine's Primary School,"P1, P4 & P7 combined",Reading - % Meeting Level,70-80%
2024/25,Glasgow City,St Catherine's Primary School,"P1, P4 & P7 combined",Writing - % Meeting Level,60-70%
2024/25,Glasgow City,St Catherine's Primary School,P4,Listening & Talking - % Meeting Level,80-90%
2024/25,Glasgow City,St Catherine's Primary School,P4,Numeracy - % Meeting Level,50-60%
2024/25,Glasgow City,St Catherine's Primary School,P4,Reading - % Meeting Level,80-90%
2024/25,Glasgow City,St Catherine's Primary School,P4,Writing - % Meeting Level,60-70%
2024/25,Glasgow City,St Catherine's Primary School,P7,Listening & Talking - % Meeting Level,80-90%
2024/25,Glasgow City,St Catherine's Primary School,P7,Numeracy - % Meeting Level,60-70%
2024/25,Glasgow City,St Catherine's Primary School,P7,Reading - % Meeting Level,70-80%
2024/25,Glasgow City,St Catherine's Primary School,P7,Writing - % Meeting Level,60-70%
2024/25,Glasgow City,St Charles' Primary School,P1,Listening & Talking - % Meeting Level,80-90%
2024/25,Glasgow City,St Charles' Primary School,P1,Numeracy - % Meeting Level,80-90%
2024/25,Glasgow City,St Charles' Primary School,P1,Reading - % Meeting Level,70-80%
2024/25,Glasgow City,St Charles' Primary School,P1,Writing - % Meeting Level,60-70%
2024/25,Glasgow City,St Charles' Primary School,"P1, P4 & P7 combined",Listening & Talking - % Meeting Level,80-90%
2024/25,Glasgow City,St Charles' Primary School,"P1, P4 & P7 combined",Numeracy - % Meeting Level,70-80%
2024/25,Glasgow City,St Charles' Primary School,"P1, P4 & P7 combined",Reading - % Meeting Level,70-80%
2024/25,Glasgow City,St Charles' Primary School,"P1, P4 & P7 combined",Writing - % Meeting Level,60-70%
2024/25,Glasgow City,St Charles' Primary School,P4,Listening & Talking - % Meeting Level,80-90%
2024/25,Glasgow City,St Charles' Primary School,P4,Numeracy - % Meeting Level,70-80%
2024/25,Glasgow City,St Charles' Primary School,P4,Reading - % Meeting Level,60-70%
2024/25,Glasgow City,St Charles' Primary School,P4,Writing - % Meeting Level,60-70%
2024/25,Glasgow City,St Charles' Primary School,P7,Listening & Talking - % Meeting Level,80-90%
2024/25,Glasgow City,St Charles' Primary School,P7,Numeracy - % Meeting Level,60-70%
2024/25,Glasgow City,St Charles' Primary School,P7,Reading - % Meeting Level,80-90%
2024/25,Glasgow City,St Charles' Primary School,P7,Writing - % Meeting Level,70-80%
2024/25,Glasgow City,St Clare's Primary School,P1,Listening & Talking - % Meeting Level,90+%
2024/25,Glasgow City,St Clare's Primary School,P1,Numeracy - % Meeting Level,80-90%
2024/25,Glasgow City,St Clare's Primary School,P1,Reading - % Meeting Level,70-80%
2024/25,Glasgow City,St Clare's Primary School,P1,Writing - % Meeting Level,70-80%
2024/25,Glasgow City,St Clare's Primary School,"P1, P4 & P7 combined",Listening & Talking - % Meeting Level,90+%
2024/25,Glasgow City,St Clare's Primary School,"P1, P4 & P7 combined",Numeracy - % Meeting Level,80-90%
2024/25,Glasgow City,St Clare's Primary School,"P1, P4 & P7 combined",Reading - % Meeting Level,70-80%
2024/25,Glasgow City,St Clare's Primary School,"P1, P4 & P7 combined",Writing - % Meeting Level,60-70%
2024/25,Glasgow City,St Clare's Primary School,P4,Listening & Talking - % Meeting Level,80-90%
2024/25,Glasgow City,St Clare's Primary School,P4,Numeracy - % Meeting Level,70-80%
2024/25,Glasgow City,St Clare's Primary School,P4,Reading - % Meeting Level,70-80%
2024/25,Glasgow City,St Clare's Primary School,P4,Writing - % Meeting Level,60-70%
2024/25,Glasgow City,St Clare's Primary School,P7,Listening & Talking - % Meeting Level,80-90%
2024/25,Glasgow City,St Clare's Primary School,P7,Numeracy - % Meeting Level,80-90%
2024/25,Glasgow City,St Clare's Primary School,P7,Reading - % Meeting Level,70-80%
2024/25,Glasgow City,St Clare's Primary School,P7,Writing - % Meeting Level,70-80%
2024/25,Glasgow City,St Constantine's Primary School & Nursery Class,P1,Listening & Talking - % Meeting Level,80-90%
2024/25,Glasgow City,St Constantine's Primary School & Nursery Class,P1,Numeracy - % Meeting Level,70-80%
2024/25,Glasgow City,St Constantine's Primary School & Nursery Class,P1,Reading - % Meeting Level,70-80%
2024/25,Glasgow City,St Constantine's Primary School & Nursery Class,P1,Writing - % Meeting Level,40-50%
2024/25,Glasgow City,St Constantine's Primary School & Nursery Class,"P1, P4 & P7 combined",Listening & Talking - % Meeting Level,70-80%
2024/25,Glasgow City,St Constantine's Primary School & Nursery Class,"P1, P4 & P7 combined",Numeracy - % Meeting Level,70-80%
2024/25,Glasgow City,St Constantine's Primary School & Nursery Class,"P1, P4 & P7 combined",Reading - % Meeting Level,60-70%
2024/25,Glasgow City,St Constantine's Primary School & Nursery Class,"P1, P4 & P7 combined",Writing - % Meeting Level,50-60%
2024/25,Glasgow City,St Constantine's Primary School & Nursery Class,P4,Listening & Talking - % Meeting Level,60-70%
2024/25,Glasgow City,St Constantine's Primary School & Nursery Class,P4,Numeracy - % Meeting Level,50-60%
2024/25,Glasgow City,St Constantine's Primary School & Nursery Class,P4,Reading - % Meeting Level,50-60%
2024/25,Glasgow City,St Constantine's Primary School & Nursery Class,P4,Writing - % Meeting Level,50-60%
2024/25,Glasgow City,St Constantine's Primary School & Nursery Class,P7,Listening & Talking - % Meeting Level,80-90%
2024/25,Glasgow City,St Constantine's Primary School & Nursery Class,P7,Numeracy - % Meeting Level,70-80%
2024/25,Glasgow City,St Constantine's Primary School & Nursery Class,P7,Reading - % Meeting Level,70-80%
2024/25,Glasgow City,St Constantine's Primary School & Nursery Class,P7,Writing - % Meeting Level,60-70%
2024/25,Glasgow City,St Conval's Primary School,P1,Listening & Talking - % Meeting Level,70-80%
2024/25,Glasgow City,St Conval's Primary School,P1,Numeracy - % Meeting Level,70-80%
2024/25,Glasgow City,St Conval's Primary School,P1,Reading - % Meeting Level,70-80%
2024/25,Glasgow City,St Conval's Primary School,P1,Writing - % Meeting Level,70-80%
2024/25,Glasgow City,St Conval's Primary School,"P1, P4 & P7 combined",Listening & Talking - % Meeting Level,80-90%
2024/25,Glasgow City,St Conval's Primary School,"P1, P4 & P7 combined",Numeracy - % Meeting Level,80-90%
2024/25,Glasgow City,St Conval's Primary School,"P1, P4 & P7 combined",Reading - % Meeting Level,80-90%
2024/25,Glasgow City,St Conval's Primary School,"P1, P4 & P7 combined",Writing - % Meeting Level,70-80%
2024/25,Glasgow City,St Conval's Primary School,P4,Listening & Talking - % Meeting Level,80-90%
2024/25,Glasgow City,St Conval's Primary School,P4,Numeracy - % Meeting Level,80-90%
2024/25,Glasgow City,St Conval's Primary School,P4,Reading - % Meeting Level,80-90%
2024/25,Glasgow City,St Conval's Primary School,P4,Writing - % Meeting Level,80-90%
2024/25,Glasgow City,St Conval's Primary School,P7,Listening & Talking - % Meeting Level,80-90%
2024/25,Glasgow City,St Conval's Primary School,P7,Numeracy - % Meeting Level,70-80%
2024/25,Glasgow City,St Conval's Primary School,P7,Reading - % Meeting Level,80-90%
2024/25,Glasgow City,St Conval's Primary School,P7,Writing - % Meeting Level,70-80%
2024/25,Glasgow City,St Cuthbert's Primary School,P1,Listening & Talking - % Meeting Level,90+%
2024/25,Glasgow City,St Cuthbert's Primary School,P1,Numeracy - % Meeting Level,60-70%
2024/25,Glasgow City,St Cuthbert's Primary School,P1,Reading - % Meeting Level,60-70%
2024/25,Glasgow City,St Cuthbert's Primary School,P1,Writing - % Meeting Level,60-70%
2024/25,Glasgow City,St Cuthbert's Primary School,"P1, P4 & P7 combined",Listening & Talking - % Meeting Level,90+%
2024/25,Glasgow City,St Cuthbert's Primary School,"P1, P4 & P7 combined",Numeracy - % Meeting Level,70-80%
2024/25,Glasgow City,St Cuthbert's Primary School,"P1, P4 & P7 combined",Reading - % Meeting Level,70-80%
2024/25,Glasgow City,St Cuthbert's Primary School,"P1, P4 & P7 combined",Writing - % Meeting Level,80-90%
2024/25,Glasgow City,St Cuthbert's Primary School,P4,Listening & Talking - % Meeting Level,c
2024/25,Glasgow City,St Cuthbert's Primary School,P4,Numeracy - % Meeting Level,c
2024/25,Glasgow City,St Cuthbert's Primary School,P4,Reading - % Meeting Level,c
2024/25,Glasgow City,St Cuthbert's Primary School,P4,Writing - % Meeting Level,c
2024/25,Glasgow City,St Cuthbert's Primary School,P7,Listening & Talking - % Meeting Level,90+%
2024/25,Glasgow City,St Cuthbert's Primary School,P7,Numeracy - % Meeting Level,70-80%
2024/25,Glasgow City,St Cuthbert's Primary School,P7,Reading - % Meeting Level,80-90%
2024/25,Glasgow City,St Cuthbert's Primary School,P7,Writing - % Meeting Level,90+%
2024/25,Glasgow City,St Denis' Primary School,P1,Listening & Talking - % Meeting Level,c
2024/25,Glasgow City,St Denis' Primary School,P1,Numeracy - % Meeting Level,c
2024/25,Glasgow City,St Denis' Primary School,P1,Reading - % Meeting Level,c
2024/25,Glasgow City,St Denis' Primary School,P1,Writing - % Meeting Level,c
2024/25,Glasgow City,St Denis' Primary School,"P1, P4 & P7 combined",Listening & Talking - % Meeting Level,80-90%
2024/25,Glasgow City,St Denis' Primary School,"P1, P4 & P7 combined",Numeracy - % Meeting Level,80-90%
2024/25,Glasgow City,St Denis' Primary School,"P1, P4 & P7 combined",Reading - % Meeting Level,80-90%
2024/25,Glasgow City,St Denis' Primary School,"P1, P4 & P7 combined",Writing - % Meeting Level,80-90%
2024/25,Glasgow City,St Denis' Primary School,P4,Listening & Talking - % Meeting Level,80-90%
2024/25,Glasgow City,St Denis' Primary School,P4,Numeracy - % Meeting Level,70-80%
2024/25,Glasgow City,St Denis' Primary School,P4,Reading - % Meeting Level,70-80%
2024/25,Glasgow City,St Denis' Primary School,P4,Writing - % Meeting Level,70-80%
2024/25,Glasgow City,St Denis' Primary School,P7,Listening & Talking - % Meeting Level,80-90%
2024/25,Glasgow City,St Denis' Primary School,P7,Numeracy - % Meeting Level,80-90%
2024/25,Glasgow City,St Denis' Primary School,P7,Reading - % Meeting Level,80-90%
2024/25,Glasgow City,St Denis' Primary School,P7,Writing - % Meeting Level,70-80%
2024/25,Glasgow City,St Fillan's Primary School & Nursery Class,P1,Listening & Talking - % Meeting Level,70-80%
2024/25,Glasgow City,St Fillan's Primary School & Nursery Class,P1,Numeracy - % Meeting Level,80-90%
2024/25,Glasgow City,St Fillan's Primary School & Nursery Class,P1,Reading - % Meeting Level,70-80%
2024/25,Glasgow City,St Fillan's Primary School & Nursery Class,P1,Writing - % Meeting Level,70-80%
2024/25,Glasgow City,St Fillan's Primary School & Nursery Class,"P1, P4 & P7 combined",Listening & Talking - % Meeting Level,80-90%
2024/25,Glasgow City,St Fillan's Primary School & Nursery Class,"P1, P4 & P7 combined",Numeracy - % Meeting Level,80-90%
2024/25,Glasgow City,St Fillan's Primary School & Nursery Class,"P1, P4 & P7 combined",Reading - % Meeting Level,80-90%
2024/25,Glasgow City,St Fillan's Primary School & Nursery Class,"P1, P4 & P7 combined",Writing - % Meeting Level,80-90%
2024/25,Glasgow City,St Fillan's Primary School & Nursery Class,P4,Listening & Talking - % Meeting Level,80-90%
2024/25,Glasgow City,St Fillan's Primary School & Nursery Class,P4,Numeracy - % Meeting Level,80-90%
2024/25,Glasgow City,St Fillan's Primary School & Nursery Class,P4,Reading - % Meeting Level,80-90%
2024/25,Glasgow City,St Fillan's Primary School & Nursery Class,P4,Writing - % Meeting Level,80-90%
2024/25,Glasgow City,St Fillan's Primary School & Nursery Class,P7,Listening & Talking - % Meeting Level,80-90%
2024/25,Glasgow City,St Fillan's Primary School & Nursery Class,P7,Numeracy - % Meeting Level,70-80%
2024/25,Glasgow City,St Fillan's Primary School & Nursery Class,P7,Reading - % Meeting Level,80-90%
2024/25,Glasgow City,St Fillan's Primary School & Nursery Class,P7,Writing - % Meeting Level,80-90%
2024/25,Glasgow City,St Francis Of Assisi Primary School,P1,Listening & Talking - % Meeting Level,90+%
2024/25,Glasgow City,St Francis Of Assisi Primary School,P1,Numeracy - % Meeting Level,90+%
2024/25,Glasgow City,St Francis Of Assisi Primary School,P1,Reading - % Meeting Level,80-90%
2024/25,Glasgow City,St Francis Of Assisi Primary School,P1,Writing - % Meeting Level,70-80%
2024/25,Glasgow City,St Francis Of Assisi Primary School,"P1, P4 & P7 combined",Listening & Talking - % Meeting Level,80-90%
2024/25,Glasgow City,St Francis Of Assisi Primary School,"P1, P4 & P7 combined",Numeracy - % Meeting Level,80-90%
2024/25,Glasgow City,St Francis Of Assisi Primary School,"P1, P4 & P7 combined",Reading - % Meeting Level,80-90%
2024/25,Glasgow City,St Francis Of Assisi Primary School,"P1, P4 & P7 combined",Writing - % Meeting Level,70-80%
2024/25,Glasgow City,St Francis Of Assisi Primary School,P4,Listening & Talking - % Meeting Level,80-90%
2024/25,Glasgow City,St Francis Of Assisi Primary School,P4,Numeracy - % Meeting Level,70-80%
2024/25,Glasgow City,St Francis Of Assisi Primary School,P4,Reading - % Meeting Level,70-80%
2024/25,Glasgow City,St Francis Of Assisi Primary School,P4,Writing - % Meeting Level,60-70%
2024/25,Glasgow City,St Francis Of Assisi Primary School,P7,Listening & Talking - % Meeting Level,80-90%
2024/25,Glasgow City,St Francis Of Assisi Primary School,P7,Numeracy - % Meeting Level,90+%
2024/25,Glasgow City,St Francis Of Assisi Primary School,P7,Reading - % Meeting Level,80-90%
2024/25,Glasgow City,St Francis Of Assisi Primary School,P7,Writing - % Meeting Level,70-80%
2024/25,Glasgow City,St Francis' Primary School & Nursery Class,P1,Listening & Talking - % Meeting Level,50-60%
2024/25,Glasgow City,St Francis' Primary School & Nursery Class,P1,Numeracy - % Meeting Level,50-60%
2024/25,Glasgow City,St Francis' Primary School & Nursery Class,P1,Reading - % Meeting Level,40-50%
2024/25,Glasgow City,St Francis' Primary School & Nursery Class,P1,Writing - % Meeting Level,30-40%
2024/25,Glasgow City,St Francis' Primary School & Nursery Class,"P1, P4 & P7 combined",Listening & Talking - % Meeting Level,60-70%
2024/25,Glasgow City,St Francis' Primary School & Nursery Class,"P1, P4 & P7 combined",Numeracy - % Meeting Level,50-60%
2024/25,Glasgow City,St Francis' Primary School & Nursery Class,"P1, P4 & P7 combined",Reading - % Meeting Level,50-60%
2024/25,Glasgow City,St Francis' Primary School & Nursery Class,"P1, P4 & P7 combined",Writing - % Meeting Level,50-60%
2024/25,Glasgow City,St Francis' Primary School & Nursery Class,P4,Listening & Talking - % Meeting Level,70-80%
2024/25,Glasgow City,St Francis' Primary School & Nursery Class,P4,Numeracy - % Meeting Level,60-70%
2024/25,Glasgow City,St Francis' Primary School & Nursery Class,P4,Reading - % Meeting Level,60-70%
2024/25,Glasgow City,St Francis' Primary School & Nursery Class,P4,Writing - % Meeting Level,60-70%
2024/25,Glasgow City,St Francis' Primary School & Nursery Class,P7,Listening & Talking - % Meeting Level,70-80%
2024/25,Glasgow City,St Francis' Primary School & Nursery Class,P7,Numeracy - % Meeting Level,50-60%
2024/25,Glasgow City,St Francis' Primary School & Nursery Class,P7,Reading - % Meeting Level,60-70%
2024/25,Glasgow City,St Francis' Primary School & Nursery Class,P7,Writing - % Meeting Level,50-60%
2024/25,Glasgow City,St George's Primary School,P1,Listening & Talking - % Meeting Level,70-80%
2024/25,Glasgow City,St George's Primary School,P1,Numeracy - % Meeting Level,70-80%
2024/25,Glasgow City,St George's Primary School,P1,Reading - % Meeting Level,60-70%
2024/25,Glasgow City,St George's Primary School,P1,Writing - % Meeting Level,50-60%
2024/25,Glasgow City,St George's Primary School,"P1, P4 & P7 combined",Listening & Talking - % Meeting Level,70-80%
2024/25,Glasgow City,St George's Primary School,"P1, P4 & P7 combined",Numeracy - % Meeting Level,70-80%
2024/25,Glasgow City,St George's Primary School,"P1, P4 & P7 combined",Reading - % Meeting Level,70-80%
2024/25,Glasgow City,St George's Primary School,"P1, P4 & P7 combined",Writing - % Meeting Level,50-60%
2024/25,Glasgow City,St George's Primary School,P4,Listening & Talking - % Meeting Level,70-80%
2024/25,Glasgow City,St George's Primary School,P4,Numeracy - % Meeting Level,70-80%
2024/25,Glasgow City,St George's Primary School,P4,Reading - % Meeting Level,70-80%
2024/25,Glasgow City,St George's Primary School,P4,Writing - % Meeting Level,60-70%
2024/25,Glasgow City,St George's Primary School,P7,Listening & Talking - % Meeting Level,70-80%
2024/25,Glasgow City,St George's Primary School,P7,Numeracy - % Meeting Level,70-80%
2024/25,Glasgow City,St George's Primary School,P7,Reading - % Meeting Level,60-70%
2024/25,Glasgow City,St George's Primary School,P7,Writing - % Meeting Level,50-60%
2024/25,Glasgow City,St Joachim's Primary School,P1,Listening & Talking - % Meeting Level,c
2024/25,Glasgow City,St Joachim's Primary School,P1,Numeracy - % Meeting Level,c
2024/25,Glasgow City,St Joachim's Primary School,P1,Reading - % Meeting Level,c
2024/25,Glasgow City,St Joachim's Primary School,P1,Writing - % Meeting Level,c
2024/25,Glasgow City,St Joachim's Primary School,"P1, P4 & P7 combined",Listening & Talking - % Meeting Level,90+%
2024/25,Glasgow City,St Joachim's Primary School,"P1, P4 & P7 combined",Numeracy - % Meeting Level,80-90%
2024/25,Glasgow City,St Joachim's Primary School,"P1, P4 & P7 combined",Reading - % Meeting Level,80-90%
2024/25,Glasgow City,St Joachim's Primary School,"P1, P4 & P7 combined",Writing - % Meeting Level,80-90%
2024/25,Glasgow City,St Joachim's Primary School,P4,Listening & Talking - % Meeting Level,c
2024/25,Glasgow City,St Joachim's Primary School,P4,Numeracy - % Meeting Level,c
2024/25,Glasgow City,St Joachim's Primary School,P4,Reading - % Meeting Level,c
2024/25,Glasgow City,St Joachim's Primary School,P4,Writing - % Meeting Level,c
2024/25,Glasgow City,St Joachim's Primary School,P7,Listening & Talking - % Meeting Level,c
2024/25,Glasgow City,St Joachim's Primary School,P7,Numeracy - % Meeting Level,c
2024/25,Glasgow City,St Joachim's Primary School,P7,Reading - % Meeting Level,c
2024/25,Glasgow City,St Joachim's Primary School,P7,Writing - % Meeting Level,c
2024/25,Glasgow City,St Joseph's Primary School,P1,Listening & Talking - % Meeting Level,70-80%
2024/25,Glasgow City,St Joseph's Primary School,P1,Numeracy - % Meeting Level,80-90%
2024/25,Glasgow City,St Joseph's Primary School,P1,Reading - % Meeting Level,70-80%
2024/25,Glasgow City,St Joseph's Primary School,P1,Writing - % Meeting Level,70-80%
2024/25,Glasgow City,St Joseph's Primary School,"P1, P4 & P7 combined",Listening & Talking - % Meeting Level,70-80%
2024/25,Glasgow City,St Joseph's Primary School,"P1, P4 & P7 combined",Numeracy - % Meeting Level,70-80%
2024/25,Glasgow City,St Joseph's Primary School,"P1, P4 & P7 combined",Reading - % Meeting Level,60-70%
2024/25,Glasgow City,St Joseph's Primary School,"P1, P4 & P7 combined",Writing - % Meeting Level,60-70%
2024/25,Glasgow City,St Joseph's Primary School,P4,Listening & Talking - % Meeting Level,70-80%
2024/25,Glasgow City,St Joseph's Primary School,P4,Numeracy - % Meeting Level,80-90%
2024/25,Glasgow City,St Joseph's Primary School,P4,Reading - % Meeting Level,60-70%
2024/25,Glasgow City,St Joseph's Primary School,P4,Writing - % Meeting Level,70-80%
2024/25,Glasgow City,St Joseph's Primary School,P7,Listening & Talking - % Meeting Level,70-80%
2024/25,Glasgow City,St Joseph's Primary School,P7,Numeracy - % Meeting Level,70-80%
2024/25,Glasgow City,St Joseph's Primary School,P7,Reading - % Meeting Level,60-70%
2024/25,Glasgow City,St Joseph's Primary School,P7,Writing - % Meeting Level,60-70%
2024/25,Glasgow City,St Maria Goretti Primary School,P1,Listening & Talking - % Meeting Level,90+%
2024/25,Glasgow City,St Maria Goretti Primary School,P1,Numeracy - % Meeting Level,90+%
2024/25,Glasgow City,St Maria Goretti Primary School,P1,Reading - % Meeting Level,70-80%
2024/25,Glasgow City,St Maria Goretti Primary School,P1,Writing - % Meeting Level,70-80%
2024/25,Glasgow City,St Maria Goretti Primary School,"P1, P4 & P7 combined",Listening & Talking - % Meeting Level,80-90%
2024/25,Glasgow City,St Maria Goretti Primary School,"P1, P4 & P7 combined",Numeracy - % Meeting Level,70-80%
2024/25,Glasgow City,St Maria Goretti Primary School,"P1, P4 & P7 combined",Reading - % Meeting Level,70-80%
2024/25,Glasgow City,St Maria Goretti Primary School,"P1, P4 & P7 combined",Writing - % Meeting Level,60-70%
2024/25,Glasgow City,St Maria Goretti Primary School,P4,Listening & Talking - % Meeting Level,80-90%
2024/25,Glasgow City,St Maria Goretti Primary School,P4,Numeracy - % Meeting Level,50-60%
2024/25,Glasgow City,St Maria Goretti Primary School,P4,Reading - % Meeting Level,60-70%
2024/25,Glasgow City,St Maria Goretti Primary School,P4,Writing - % Meeting Level,50-60%
2024/25,Glasgow City,St Maria Goretti Primary School,P7,Listening & Talking - % Meeting Level,80-90%
2024/25,Glasgow City,St Maria Goretti Primary School,P7,Numeracy - % Meeting Level,70-80%
2024/25,Glasgow City,St Maria Goretti Primary School,P7,Reading - % Meeting Level,70-80%
2024/25,Glasgow City,St Maria Goretti Primary School,P7,Writing - % Meeting Level,70-80%
2024/25,Glasgow City,St Marnock's Primary School,P1,Listening & Talking - % Meeting Level,80-90%
2024/25,Glasgow City,St Marnock's Primary School,P1,Numeracy - % Meeting Level,70-80%
2024/25,Glasgow City,St Marnock's Primary School,P1,Reading - % Meeting Level,70-80%
2024/25,Glasgow City,St Marnock's Primary School,P1,Writing - % Meeting Level,70-80%
2024/25,Glasgow City,St Marnock's Primary School,"P1, P4 & P7 combined",Listening & Talking - % Meeting Level,70-80%
2024/25,Glasgow City,St Marnock's Primary School,"P1, P4 & P7 combined",Numeracy - % Meeting Level,60-70%
2024/25,Glasgow City,St Marnock's Primary School,"P1, P4 & P7 combined",Reading - % Meeting Level,70-80%
2024/25,Glasgow City,St Marnock's Primary School,"P1, P4 & P7 combined",Writing - % Meeting Level,60-70%
2024/25,Glasgow City,St Marnock's Primary School,P4,Listening & Talking - % Meeting Level,70-80%
2024/25,Glasgow City,St Marnock's Primary School,P4,Numeracy - % Meeting Level,60-70%
2024/25,Glasgow City,St Marnock's Primary School,P4,Reading - % Meeting Level,70-80%
2024/25,Glasgow City,St Marnock's Primary School,P4,Writing - % Meeting Level,60-70%
2024/25,Glasgow City,St Marnock's Primary School,P7,Listening & Talking - % Meeting Level,80-90%
2024/25,Glasgow City,St Marnock's Primary School,P7,Numeracy - % Meeting Level,60-70%
2024/25,Glasgow City,St Marnock's Primary School,P7,Reading - % Meeting Level,70-80%
2024/25,Glasgow City,St Marnock's Primary School,P7,Writing - % Meeting Level,70-80%
2024/25,Glasgow City,St Martha's Primary School,P1,Listening & Talking - % Meeting Level,50-60%
2024/25,Glasgow City,St Martha's Primary School,P1,Numeracy - % Meeting Level,50-60%
2024/25,Glasgow City,St Martha's Primary School,P1,Reading - % Meeting Level,50-60%
2024/25,Glasgow City,St Martha's Primary School,P1,Writing - % Meeting Level,50-60%
2024/25,Glasgow City,St Martha's Primary School,"P1, P4 & P7 combined",Listening & Talking - % Meeting Level,60-70%
2024/25,Glasgow City,St Martha's Primary School,"P1, P4 & P7 combined",Numeracy - % Meeting Level,60-70%
2024/25,Glasgow City,St Martha's Primary School,"P1, P4 & P7 combined",Reading - % Meeting Level,60-70%
2024/25,Glasgow City,St Martha's Primary School,"P1, P4 & P7 combined",Writing - % Meeting Level,60-70%
2024/25,Glasgow City,St Martha's Primary School,P4,Listening & Talking - % Meeting Level,70-80%
2024/25,Glasgow City,St Martha's Primary School,P4,Numeracy - % Meeting Level,60-70%
2024/25,Glasgow City,St Martha's Primary School,P4,Reading - % Meeting Level,70-80%
2024/25,Glasgow City,St Martha's Primary School,P4,Writing - % Meeting Level,50-60%
2024/25,Glasgow City,St Martha's Primary School,P7,Listening & Talking - % Meeting Level,70-80%
2024/25,Glasgow City,St Martha's Primary School,P7,Numeracy - % Meeting Level,70-80%
2024/25,Glasgow City,St Martha's Primary School,P7,Reading - % Meeting Level,70-80%
2024/25,Glasgow City,St Martha's Primary School,P7,Writing - % Meeting Level,70-80%
2024/25,Glasgow City,St Martin's Primary School,P1,Listening & Talking - % Meeting Level,40-50%
2024/25,Glasgow City,St Martin's Primary School,P1,Numeracy - % Meeting Level,50-60%
2024/25,Glasgow City,St Martin's Primary School,P1,Reading - % Meeting Level,40-50%
2024/25,Glasgow City,St Martin's Primary School,P1,Writing - % Meeting Level,40-50%
2024/25,Glasgow City,St Martin's Primary School,"P1, P4 & P7 combined",Listening & Talking - % Meeting Level,40-50%
2024/25,Glasgow City,St Martin's Primary School,"P1, P4 & P7 combined",Numeracy - % Meeting Level,40-50%
2024/25,Glasgow City,St Martin's Primary School,"P1, P4 & P7 combined",Reading - % Meeting Level,40-50%
2024/25,Glasgow City,St Martin's Primary School,"P1, P4 & P7 combined",Writing - % Meeting Level,40-50%
2024/25,Glasgow City,St Martin's Primary School,P4,Listening & Talking - % Meeting Level,20-30%
2024/25,Glasgow City,St Martin's Primary School,P4,Numeracy - % Meeting Level,20-30%
2024/25,Glasgow City,St Martin's Primary School,P4,Reading - % Meeting Level,20-30%
2024/25,Glasgow City,St Martin's Primary School,P4,Writing - % Meeting Level,20-30%
2024/25,Glasgow City,St Martin's Primary School,P7,Listening & Talking - % Meeting Level,60-70%
2024/25,Glasgow City,St Martin's Primary School,P7,Numeracy - % Meeting Level,60-70%
2024/25,Glasgow City,St Martin's Primary School,P7,Reading - % Meeting Level,60-70%
2024/25,Glasgow City,St Martin's Primary School,P7,Writing - % Meeting Level,50-60%
2024/25,Glasgow City,St Mary's Primary School,P1,Listening & Talking - % Meeting Level,70-80%
2024/25,Glasgow City,St Mary's Primary School,P1,Numeracy - % Meeting Level,70-80%
2024/25,Glasgow City,St Mary's Primary School,P1,Reading - % Meeting Level,60-70%
2024/25,Glasgow City,St Mary's Primary School,P1,Writing - % Meeting Level,60-70%
2024/25,Glasgow City,St Mary's Primary School,"P1, P4 & P7 combined",Listening & Talking - % Meeting Level,80-90%
2024/25,Glasgow City,St Mary's Primary School,"P1, P4 & P7 combined",Numeracy - % Meeting Level,70-80%
2024/25,Glasgow City,St Mary's Primary School,"P1, P4 & P7 combined",Reading - % Meeting Level,70-80%
2024/25,Glasgow City,St Mary's Primary School,"P1, P4 & P7 combined",Writing - % Meeting Level,70-80%
2024/25,Glasgow City,St Mary's Primary School,P4,Listening & Talking - % Meeting Level,80-90%
2024/25,Glasgow City,St Mary's Primary School,P4,Numeracy - % Meeting Level,70-80%
2024/25,Glasgow City,St Mary's Primary School,P4,Reading - % Meeting Level,70-80%
2024/25,Glasgow City,St Mary's Primary School,P4,Writing - % Meeting Level,70-80%
2024/25,Glasgow City,St Mary's Primary School,P7,Listening & Talking - % Meeting Level,90+%
2024/25,Glasgow City,St Mary's Primary School,P7,Numeracy - % Meeting Level,70-80%
2024/25,Glasgow City,St Mary's Primary School,P7,Reading - % Meeting Level,80-90%
2024/25,Glasgow City,St Mary's Primary School,P7,Writing - % Meeting Level,80-90%
2024/25,Glasgow City,St Michael's Primary School,P1,Listening & Talking - % Meeting Level,80-90%
2024/25,Glasgow City,St Michael's Primary School,P1,Numeracy - % Meeting Level,80-90%
2024/25,Glasgow City,St Michael's Primary School,P1,Reading - % Meeting Level,80-90%
2024/25,Glasgow City,St Michael's Primary School,P1,Writing - % Meeting Level,80-90%
2024/25,Glasgow City,St Michael's Primary School,"P1, P4 & P7 combined",Listening & Talking - % Meeting Level,90+%
2024/25,Glasgow City,St Michael's Primary School,"P1, P4 & P7 combined",Numeracy - % Meeting Level,80-90%
2024/25,Glasgow City,St Michael's Primary School,"P1, P4 & P7 combined",Reading - % Meeting Level,80-90%
2024/25,Glasgow City,St Michael's Primary School,"P1, P4 & P7 combined",Writing - % Meeting Level,80-90%
2024/25,Glasgow City,St Michael's Primary School,P4,Listening & Talking - % Meeting Level,90+%
2024/25,Glasgow City,St Michael's Primary School,P4,Numeracy - % Meeting Level,80-90%
2024/25,Glasgow City,St Michael's Primary School,P4,Reading - % Meeting Level,80-90%
2024/25,Glasgow City,St Michael's Primary School,P4,Writing - % Meeting Level,80-90%
2024/25,Glasgow City,St Michael's Primary School,P7,Listening & Talking - % Meeting Level,90+%
2024/25,Glasgow City,St Michael's Primary School,P7,Numeracy - % Meeting Level,80-90%
2024/25,Glasgow City,St Michael's Primary School,P7,Reading - % Meeting Level,80-90%
2024/25,Glasgow City,St Michael's Primary School,P7,Writing - % Meeting Level,80-90%
2024/25,Glasgow City,St Mirin's Primary School,P1,Listening & Talking - % Meeting Level,80-90%
2024/25,Glasgow City,St Mirin's Primary School,P1,Numeracy - % Meeting Level,80-90%
2024/25,Glasgow City,St Mirin's Primary School,P1,Reading - % Meeting Level,80-90%
2024/25,Glasgow City,St Mirin's Primary School,P1,Writing - % Meeting Level,80-90%
2024/25,Glasgow City,St Mirin's Primary School,"P1, P4 & P7 combined",Listening & Talking - % Meeting Level,80-90%
2024/25,Glasgow City,St Mirin's Primary School,"P1, P4 & P7 combined",Numeracy - % Meeting Level,70-80%
2024/25,Glasgow City,St Mirin's Primary School,"P1, P4 & P7 combined",Reading - % Meeting Level,70-80%
2024/25,Glasgow City,St Mirin's Primary School,"P1, P4 & P7 combined",Writing - % Meeting Level,70-80%
2024/25,Glasgow City,St Mirin's Primary School,P4,Listening & Talking - % Meeting Level,70-80%
2024/25,Glasgow City,St Mirin's Primary School,P4,Numeracy - % Meeting Level,70-80%
2024/25,Glasgow City,St Mirin's Primary School,P4,Reading - % Meeting Level,70-80%
2024/25,Glasgow City,St Mirin's Primary School,P4,Writing - % Meeting Level,70-80%
2024/25,Glasgow City,St Mirin's Primary School,P7,Listening & Talking - % Meeting Level,80-90%
2024/25,Glasgow City,St Mirin's Primary School,P7,Numeracy - % Meeting Level,70-80%
2024/25,Glasgow City,St Mirin's Primary School,P7,Reading - % Meeting Level,80-90%
2024/25,Glasgow City,St Mirin's Primary School,P7,Writing - % Meeting Level,70-80%
2024/25,Glasgow City,St Monica's (Milton) Primary School,P1,Listening & Talking - % Meeting Level,90+%
2024/25,Glasgow City,St Monica's (Milton) Primary School,P1,Numeracy - % Meeting Level,70-80%
2024/25,Glasgow City,St Monica's (Milton) Primary School,P1,Reading - % Meeting Level,60-70%
2024/25,Glasgow City,St Monica's (Milton) Primary School,P1,Writing - % Meeting Level,60-70%
2024/25,Glasgow City,St Monica's (Milton) Primary School,"P1, P4 & P7 combined",Listening & Talking - % Meeting Level,90+%
2024/25,Glasgow City,St Monica's (Milton) Primary School,"P1, P4 & P7 combined",Numeracy - % Meeting Level,60-70%
2024/25,Glasgow City,St Monica's (Milton) Primary School,"P1, P4 & P7 combined",Reading - % Meeting Level,60-70%
2024/25,Glasgow City,St Monica's (Milton) Primary School,"P1, P4 & P7 combined",Writing - % Meeting Level,50-60%
2024/25,Glasgow City,St Monica's (Milton) Primary School,P4,Listening & Talking - % Meeting Level,90+%
2024/25,Glasgow City,St Monica's (Milton) Primary School,P4,Numeracy - % Meeting Level,80-90%
2024/25,Glasgow City,St Monica's (Milton) Primary School,P4,Reading - % Meeting Level,70-80%
2024/25,Glasgow City,St Monica's (Milton) Primary School,P4,Writing - % Meeting Level,60-70%
2024/25,Glasgow City,St Monica's (Milton) Primary School,P7,Listening & Talking - % Meeting Level,90+%
2024/25,Glasgow City,St Monica's (Milton) Primary School,P7,Numeracy - % Meeting Level,50-60%
2024/25,Glasgow City,St Monica's (Milton) Primary School,P7,Reading - % Meeting Level,60-70%
2024/25,Glasgow City,St Monica's (Milton) Primary School,P7,Writing - % Meeting Level,40-50%
2024/25,Glasgow City,St Monica's Primary School,P1,Listening & Talking - % Meeting Level,70-80%
2024/25,Glasgow City,St Monica's Primary School,P1,Numeracy - % Meeting Level,70-80%
2024/25,Glasgow City,St Monica's Primary School,P1,Reading - % Meeting Level,70-80%
2024/25,Glasgow City,St Monica's Primary School,P1,Writing - % Meeting Level,60-70%
2024/25,Glasgow City,St Monica's Primary School,"P1, P4 & P7 combined",Listening & Talking - % Meeting Level,80-90%
2024/25,Glasgow City,St Monica's Primary School,"P1, P4 & P7 combined",Numeracy - % Meeting Level,70-80%
2024/25,Glasgow City,St Monica's Primary School,"P1, P4 & P7 combined",Reading - % Meeting Level,70-80%
2024/25,Glasgow City,St Monica's Primary School,"P1, P4 & P7 combined",Writing - % Meeting Level,60-70%
2024/25,Glasgow City,St Monica's Primary School,P4,Listening & Talking - % Meeting Level,80-90%
2024/25,Glasgow City,St Monica's Primary School,P4,Numeracy - % Meeting Level,60-70%
2024/25,Glasgow City,St Monica's Primary School,P4,Reading - % Meeting Level,60-70%
2024/25,Glasgow City,St Monica's Primary School,P4,Writing - % Meeting Level,50-60%
2024/25,Glasgow City,St Monica's Primary School,P7,Listening & Talking - % Meeting Level,80-90%
2024/25,Glasgow City,St Monica's Primary School,P7,Numeracy - % Meeting Level,70-80%
2024/25,Glasgow City,St Monica's Primary School,P7,Reading - % Meeting Level,80-90%
2024/25,Glasgow City,St Monica's Primary School,P7,Writing - % Meeting Level,70-80%
2024/25,Glasgow City,St Mungo's Primary School & Nursery Class,P1,Listening & Talking - % Meeting Level,60-70%
2024/25,Glasgow City,St Mungo's Primary School & Nursery Class,P1,Numeracy - % Meeting Level,60-70%
2024/25,Glasgow City,St Mungo's Primary School & Nursery Class,P1,Reading - % Meeting Level,50-60%
2024/25,Glasgow City,St Mungo's Primary School & Nursery Class,P1,Writing - % Meeting Level,50-60%
2024/25,Glasgow City,St Mungo's Primary School & Nursery Class,"P1, P4 & P7 combined",Listening & Talking - % Meeting Level,70-80%
2024/25,Glasgow City,St Mungo's Primary School & Nursery Class,"P1, P4 & P7 combined",Numeracy - % Meeting Level,70-80%
2024/25,Glasgow City,St Mungo's Primary School & Nursery Class,"P1, P4 & P7 combined",Reading - % Meeting Level,70-80%
2024/25,Glasgow City,St Mungo's Primary School & Nursery Class,"P1, P4 & P7 combined",Writing - % Meeting Level,70-80%
2024/25,Glasgow City,St Mungo's Primary School & Nursery Class,P4,Listening & Talking - % Meeting Level,80-90%
2024/25,Glasgow City,St Mungo's Primary School & Nursery Class,P4,Numeracy - % Meeting Level,70-80%
2024/25,Glasgow City,St Mungo's Primary School & Nursery Class,P4,Reading - % Meeting Level,70-80%
2024/25,Glasgow City,St Mungo's Primary School & Nursery Class,P4,Writing - % Meeting Level,70-80%
2024/25,Glasgow City,St Mungo's Primary School & Nursery Class,P7,Listening & Talking - % Meeting Level,70-80%
2024/25,Glasgow City,St Mungo's Primary School & Nursery Class,P7,Numeracy - % Meeting Level,70-80%
2024/25,Glasgow City,St Mungo's Primary School & Nursery Class,P7,Reading - % Meeting Level,80-90%
2024/25,Glasgow City,St Mungo's Primary School & Nursery Class,P7,Writing - % Meeting Level,70-80%
2024/25,Glasgow City,St Ninian's Primary School,P1,Listening & Talking - % Meeting Level,80-90%
2024/25,Glasgow City,St Ninian's Primary School,P1,Numeracy - % Meeting Level,90+%
2024/25,Glasgow City,St Ninian's Primary School,P1,Reading - % Meeting Level,70-80%
2024/25,Glasgow City,St Ninian's Primary School,P1,Writing - % Meeting Level,70-80%
2024/25,Glasgow City,St Ninian's Primary School,"P1, P4 & P7 combined",Listening & Talking - % Meeting Level,80-90%
2024/25,Glasgow City,St Ninian's Primary School,"P1, P4 & P7 combined",Numeracy - % Meeting Level,70-80%
2024/25,Glasgow City,St Ninian's Primary School,"P1, P4 & P7 combined",Reading - % Meeting Level,70-80%
2024/25,Glasgow City,St Ninian's Primary School,"P1, P4 & P7 combined",Writing - % Meeting Level,60-70%
2024/25,Glasgow City,St Ninian's Primary School,P4,Listening & Talking - % Meeting Level,70-80%
2024/25,Glasgow City,St Ninian's Primary School,P4,Numeracy - % Meeting Level,70-80%
2024/25,Glasgow City,St Ninian's Primary School,P4,Reading - % Meeting Level,70-80%
2024/25,Glasgow City,St Ninian's Primary School,P4,Writing - % Meeting Level,60-70%
2024/25,Glasgow City,St Ninian's Primary School,P7,Listening & Talking - % Meeting Level,80-90%
2024/25,Glasgow City,St Ninian's Primary School,P7,Numeracy - % Meeting Level,70-80%
2024/25,Glasgow City,St Ninian's Primary School,P7,Reading - % Meeting Level,80-90%
2024/25,Glasgow City,St Ninian's Primary School,P7,Writing - % Meeting Level,60-70%
2024/25,Glasgow City,St Patrick's Primary School,P1,Listening & Talking - % Meeting Level,80-90%
2024/25,Glasgow City,St Patrick's Primary School,P1,Numeracy - % Meeting Level,90+%
2024/25,Glasgow City,St Patrick's Primary School,P1,Reading - % Meeting Level,80-90%
2024/25,Glasgow City,St Patrick's Primary School,P1,Writing - % Meeting Level,90+%
2024/25,Glasgow City,St Patrick's Primary School,"P1, P4 & P7 combined",Listening & Talking - % Meeting Level,70-80%
2024/25,Glasgow City,St Patrick's Primary School,"P1, P4 & P7 combined",Numeracy - % Meeting Level,80-90%
2024/25,Glasgow City,St Patrick's Primary School,"P1, P4 & P7 combined",Reading - % Meeting Level,70-80%
2024/25,Glasgow City,St Patrick's Primary School,"P1, P4 & P7 combined",Writing - % Meeting Level,70-80%
2024/25,Glasgow City,St Patrick's Primary School,P4,Listening & Talking - % Meeting Level,70-80%
2024/25,Glasgow City,St Patrick's Primary School,P4,Numeracy - % Meeting Level,80-90%
2024/25,Glasgow City,St Patrick's Primary School,P4,Reading - % Meeting Level,70-80%
2024/25,Glasgow City,St Patrick's Primary School,P4,Writing - % Meeting Level,70-80%
2024/25,Glasgow City,St Patrick's Primary School,P7,Listening & Talking - % Meeting Level,60-70%
2024/25,Glasgow City,St Patrick's Primary School,P7,Numeracy - % Meeting Level,60-70%
2024/25,Glasgow City,St Patrick's Primary School,P7,Reading - % Meeting Level,60-70%
2024/25,Glasgow City,St Patrick's Primary School,P7,Writing - % Meeting Level,60-70%
2024/25,Glasgow City,St Paul's (Shettleston) Primary School & Nursery Class,P1,Listening & Talking - % Meeting Level,80-90%
2024/25,Glasgow City,St Paul's (Shettleston) Primary School & Nursery Class,P1,Numeracy - % Meeting Level,80-90%
2024/25,Glasgow City,St Paul's (Shettleston) Primary School & Nursery Class,P1,Reading - % Meeting Level,70-80%
2024/25,Glasgow City,St Paul's (Shettleston) Primary School & Nursery Class,P1,Writing - % Meeting Level,70-80%
2024/25,Glasgow City,St Paul's (Shettleston) Primary School & Nursery Class,"P1, P4 & P7 combined",Listening & Talking - % Meeting Level,80-90%
2024/25,Glasgow City,St Paul's (Shettleston) Primary School & Nursery Class,"P1, P4 & P7 combined",Numeracy - % Meeting Level,70-80%
2024/25,Glasgow City,St Paul's (Shettleston) Primary School & Nursery Class,"P1, P4 & P7 combined",Reading - % Meeting Level,70-80%
2024/25,Glasgow City,St Paul's (Shettleston) Primary School & Nursery Class,"P1, P4 & P7 combined",Writing - % Meeting Level,70-80%
2024/25,Glasgow City,St Paul's (Shettleston) Primary School & Nursery Class,P4,Listening & Talking - % Meeting Level,90+%
2024/25,Glasgow City,St Paul's (Shettleston) Primary School & Nursery Class,P4,Numeracy - % Meeting Level,70-80%
2024/25,Glasgow City,St Paul's (Shettleston) Primary School & Nursery Class,P4,Reading - % Meeting Level,70-80%
2024/25,Glasgow City,St Paul's (Shettleston) Primary School & Nursery Class,P4,Writing - % Meeting Level,70-80%
2024/25,Glasgow City,St Paul's (Shettleston) Primary School & Nursery Class,P7,Listening & Talking - % Meeting Level,80-90%
2024/25,Glasgow City,St Paul's (Shettleston) Primary School & Nursery Class,P7,Numeracy - % Meeting Level,70-80%
2024/25,Glasgow City,St Paul's (Shettleston) Primary School & Nursery Class,P7,Reading - % Meeting Level,70-80%
2024/25,Glasgow City,St Paul's (Shettleston) Primary School & Nursery Class,P7,Writing - % Meeting Level,70-80%
2024/25,Glasgow City,St Paul's (Whiteinch) Primary School,P1,Listening & Talking - % Meeting Level,70-80%
2024/25,Glasgow City,St Paul's (Whiteinch) Primary School,P1,Numeracy - % Meeting Level,80-90%
2024/25,Glasgow City,St Paul's (Whiteinch) Primary School,P1,Reading - % Meeting Level,70-80%
2024/25,Glasgow City,St Paul's (Whiteinch) Primary School,P1,Writing - % Meeting Level,70-80%
2024/25,Glasgow City,St Paul's (Whiteinch) Primary School,"P1, P4 & P7 combined",Listening & Talking - % Meeting Level,60-70%
2024/25,Glasgow City,St Paul's (Whiteinch) Primary School,"P1, P4 & P7 combined",Numeracy - % Meeting Level,60-70%
2024/25,Glasgow City,St Paul's (Whiteinch) Primary School,"P1, P4 & P7 combined",Reading - % Meeting Level,60-70%
2024/25,Glasgow City,St Paul's (Whiteinch) Primary School,"P1, P4 & P7 combined",Writing - % Meeting Level,60-70%
2024/25,Glasgow City,St Paul's (Whiteinch) Primary School,P4,Listening & Talking - % Meeting Level,50-60%
2024/25,Glasgow City,St Paul's (Whiteinch) Primary School,P4,Numeracy - % Meeting Level,40-50%
2024/25,Glasgow City,St Paul's (Whiteinch) Primary School,P4,Reading - % Meeting Level,40-50%
2024/25,Glasgow City,St Paul's (Whiteinch) Primary School,P4,Writing - % Meeting Level,30-40%
2024/25,Glasgow City,St Paul's (Whiteinch) Primary School,P7,Listening & Talking - % Meeting Level,60-70%
2024/25,Glasgow City,St Paul's (Whiteinch) Primary School,P7,Numeracy - % Meeting Level,60-70%
2024/25,Glasgow City,St Paul's (Whiteinch) Primary School,P7,Reading - % Meeting Level,60-70%
2024/25,Glasgow City,St Paul's (Whiteinch) Primary School,P7,Writing - % Meeting Level,60-70%
2024/25,Glasgow City,St Philomena's Primary School,P1,Listening & Talking - % Meeting Level,70-80%
2024/25,Glasgow City,St Philomena's Primary School,P1,Numeracy - % Meeting Level,70-80%
2024/25,Glasgow City,St Philomena's Primary School,P1,Reading - % Meeting Level,50-60%
2024/25,Glasgow City,St Philomena's Primary School,P1,Writing - % Meeting Level,60-70%
2024/25,Glasgow City,St Philomena's Primary School,"P1, P4 & P7 combined",Listening & Talking - % Meeting Level,80-90%
2024/25,Glasgow City,St Philomena's Primary School,"P1, P4 & P7 combined",Numeracy - % Meeting Level,70-80%
2024/25,Glasgow City,St Philomena's Primary School,"P1, P4 & P7 combined",Reading - % Meeting Level,70-80%
2024/25,Glasgow City,St Philomena's Primary School,"P1, P4 & P7 combined",Writing - % Meeting Level,60-70%
2024/25,Glasgow City,St Philomena's Primary School,P4,Listening & Talking - % Meeting Level,80-90%
2024/25,Glasgow City,St Philomena's Primary School,P4,Numeracy - % Meeting Level,70-80%
2024/25,Glasgow City,St Philomena's Primary School,P4,Reading - % Meeting Level,60-70%
2024/25,Glasgow City,St Philomena's Primary School,P4,Writing - % Meeting Level,60-70%
2024/25,Glasgow City,St Philomena's Primary School,P7,Listening & Talking - % Meeting Level,90+%
2024/25,Glasgow City,St Philomena's Primary School,P7,Numeracy - % Meeting Level,70-80%
2024/25,Glasgow City,St Philomena's Primary School,P7,Reading - % Meeting Level,80-90%
2024/25,Glasgow City,St Philomena's Primary School,P7,Writing - % Meeting Level,70-80%
2024/25,Glasgow City,St Roch's Primary School,P1,Listening & Talking - % Meeting Level,70-80%
2024/25,Glasgow City,St Roch's Primary School,P1,Numeracy - % Meeting Level,70-80%
2024/25,Glasgow City,St Roch's Primary School,P1,Reading - % Meeting Level,70-80%
2024/25,Glasgow City,St Roch's Primary School,P1,Writing - % Meeting Level,60-70%
2024/25,Glasgow City,St Roch's Primary School,"P1, P4 & P7 combined",Listening & Talking - % Meeting Level,80-90%
2024/25,Glasgow City,St Roch's Primary School,"P1, P4 & P7 combined",Numeracy - % Meeting Level,70-80%
2024/25,Glasgow City,St Roch's Primary School,"P1, P4 & P7 combined",Reading - % Meeting Level,70-80%
2024/25,Glasgow City,St Roch's Primary School,"P1, P4 & P7 combined",Writing - % Meeting Level,70-80%
2024/25,Glasgow City,St Roch's Primary School,P4,Listening & Talking - % Meeting Level,80-90%
2024/25,Glasgow City,St Roch's Primary School,P4,Numeracy - % Meeting Level,80-90%
2024/25,Glasgow City,St Roch's Primary School,P4,Reading - % Meeting Level,80-90%
2024/25,Glasgow City,St Roch's Primary School,P4,Writing - % Meeting Level,80-90%
2024/25,Glasgow City,St Roch's Primary School,P7,Listening & Talking - % Meeting Level,80-90%
2024/25,Glasgow City,St Roch's Primary School,P7,Numeracy - % Meeting Level,70-80%
2024/25,Glasgow City,St Roch's Primary School,P7,Reading - % Meeting Level,80-90%
2024/25,Glasgow City,St Roch's Primary School,P7,Writing - % Meeting Level,70-80%
2024/25,Glasgow City,St Rose Of Lima Primary School,P1,Listening & Talking - % Meeting Level,30-40%
2024/25,Glasgow City,St Rose Of Lima Primary School,P1,Numeracy - % Meeting Level,40-50%
2024/25,Glasgow City,St Rose Of Lima Primary School,P1,Reading - % Meeting Level,40-50%
2024/25,Glasgow City,St Rose Of Lima Primary School,P1,Writing - % Meeting Level,30-40%
2024/25,Glasgow City,St Rose Of Lima Primary School,"P1, P4 & P7 combined",Listening & Talking - % Meeting Level,60-70%
2024/25,Glasgow City,St Rose Of Lima Primary School,"P1, P4 & P7 combined",Numeracy - % Meeting Level,60-70%
2024/25,Glasgow City,St Rose Of Lima Primary School,"P1, P4 & P7 combined",Reading - % Meeting Level,50-60%
2024/25,Glasgow City,St Rose Of Lima Primary School,"P1, P4 & P7 combined",Writing - % Meeting Level,50-60%
2024/25,Glasgow City,St Rose Of Lima Primary School,P4,Listening & Talking - % Meeting Level,70-80%
2024/25,Glasgow City,St Rose Of Lima Primary School,P4,Numeracy - % Meeting Level,60-70%
2024/25,Glasgow City,St Rose Of Lima Primary School,P4,Reading - % Meeting Level,40-50%
2024/25,Glasgow City,St Rose Of Lima Primary School,P4,Writing - % Meeting Level,40-50%
2024/25,Glasgow City,St Rose Of Lima Primary School,P7,Listening & Talking - % Meeting Level,80-90%
2024/25,Glasgow City,St Rose Of Lima Primary School,P7,Numeracy - % Meeting Level,70-80%
2024/25,Glasgow City,St Rose Of Lima Primary School,P7,Reading - % Meeting Level,70-80%
2024/25,Glasgow City,St Rose Of Lima Primary School,P7,Writing - % Meeting Level,60-70%
2024/25,Glasgow City,St Saviour's Primary School,P1,Listening & Talking - % Meeting Level,70-80%
2024/25,Glasgow City,St Saviour's Primary School,P1,Numeracy - % Meeting Level,60-70%
2024/25,Glasgow City,St Saviour's Primary School,P1,Reading - % Meeting Level,60-70%
2024/25,Glasgow City,St Saviour's Primary School,P1,Writing - % Meeting Level,60-70%
2024/25,Glasgow City,St Saviour's Primary School,"P1, P4 & P7 combined",Listening & Talking - % Meeting Level,70-80%
2024/25,Glasgow City,St Saviour's Primary School,"P1, P4 & P7 combined",Numeracy - % Meeting Level,60-70%
2024/25,Glasgow City,St Saviour's Primary School,"P1, P4 & P7 combined",Reading - % Meeting Level,60-70%
2024/25,Glasgow City,St Saviour's Primary School,"P1, P4 & P7 combined",Writing - % Meeting Level,50-60%
2024/25,Glasgow City,St Saviour's Primary School,P4,Listening & Talking - % Meeting Level,c
2024/25,Glasgow City,St Saviour's Primary School,P4,Numeracy - % Meeting Level,c
2024/25,Glasgow City,St Saviour's Primary School,P4,Reading - % Meeting Level,c
2024/25,Glasgow City,St Saviour's Primary School,P4,Writing - % Meeting Level,c
2024/25,Glasgow City,St Saviour's Primary School,P7,Listening & Talking - % Meeting Level,80-90%
2024/25,Glasgow City,St Saviour's Primary School,P7,Numeracy - % Meeting Level,70-80%
2024/25,Glasgow City,St Saviour's Primary School,P7,Reading - % Meeting Level,70-80%
2024/25,Glasgow City,St Saviour's Primary School,P7,Writing - % Meeting Level,60-70%
2024/25,Glasgow City,St Teresa's Primary School,P1,Listening & Talking - % Meeting Level,c
2024/25,Glasgow City,St Teresa's Primary School,P1,Numeracy - % Meeting Level,c
2024/25,Glasgow City,St Teresa's Primary School,P1,Reading - % Meeting Level,c
2024/25,Glasgow City,St Teresa's Primary School,P1,Writing - % Meeting Level,c
2024/25,Glasgow City,St Teresa's Primary School,"P1, P4 & P7 combined",Listening & Talking - % Meeting Level,90+%
2024/25,Glasgow City,St Teresa's Primary School,"P1, P4 & P7 combined",Numeracy - % Meeting Level,70-80%
2024/25,Glasgow City,St Teresa's Primary School,"P1, P4 & P7 combined",Reading - % Meeting Level,80-90%
2024/25,Glasgow City,St Teresa's Primary School,"P1, P4 & P7 combined",Writing - % Meeting Level,80-90%
2024/25,Glasgow City,St Teresa's Primary School,P4,Listening & Talking - % Meeting Level,c
2024/25,Glasgow City,St Teresa's Primary School,P4,Numeracy - % Meeting Level,c
2024/25,Glasgow City,St Teresa's Primary School,P4,Reading - % Meeting Level,c
2024/25,Glasgow City,St Teresa's Primary School,P4,Writing - % Meeting Level,c
2024/25,Glasgow City,St Teresa's Primary School,P7,Listening & Talking - % Meeting Level,90+%
2024/25,Glasgow City,St Teresa's Primary School,P7,Numeracy - % Meeting Level,70-80%
2024/25,Glasgow City,St Teresa's Primary School,P7,Reading - % Meeting Level,80-90%
2024/25,Glasgow City,St Teresa's Primary School,P7,Writing - % Meeting Level,80-90%
2024/25,Glasgow City,St Thomas' Primary School,P1,Listening & Talking - % Meeting Level,80-90%
2024/25,Glasgow City,St Thomas' Primary School,P1,Numeracy - % Meeting Level,80-90%
2024/25,Glasgow City,St Thomas' Primary School,P1,Reading - % Meeting Level,70-80%
2024/25,Glasgow City,St Thomas' Primary School,P1,Writing - % Meeting Level,70-80%
2024/25,Glasgow City,St Thomas' Primary School,"P1, P4 & P7 combined",Listening & Talking - % Meeting Level,90+%
2024/25,Glasgow City,St Thomas' Primary School,"P1, P4 & P7 combined",Numeracy - % Meeting Level,80-90%
2024/25,Glasgow City,St Thomas' Primary School,"P1, P4 & P7 combined",Reading - % Meeting Level,80-90%
2024/25,Glasgow City,St Thomas' Primary School,"P1, P4 & P7 combined",Writing - % Meeting Level,70-80%
2024/25,Glasgow City,St Thomas' Primary School,P4,Listening & Talking - % Meeting Level,80-90%
2024/25,Glasgow City,St Thomas' Primary School,P4,Numeracy - % Meeting Level,80-90%
2024/25,Glasgow City,St Thomas' Primary School,P4,Reading - % Meeting Level,70-80%
2024/25,Glasgow City,St Thomas' Primary School,P4,Writing - % Meeting Level,70-80%
2024/25,Glasgow City,St Thomas' Primary School,P7,Listening & Talking - % Meeting Level,90+%
2024/25,Glasgow City,St Thomas' Primary School,P7,Numeracy - % Meeting Level,90+%
2024/25,Glasgow City,St Thomas' Primary School,P7,Reading - % Meeting Level,90+%
2024/25,Glasgow City,St Thomas' Primary School,P7,Writing - % Meeting Level,80-90%
2024/25,Glasgow City,St Timothy's Primary School & Nursery Class,P1,Listening & Talking - % Meeting Level,90+%
2024/25,Glasgow City,St Timothy's Primary School & Nursery Class,P1,Numeracy - % Meeting Level,80-90%
2024/25,Glasgow City,St Timothy's Primary School & Nursery Class,P1,Reading - % Meeting Level,70-80%
2024/25,Glasgow City,St Timothy's Primary School & Nursery Class,P1,Writing - % Meeting Level,60-70%
2024/25,Glasgow City,St Timothy's Primary School & Nursery Class,"P1, P4 & P7 combined",Listening & Talking - % Meeting Level,90+%
2024/25,Glasgow City,St Timothy's Primary School & Nursery Class,"P1, P4 & P7 combined",Numeracy - % Meeting Level,80-90%
2024/25,Glasgow City,St Timothy's Primary School & Nursery Class,"P1, P4 & P7 combined",Reading - % Meeting Level,70-80%
2024/25,Glasgow City,St Timothy's Primary School & Nursery Class,"P1, P4 & P7 combined",Writing - % Meeting Level,60-70%
2024/25,Glasgow City,St Timothy's Primary School & Nursery Class,P4,Listening & Talking - % Meeting Level,90+%
2024/25,Glasgow City,St Timothy's Primary School & Nursery Class,P4,Numeracy - % Meeting Level,80-90%
2024/25,Glasgow City,St Timothy's Primary School & Nursery Class,P4,Reading - % Meeting Level,70-80%
2024/25,Glasgow City,St Timothy's Primary School & Nursery Class,P4,Writing - % Meeting Level,60-70%
2024/25,Glasgow City,St Timothy's Primary School & Nursery Class,P7,Listening & Talking - % Meeting Level,90+%
2024/25,Glasgow City,St Timothy's Primary School & Nursery Class,P7,Numeracy - % Meeting Level,80-90%
2024/25,Glasgow City,St Timothy's Primary School & Nursery Class,P7,Reading - % Meeting Level,90+%
2024/25,Glasgow City,St Timothy's Primary School & Nursery Class,P7,Writing - % Meeting Level,70-80%
2024/25,Glasgow City,St Vincent's Primary School,P1,Listening & Talking - % Meeting Level,70-80%
2024/25,Glasgow City,St Vincent's Primary School,P1,Numeracy - % Meeting Level,70-80%
2024/25,Glasgow City,St Vincent's Primary School,P1,Reading - % Meeting Level,60-70%
2024/25,Glasgow City,St Vincent's Primary School,P1,Writing - % Meeting Level,60-70%
2024/25,Glasgow City,St Vincent's Primary School,"P1, P4 & P7 combined",Listening & Talking - % Meeting Level,80-90%
2024/25,Glasgow City,St Vincent's Primary School,"P1, P4 & P7 combined",Numeracy - % Meeting Level,70-80%
2024/25,Glasgow City,St Vincent's Primary School,"P1, P4 & P7 combined",Reading - % Meeting Level,60-70%
2024/25,Glasgow City,St Vincent's Primary School,"P1, P4 & P7 combined",Writing - % Meeting Level,60-70%
2024/25,Glasgow City,St Vincent's Primary School,P4,Listening & Talking - % Meeting Level,80-90%
2024/25,Glasgow City,St Vincent's Primary School,P4,Numeracy - % Meeting Level,60-70%
2024/25,Glasgow City,St Vincent's Primary School,P4,Reading - % Meeting Level,60-70%
2024/25,Glasgow City,St Vincent's Primary School,P4,Writing - % Meeting Level,60-70%
2024/25,Glasgow City,St Vincent's Primary School,P7,Listening & Talking - % Meeting Level,80-90%
2024/25,Glasgow City,St Vincent's Primary School,P7,Numeracy - % Meeting Level,70-80%
2024/25,Glasgow City,St Vincent's Primary School,P7,Reading - % Meeting Level,70-80%
2024/25,Glasgow City,St Vincent's Primary School,P7,Writing - % Meeting Level,70-80%
2024/25,Glasgow City,Sunnyside Primary School,P1,Listening & Talking - % Meeting Level,70-80%
2024/25,Glasgow City,Sunnyside Primary School,P1,Numeracy - % Meeting Level,70-80%
2024/25,Glasgow City,Sunnyside Primary School,P1,Reading - % Meeting Level,50-60%
2024/25,Glasgow City,Sunnyside Primary School,P1,Writing - % Meeting Level,40-50%
2024/25,Glasgow City,Sunnyside Primary School,"P1, P4 & P7 combined",Listening & Talking - % Meeting Level,70-80%
2024/25,Glasgow City,Sunnyside Primary School,"P1, P4 & P7 combined",Numeracy - % Meeting Level,60-70%
2024/25,Glasgow City,Sunnyside Primary School,"P1, P4 & P7 combined",Reading - % Meeting Level,60-70%
2024/25,Glasgow City,Sunnyside Primary School,"P1, P4 & P7 combined",Writing - % Meeting Level,50-60%
2024/25,Glasgow City,Sunnyside Primary School,P4,Listening & Talking - % Meeting Level,70-80%
2024/25,Glasgow City,Sunnyside Primary School,P4,Numeracy - % Meeting Level,50-60%
2024/25,Glasgow City,Sunnyside Primary School,P4,Reading - % Meeting Level,60-70%
2024/25,Glasgow City,Sunnyside Primary School,P4,Writing - % Meeting Level,50-60%
2024/25,Glasgow City,Sunnyside Primary School,P7,Listening & Talking - % Meeting Level,60-70%
2024/25,Glasgow City,Sunnyside Primary School,P7,Numeracy - % Meeting Level,60-70%
2024/25,Glasgow City,Sunnyside Primary School,P7,Reading - % Meeting Level,60-70%
2024/25,Glasgow City,Sunnyside Primary School,P7,Writing - % Meeting Level,50-60%
2024/25,Glasgow City,Swinton Primary School,P1,Listening & Talking - % Meeting Level,80-90%
2024/25,Glasgow City,Swinton Primary School,P1,Numeracy - % Meeting Level,80-90%
2024/25,Glasgow City,Swinton Primary School,P1,Reading - % Meeting Level,80-90%
2024/25,Glasgow City,Swinton Primary School,P1,Writing - % Meeting Level,80-90%
2024/25,Glasgow City,Swinton Primary School,"P1, P4 & P7 combined",Listening & Talking - % Meeting Level,80-90%
2024/25,Glasgow City,Swinton Primary School,"P1, P4 & P7 combined",Numeracy - % Meeting Level,80-90%
2024/25,Glasgow City,Swinton Primary School,"P1, P4 & P7 combined",Reading - % Meeting Level,80-90%
2024/25,Glasgow City,Swinton Primary School,"P1, P4 & P7 combined",Writing - % Meeting Level,80-90%
2024/25,Glasgow City,Swinton Primary School,P4,Listening & Talking - % Meeting Level,80-90%
2024/25,Glasgow City,Swinton Primary School,P4,Numeracy - % Meeting Level,70-80%
2024/25,Glasgow City,Swinton Primary School,P4,Reading - % Meeting Level,70-80%
2024/25,Glasgow City,Swinton Primary School,P4,Writing - % Meeting Level,60-70%
2024/25,Glasgow City,Swinton Primary School,P7,Listening & Talking - % Meeting Level,90+%
2024/25,Glasgow City,Swinton Primary School,P7,Numeracy - % Meeting Level,80-90%
2024/25,Glasgow City,Swinton Primary School,P7,Reading - % Meeting Level,90+%
2024/25,Glasgow City,Swinton Primary School,P7,Writing - % Meeting Level,90+%
2024/25,Glasgow City,Thorntree Primary School,P1,Listening & Talking - % Meeting Level,70-80%
2024/25,Glasgow City,Thorntree Primary School,P1,Numeracy - % Meeting Level,70-80%
2024/25,Glasgow City,Thorntree Primary School,P1,Reading - % Meeting Level,60-70%
2024/25,Glasgow City,Thorntree Primary School,P1,Writing - % Meeting Level,60-70%
2024/25,Glasgow City,Thorntree Primary School,"P1, P4 & P7 combined",Listening & Talking - % Meeting Level,70-80%
2024/25,Glasgow City,Thorntree Primary School,"P1, P4 & P7 combined",Numeracy - % Meeting Level,70-80%
2024/25,Glasgow City,Thorntree Primary School,"P1, P4 & P7 combined",Reading - % Meeting Level,70-80%
2024/25,Glasgow City,Thorntree Primary School,"P1, P4 & P7 combined",Writing - % Meeting Level,60-70%
2024/25,Glasgow City,Thorntree Primary School,P4,Listening & Talking - % Meeting Level,80-90%
2024/25,Glasgow City,Thorntree Primary School,P4,Numeracy - % Meeting Level,70-80%
2024/25,Glasgow City,Thorntree Primary School,P4,Reading - % Meeting Level,70-80%
2024/25,Glasgow City,Thorntree Primary School,P4,Writing - % Meeting Level,60-70%
2024/25,Glasgow City,Thorntree Primary School,P7,Listening & Talking - % Meeting Level,80-90%
2024/25,Glasgow City,Thorntree Primary School,P7,Numeracy - % Meeting Level,70-80%
2024/25,Glasgow City,Thorntree Primary School,P7,Reading - % Meeting Level,60-70%
2024/25,Glasgow City,Thorntree Primary School,P7,Writing - % Meeting Level,60-70%
2024/25,Glasgow City,Thornwood Primary School & Nursery Class,P1,Listening & Talking - % Meeting Level,70-80%
2024/25,Glasgow City,Thornwood Primary School & Nursery Class,P1,Numeracy - % Meeting Level,c
2024/25,Glasgow City,Thornwood Primary School & Nursery Class,P1,Reading - % Meeting Level,60-70%
2024/25,Glasgow City,Thornwood Primary School & Nursery Class,P1,Writing - % Meeting Level,c
2024/25,Glasgow City,Thornwood Primary School & Nursery Class,"P1, P4 & P7 combined",Listening & Talking - % Meeting Level,80-90%
2024/25,Glasgow City,Thornwood Primary School & Nursery Class,"P1, P4 & P7 combined",Numeracy - % Meeting Level,60-70%
2024/25,Glasgow City,Thornwood Primary School & Nursery Class,"P1, P4 & P7 combined",Reading - % Meeting Level,70-80%
2024/25,Glasgow City,Thornwood Primary School & Nursery Class,"P1, P4 & P7 combined",Writing - % Meeting Level,50-60%
2024/25,Glasgow City,Thornwood Primary School & Nursery Class,P4,Listening & Talking - % Meeting Level,c
2024/25,Glasgow City,Thornwood Primary School & Nursery Class,P4,Numeracy - % Meeting Level,c
2024/25,Glasgow City,Thornwood Primary School & Nursery Class,P4,Reading - % Meeting Level,c
2024/25,Glasgow City,Thornwood Primary School & Nursery Class,P4,Writing - % Meeting Level,c
2024/25,Glasgow City,Thornwood Primary School & Nursery Class,P7,Listening & Talking - % Meeting Level,80-90%
2024/25,Glasgow City,Thornwood Primary School & Nursery Class,P7,Numeracy - % Meeting Level,50-60%
2024/25,Glasgow City,Thornwood Primary School & Nursery Class,P7,Reading - % Meeting Level,70-80%
2024/25,Glasgow City,Thornwood Primary School & Nursery Class,P7,Writing - % Meeting Level,40-50%
2024/25,Glasgow City,Tinto Primary School,P1,Listening & Talking - % Meeting Level,70-80%
2024/25,Glasgow City,Tinto Primary School,P1,Numeracy - % Meeting Level,80-90%
2024/25,Glasgow City,Tinto Primary School,P1,Reading - % Meeting Level,70-80%
2024/25,Glasgow City,Tinto Primary School,P1,Writing - % Meeting Level,70-80%
2024/25,Glasgow City,Tinto Primary School,"P1, P4 & P7 combined",Listening & Talking - % Meeting Level,80-90%
2024/25,Glasgow City,Tinto Primary School,"P1, P4 & P7 combined",Numeracy - % Meeting Level,80-90%
2024/25,Glasgow City,Tinto Primary School,"P1, P4 & P7 combined",Reading - % Meeting Level,80-90%
2024/25,Glasgow City,Tinto Primary School,"P1, P4 & P7 combined",Writing - % Meeting Level,70-80%
2024/25,Glasgow City,Tinto Primary School,P4,Listening & Talking - % Meeting Level,80-90%
2024/25,Glasgow City,Tinto Primary School,P4,Numeracy - % Meeting Level,70-80%
2024/25,Glasgow City,Tinto Primary School,P4,Reading - % Meeting Level,70-80%
2024/25,Glasgow City,Tinto Primary School,P4,Writing - % Meeting Level,70-80%
2024/25,Glasgow City,Tinto Primary School,P7,Listening & Talking - % Meeting Level,90+%
2024/25,Glasgow City,Tinto Primary School,P7,Numeracy - % Meeting Level,90+%
2024/25,Glasgow City,Tinto Primary School,P7,Reading - % Meeting Level,90+%
2024/25,Glasgow City,Tinto Primary School,P7,Writing - % Meeting Level,80-90%
2024/25,Glasgow City,Toryglen Primary School,P1,Listening & Talking - % Meeting Level,c
2024/25,Glasgow City,Toryglen Primary School,P1,Numeracy - % Meeting Level,c
2024/25,Glasgow City,Toryglen Primary School,P1,Reading - % Meeting Level,c
2024/25,Glasgow City,Toryglen Primary School,P1,Writing - % Meeting Level,c
2024/25,Glasgow City,Toryglen Primary School,"P1, P4 & P7 combined",Listening & Talking - % Meeting Level,50-60%
2024/25,Glasgow City,Toryglen Primary School,"P1, P4 & P7 combined",Numeracy - % Meeting Level,50-60%
2024/25,Glasgow City,Toryglen Primary School,"P1, P4 & P7 combined",Reading - % Meeting Level,50-60%
2024/25,Glasgow City,Toryglen Primary School,"P1, P4 & P7 combined",Writing - % Meeting Level,40-50%
2024/25,Glasgow City,Toryglen Primary School,P4,Listening & Talking - % Meeting Level,c
2024/25,Glasgow City,Toryglen Primary School,P4,Numeracy - % Meeting Level,c
2024/25,Glasgow City,Toryglen Primary School,P4,Reading - % Meeting Level,c
2024/25,Glasgow City,Toryglen Primary School,P4,Writing - % Meeting Level,c
2024/25,Glasgow City,Toryglen Primary School,P7,Listening & Talking - % Meeting Level,50-60%
2024/25,Glasgow City,Toryglen Primary School,P7,Numeracy - % Meeting Level,40-50%
2024/25,Glasgow City,Toryglen Primary School,P7,Reading - % Meeting Level,50-60%
2024/25,Glasgow City,Toryglen Primary School,P7,Writing - % Meeting Level,40-50%
2024/25,Glasgow City,Wallacewell Primary School,P1,Listening & Talking - % Meeting Level,90+%
2024/25,Glasgow City,Wallacewell Primary School,P1,Numeracy - % Meeting Level,80-90%
2024/25,Glasgow City,Wallacewell Primary School,P1,Reading - % Meeting Level,80-90%
2024/25,Glasgow City,Wallacewell Primary School,P1,Writing - % Meeting Level,80-90%
2024/25,Glasgow City,Wallacewell Primary School,"P1, P4 & P7 combined",Listening & Talking - % Meeting Level,80-90%
2024/25,Glasgow City,Wallacewell Primary School,"P1, P4 & P7 combined",Numeracy - % Meeting Level,80-90%
2024/25,Glasgow City,Wallacewell Primary School,"P1, P4 & P7 combined",Reading - % Meeting Level,80-90%
2024/25,Glasgow City,Wallacewell Primary School,"P1, P4 & P7 combined",Writing - % Meeting Level,80-90%
2024/25,Glasgow City,Wallacewell Primary School,P4,Listening & Talking - % Meeting Level,80-90%
2024/25,Glasgow City,Wallacewell Primary School,P4,Numeracy - % Meeting Level,80-90%
2024/25,Glasgow City,Wallacewell Primary School,P4,Reading - % Meeting Level,80-90%
2024/25,Glasgow City,Wallacewell Primary School,P4,Writing - % Meeting Level,70-80%
2024/25,Glasgow City,Wallacewell Primary School,P7,Listening & Talking - % Meeting Level,90+%
2024/25,Glasgow City,Wallacewell Primary School,P7,Numeracy - % Meeting Level,80-90%
2024/25,Glasgow City,Wallacewell Primary School,P7,Reading - % Meeting Level,80-90%
2024/25,Glasgow City,Wallacewell Primary School,P7,Writing - % Meeting Level,80-90%
2024/25,Glasgow City,Wellshot Primary School,P1,Listening & Talking - % Meeting Level,70-80%
2024/25,Glasgow City,Wellshot Primary School,P1,Numeracy - % Meeting Level,80-90%
2024/25,Glasgow City,Wellshot Primary School,P1,Reading - % Meeting Level,70-80%
2024/25,Glasgow City,Wellshot Primary School,P1,Writing - % Meeting Level,70-80%
2024/25,Glasgow City,Wellshot Primary School,"P1, P4 & P7 combined",Listening & Talking - % Meeting Level,80-90%
2024/25,Glasgow City,Wellshot Primary School,"P1, P4 & P7 combined",Numeracy - % Meeting Level,70-80%
2024/25,Glasgow City,Wellshot Primary School,"P1, P4 & P7 combined",Reading - % Meeting Level,70-80%
2024/25,Glasgow City,Wellshot Primary School,"P1, P4 & P7 combined",Writing - % Meeting Level,60-70%
2024/25,Glasgow City,Wellshot Primary School,P4,Listening & Talking - % Meeting Level,80-90%
2024/25,Glasgow City,Wellshot Primary School,P4,Numeracy - % Meeting Level,60-70%
2024/25,Glasgow City,Wellshot Primary School,P4,Reading - % Meeting Level,60-70%
2024/25,Glasgow City,Wellshot Primary School,P4,Writing - % Meeting Level,60-70%
2024/25,Glasgow City,Wellshot Primary School,P7,Listening & Talking - % Meeting Level,80-90%
2024/25,Glasgow City,Wellshot Primary School,P7,Numeracy - % Meeting Level,60-70%
2024/25,Glasgow City,Wellshot Primary School,P7,Reading - % Meeting Level,70-80%
2024/25,Glasgow City,Wellshot Primary School,P7,Writing - % Meeting Level,60-70%
2024/25,Glasgow City,Whiteinch Primary School,P1,Listening & Talking - % Meeting Level,c
2024/25,Glasgow City,Whiteinch Primary School,P1,Numeracy - % Meeting Level,c
2024/25,Glasgow City,Whiteinch Primary School,P1,Reading - % Meeting Level,c
2024/25,Glasgow City,Whiteinch Primary School,P1,Writing - % Meeting Level,c
2024/25,Glasgow City,Whiteinch Primary School,"P1, P4 & P7 combined",Listening & Talking - % Meeting Level,80-90%
2024/25,Glasgow City,Whiteinch Primary School,"P1, P4 & P7 combined",Numeracy - % Meeting Level,80-90%
2024/25,Glasgow City,Whiteinch Primary School,"P1, P4 & P7 combined",Reading - % Meeting Level,70-80%
2024/25,Glasgow City,Whiteinch Primary School,"P1, P4 & P7 combined",Writing - % Meeting Level,60-70%
2024/25,Glasgow City,Whiteinch Primary School,P4,Listening & Talking - % Meeting Level,c
2024/25,Glasgow City,Whiteinch Primary School,P4,Numeracy - % Meeting Level,c
2024/25,Glasgow City,Whiteinch Primary School,P4,Reading - % Meeting Level,c
2024/25,Glasgow City,Whiteinch Primary School,P4,Writing - % Meeting Level,c
2024/25,Glasgow City,Whiteinch Primary School,P7,Listening & Talking - % Meeting Level,c
2024/25,Glasgow City,Whiteinch Primary School,P7,Numeracy - % Meeting Level,c
2024/25,Glasgow City,Whiteinch Primary School,P7,Reading - % Meeting Level,c
2024/25,Glasgow City,Whiteinch Primary School,P7,Writing - % Meeting Level,c
