year,la_name,school_name,stage,measure,value_label
2024/25,Scotland,All publicly funded schools,P1,Listening & Talking - % Meeting Level,86.5%
2024/25,Scotland,All publicly funded schools,P1,Numeracy - % Meeting Level,84.6%
2024/25,Scotland,All publicly funded schools,P1,Reading - % Meeting Level,80.6%
2024/25,Scotland,All publicly funded schools,P1,Writing - % Meeting Level,78.7%
2024/25,Scotland,All publicly funded schools,"P1, P4 & P7 combined",Listening & Talking - % Meeting Level,87.5%
2024/25,Scotland,All publicly funded schools,"P1, P4 & P7 combined",Numeracy - % Meeting Level,80.3%
2024/25,Scotland,All publicly funded schools,"P1, P4 & P7 combined",Reading - % Meeting Level,80.6%
2024/25,Scotland,All publicly funded schools,"P1, P4 & P7 combined",Writing - % Meeting Level,76.5%
2024/25,Scotland,All publicly funded schools,P4,Listening & Talking - % Meeting Level,87.4%
2024/25,Scotland,All publicly funded schools,P4,Numeracy - % Meeting Level,77.9%
2024/25,Scotland,All publicly funded schools,P4,Reading - % Meeting Level,79.1%
2024/25,Scotland,All publicly funded schools,P4,Writing - % Meeting Level,74.2%
2024/25,Scotland,All publicly funded schools,P7,Listening & Talking - % Meeting Level,88.5%
2024/25,Scotland,All publicly funded schools,P7,Numeracy - % Meeting Level,78.9%
2024/25,Scotland,All publicly funded schools,P7,Reading - % Meeting Level,82%
2024/25,Scotland,All publicly funded schools,P7,Writing - % Meeting Level,76.9%
2024/25,Highland,All publicly funded schools,P1,Listening & Talking - % Meeting Level,85.4%
2024/25,Highland,All publicly funded schools,P1,Numeracy - % Meeting Level,79.2%
2024/25,Highland,All publicly funded schools,P1,Reading - % Meeting Level,75.6%
2024/25,Highland,All publicly funded schools,P1,Writing - % Meeting Level,72.7%
2024/25,Highland,All publicly funded schools,"P1, P4 & P7 combined",Listening & Talking - % Meeting Level,87%
2024/25,Highland,All publicly funded schools,"P1, P4 & P7 combined",Numeracy - % Meeting Level,74.5%
2024/25,Highland,All publicly funded schools,"P1, P4 & P7 combined",Reading - % Meeting Level,76.9%
2024/25,Highland,All publicly funded schools,"P1, P4 & P7 combined",Writing - % Meeting Level,71.6%
2024/25,Highland,All publicly funded schools,P4,Listening & Talking - % Meeting Level,86.7%
2024/25,Highland,All publicly funded schools,P4,Numeracy - % Meeting Level,70.3%
2024/25,Highland,All publicly funded schools,P4,Reading - % Meeting Level,74.8%
2024/25,Highland,All publicly funded schools,P4,Writing - % Meeting Level,69.3%
2024/25,Highland,All publicly funded schools,P7,Listening & Talking - % Meeting Level,88.6%
2024/25,Highland,All publicly funded schools,P7,Numeracy - % Meeting Level,74.7%
2024/25,Highland,All publicly funded schools,P7,Reading - % Meeting Level,79.8%
2024/25,Highland,All publicly funded schools,P7,Writing - % Meeting Level,72.8%
2024/25,Highland,Abernethy Primary School,P1,Listening & Talking - % Meeting Level,c
2024/25,Highland,Abernethy Primary School,P1,Numeracy - % Meeting Level,c
2024/25,Highland,Abernethy Primary School,P1,Reading - % Meeting Level,c
2024/25,Highland,Abernethy Primary School,P1,Writing - % Meeting Level,c
2024/25,Highland,Abernethy Primary School,"P1, P4 & P7 combined",Listening & Talking - % Meeting Level,90+%
2024/25,Highland,Abernethy Primary School,"P1, P4 & P7 combined",Numeracy - % Meeting Level,80-90%
2024/25,Highland,Abernethy Primary School,"P1, P4 & P7 combined",Reading - % Meeting Level,80-90%
2024/25,Highland,Abernethy Primary School,"P1, P4 & P7 combined",Writing - % Meeting Level,80-90%
2024/25,Highland,Abernethy Primary School,P4,Listening & Talking - % Meeting Level,c
2024/25,Highland,Abernethy Primary School,P4,Numeracy - % Meeting Level,c
2024/25,Highland,Abernethy Primary School,P4,Reading - % Meeting Level,c
2024/25,Highland,Abernethy Primary School,P4,Writing - % Meeting Level,c
2024/25,Highland,Abernethy Primary School,P7,Listening & Talking - % Meeting Level,c
2024/25,Highland,Abernethy Primary School,P7,Numeracy - % Meeting Level,c
2024/25,Highland,Abernethy Primary School,P7,Reading - % Meeting Level,c
2024/25,Highland,Abernethy Primary School,P7,Writing - % Meeting Level,c
2024/25,Highland,Acharacle Primary School,P1,Listening & Talking - % Meeting Level,c
2024/25,Highland,Acharacle Primary School,P1,Numeracy - % Meeting Level,c
2024/25,Highland,Acharacle Primary School,P1,Reading - % Meeting Level,c
2024/25,Highland,Acharacle Primary School,P1,Writing - % Meeting Level,c
2024/25,Highland,Acharacle Primary School,"P1, P4 & P7 combined",Listening & Talking - % Meeting Level,c
2024/25,Highland,Acharacle Primary School,"P1, P4 & P7 combined",Numeracy - % Meeting Level,c
2024/25,Highland,Acharacle Primary School,"P1, P4 & P7 combined",Reading - % Meeting Level,c
2024/25,Highland,Acharacle Primary School,"P1, P4 & P7 combined",Writing - % Meeting Level,c
2024/25,Highland,Acharacle Primary School,P4,Listening & Talking - % Meeting Level,c
2024/25,Highland,Acharacle Primary School,P4,Numeracy - % Meeting Level,c
2024/25,Highland,Acharacle Primary School,P4,Reading - % Meeting Level,c
2024/25,Highland,Acharacle Primary School,P4,Writing - % Meeting Level,c
2024/25,Highland,Acharacle Primary School,P7,Listening & Talking - % Meeting Level,c
2024/25,Highland,Acharacle Primary School,P7,Numeracy - % Meeting Level,c
2024/25,Highland,Acharacle Primary School,P7,Reading - % Meeting Level,c
2024/25,Highland,Acharacle Primary School,P7,Writing - % Meeting Level,c
2024/25,Highland,Achiltibuie Primary School,"P1, P4 & P7 combined",Listening & Talking - % Meeting Level,c
2024/25,Highland,Achiltibuie Primary School,"P1, P4 & P7 combined",Numeracy - % Meeting Level,c
2024/25,Highland,Achiltibuie Primary School,"P1, P4 & P7 combined",Reading - % Meeting Level,c
2024/25,Highland,Achiltibuie Primary School,"P1, P4 & P7 combined",Writing - % Meeting Level,c
2024/25,Highland,Achiltibuie Primary School,P4,Listening & Talking - % Meeting Level,c
2024/25,Highland,Achiltibuie Primary School,P4,Numeracy - % Meeting Level,c
2024/25,Highland,Achiltibuie Primary School,P4,Reading - % Meeting Level,c
2024/25,Highland,Achiltibuie Primary School,P4,Writing - % Meeting Level,c
2024/25,Highland,Achiltibuie Primary School,P7,Listening & Talking - % Meeting Level,c
2024/25,Highland,Achiltibuie Primary School,P7,Numeracy - % Meeting Level,c
2024/25,Highland,Achiltibuie Primary School,P7,Reading - % Meeting Level,c
2024/25,Highland,Achiltibuie Primary School,P7,Writing - % Meeting Level,c
2024/25,Highland,Aldourie Primary School,"P1, P4 & P7 combined",Listening & Talking - % Meeting Level,c
2024/25,Highland,Aldourie Primary School,"P1, P4 & P7 combined",Numeracy - % Meeting Level,c
2024/25,Highland,Aldourie Primary School,"P1, P4 & P7 combined",Reading - % Meeting Level,c
2024/25,Highland,Aldourie Primary School,"P1, P4 & P7 combined",Writing - % Meeting Level,c
2024/25,Highland,Aldourie Primary School,P4,Listening & Talking - % Meeting Level,c
2024/25,Highland,Aldourie Primary School,P4,Numeracy - % Meeting Level,c
2024/25,Highland,Aldourie Primary School,P4,Reading - % Meeting Level,c
2024/25,Highland,Aldourie Primary School,P4,Writing - % Meeting Level,c
2024/25,Highland,Aldourie Primary School,P7,Listening & Talking - % Meeting Level,c
2024/25,Highland,Aldourie Primary School,P7,Numeracy - % Meeting Level,c
2024/25,Highland,Aldourie Primary School,P7,Reading - % Meeting Level,c
2024/25,Highland,Aldourie Primary School,P7,Writing - % Meeting Level,c
2024/25,Highland,Alvie Primary School,P1,Listening & Talking - % Meeting Level,c
2024/25,Highland,Alvie Primary School,P1,Numeracy - % Meeting Level,c
2024/25,Highland,Alvie Primary School,P1,Reading - % Meeting Level,c
2024/25,Highland,Alvie Primary School,P1,Writing - % Meeting Level,c
2024/25,Highland,Alvie Primary School,"P1, P4 & P7 combined",Listening & Talking - % Meeting Level,90+%
2024/25,Highland,Alvie Primary School,"P1, P4 & P7 combined",Numeracy - % Meeting Level,70-80%
2024/25,Highland,Alvie Primary School,"P1, P4 & P7 combined",Reading - % Meeting Level,60-70%
2024/25,Highland,Alvie Primary School,"P1, P4 & P7 combined",Writing - % Meeting Level,70-80%
2024/25,Highland,Alvie Primary School,P4,Listening & Talking - % Meeting Level,c
2024/25,Highland,Alvie Primary School,P4,Numeracy - % Meeting Level,c
2024/25,Highland,Alvie Primary School,P4,Reading - % Meeting Level,c
2024/25,Highland,Alvie Primary School,P4,Writing - % Meeting Level,c
2024/25,Highland,Alvie Primary School,P7,Listening & Talking - % Meeting Level,c
2024/25,Highland,Alvie Primary School,P7,Numeracy - % Meeting Level,c
2024/25,Highland,Alvie Primary School,P7,Reading - % Meeting Level,c
2024/25,Highland,Alvie Primary School,P7,Writing - % Meeting Level,c
2024/25,Highland,Applecross Primary School,P1,Listening & Talking - % Meeting Level,c
2024/25,Highland,Applecross Primary School,P1,Numeracy - % Meeting Level,c
2024/25,Highland,Applecross Primary School,P1,Reading - % Meeting Level,c
2024/25,Highland,Applecross Primary School,P1,Writing - % Meeting Level,c
2024/25,Highland,Applecross Primary School,"P1, P4 & P7 combined",Listening & Talking - % Meeting Level,c
2024/25,Highland,Applecross Primary School,"P1, P4 & P7 combined",Numeracy - % Meeting Level,c
2024/25,Highland,Applecross Primary School,"P1, P4 & P7 combined",Reading - % Meeting Level,c
2024/25,Highland,Applecross Primary School,"P1, P4 & P7 combined",Writing - % Meeting Level,c
2024/25,Highland,Applecross Primary School,P4,Listening & Talking - % Meeting Level,c
2024/25,Highland,Applecross Primary School,P4,Numeracy - % Meeting Level,c
2024/25,Highland,Applecross Primary School,P4,Reading - % Meeting Level,c
2024/25,Highland,Applecross Primary School,P4,Writing - % Meeting Level,c
2024/25,Highland,Ardersier Primary School,P1,Listening & Talking - % Meeting Level,c
2024/25,Highland,Ardersier Primary School,P1,Numeracy - % Meeting Level,c
2024/25,Highland,Ardersier Primary School,P1,Reading - % Meeting Level,c
2024/25,Highland,Ardersier Primary School,P1,Writing - % Meeting Level,c
2024/25,Highland,Ardersier Primary School,"P1, P4 & P7 combined",Listening & Talking - % Meeting Level,70-80%
2024/25,Highland,Ardersier Primary School,"P1, P4 & P7 combined",Numeracy - % Meeting Level,60-70%
2024/25,Highland,Ardersier Primary School,"P1, P4 & P7 combined",Reading - % Meeting Level,80-90%
2024/25,Highland,Ardersier Primary School,"P1, P4 & P7 combined",Writing - % Meeting Level,60-70%
2024/25,Highland,Ardersier Primary School,P4,Listening & Talking - % Meeting Level,c
2024/25,Highland,Ardersier Primary School,P4,Numeracy - % Meeting Level,c
2024/25,Highland,Ardersier Primary School,P4,Reading - % Meeting Level,c
2024/25,Highland,Ardersier Primary School,P4,Writing - % Meeting Level,c
2024/25,Highland,Ardersier Primary School,P7,Listening & Talking - % Meeting Level,c
2024/25,Highland,Ardersier Primary School,P7,Numeracy - % Meeting Level,c
2024/25,Highland,Ardersier Primary School,P7,Reading - % Meeting Level,c
2024/25,Highland,Ardersier Primary School,P7,Writing - % Meeting Level,c
2024/25,Highland,Ardgour Primary School,P1,Listening & Talking - % Meeting Level,c
2024/25,Highland,Ardgour Primary School,P1,Numeracy - % Meeting Level,c
2024/25,Highland,Ardgour Primary School,P1,Reading - % Meeting Level,c
2024/25,Highland,Ardgour Primary School,P1,Writing - % Meeting Level,c
2024/25,Highland,Ardgour Primary School,"P1, P4 & P7 combined",Listening & Talking - % Meeting Level,c
2024/25,Highland,Ardgour Primary School,"P1, P4 & P7 combined",Numeracy - % Meeting Level,c
2024/25,Highland,Ardgour Primary School,"P1, P4 & P7 combined",Reading - % Meeting Level,c
2024/25,Highland,Ardgour Primary School,"P1, P4 & P7 combined",Writing - % Meeting Level,c
2024/25,Highland,Ardgour Primary School,P4,Listening & Talking - % Meeting Level,c
2024/25,Highland,Ardgour Primary School,P4,Numeracy - % Meeting Level,c
2024/25,Highland,Ardgour Primary School,P4,Reading - % Meeting Level,c
2024/25,Highland,Ardgour Primary School,P4,Writing - % Meeting Level,c
2024/25,Highland,Ardgour Primary School,P7,Listening & Talking - % Meeting Level,c
2024/25,Highland,Ardgour Primary School,P7,Numeracy - % Meeting Level,c
2024/25,Highland,Ardgour Primary School,P7,Reading - % Meeting Level,c
2024/25,Highland,Ardgour Primary School,P7,Writing - % Meeting Level,c
2024/25,Highland,Ardross Primary School,P1,Listening & Talking - % Meeting Level,c
2024/25,Highland,Ardross Primary School,P1,Numeracy - % Meeting Level,c
2024/25,Highland,Ardross Primary School,P1,Reading - % Meeting Level,c
2024/25,Highland,Ardross Primary School,P1,Writing - % Meeting Level,c
2024/25,Highland,Ardross Primary School,"P1, P4 & P7 combined",Listening & Talking - % Meeting Level,c
2024/25,Highland,Ardross Primary School,"P1, P4 & P7 combined",Numeracy - % Meeting Level,c
2024/25,Highland,Ardross Primary School,"P1, P4 & P7 combined",Reading - % Meeting Level,c
2024/25,Highland,Ardross Primary School,"P1, P4 & P7 combined",Writing - % Meeting Level,c
2024/25,Highland,Ardross Primary School,P4,Listening & Talking - % Meeting Level,c
2024/25,Highland,Ardross Primary School,P4,Numeracy - % Meeting Level,c
2024/25,Highland,Ardross Primary School,P4,Reading - % Meeting Level,c
2024/25,Highland,Ardross Primary School,P4,Writing - % Meeting Level,c
2024/25,Highland,Ardross Primary School,P7,Listening & Talking - % Meeting Level,c
2024/25,Highland,Ardross Primary School,P7,Numeracy - % Meeting Level,c
2024/25,Highland,Ardross Primary School,P7,Reading - % Meeting Level,c
2024/25,Highland,Ardross Primary School,P7,Writing - % Meeting Level,c
2024/25,Highland,Arisaig Primary School,P1,Listening & Talking - % Meeting Level,c
2024/25,Highland,Arisaig Primary School,P1,Numeracy - % Meeting Level,c
2024/25,Highland,Arisaig Primary School,P1,Reading - % Meeting Level,c
2024/25,Highland,Arisaig Primary School,P1,Writing - % Meeting Level,c
2024/25,Highland,Arisaig Primary School,"P1, P4 & P7 combined",Listening & Talking - % Meeting Level,c
2024/25,Highland,Arisaig Primary School,"P1, P4 & P7 combined",Numeracy - % Meeting Level,c
2024/25,Highland,Arisaig Primary School,"P1, P4 & P7 combined",Reading - % Meeting Level,c
2024/25,Highland,Arisaig Primary School,"P1, P4 & P7 combined",Writing - % Meeting Level,c
2024/25,Highland,Arisaig Primary School,P4,Listening & Talking - % Meeting Level,c
2024/25,Highland,Arisaig Primary School,P4,Numeracy - % Meeting Level,c
2024/25,Highland,Arisaig Primary School,P4,Reading - % Meeting Level,c
2024/25,Highland,Arisaig Primary School,P4,Writing - % Meeting Level,c
2024/25,Highland,Arisaig Primary School,P7,Listening & Talking - % Meeting Level,c
2024/25,Highland,Arisaig Primary School,P7,Numeracy - % Meeting Level,c
2024/25,Highland,Arisaig Primary School,P7,Reading - % Meeting Level,c
2024/25,Highland,Arisaig Primary School,P7,Writing - % Meeting Level,c
2024/25,Highland,Auchtertyre Primary,P1,Listening & Talking - % Meeting Level,c
2024/25,Highland,Auchtertyre Primary,P1,Numeracy - % Meeting Level,c
2024/25,Highland,Auchtertyre Primary,P1,Reading - % Meeting Level,c
2024/25,Highland,Auchtertyre Primary,P1,Writing - % Meeting Level,c
2024/25,Highland,Auchtertyre Primary,"P1, P4 & P7 combined",Listening & Talking - % Meeting Level,90+%
2024/25,Highland,Auchtertyre Primary,"P1, P4 & P7 combined",Numeracy - % Meeting Level,80-90%
2024/25,Highland,Auchtertyre Primary,"P1, P4 & P7 combined",Reading - % Meeting Level,80-90%
2024/25,Highland,Auchtertyre Primary,"P1, P4 & P7 combined",Writing - % Meeting Level,70-80%
2024/25,Highland,Auchtertyre Primary,P4,Listening & Talking - % Meeting Level,c
2024/25,Highland,Auchtertyre Primary,P4,Numeracy - % Meeting Level,c
2024/25,Highland,Auchtertyre Primary,P4,Reading - % Meeting Level,c
2024/25,Highland,Auchtertyre Primary,P4,Writing - % Meeting Level,c
2024/25,Highland,Auchtertyre Primary,P7,Listening & Talking - % Meeting Level,c
2024/25,Highland,Auchtertyre Primary,P7,Numeracy - % Meeting Level,c
2024/25,Highland,Auchtertyre Primary,P7,Reading - % Meeting Level,c
2024/25,Highland,Auchtertyre Primary,P7,Writing - % Meeting Level,c
2024/25,Highland,Auldearn Primary School,P1,Listening & Talking - % Meeting Level,90+%
2024/25,Highland,Auldearn Primary School,P1,Numeracy - % Meeting Level,80-90%
2024/25,Highland,Auldearn Primary School,P1,Reading - % Meeting Level,70-80%
2024/25,Highland,Auldearn Primary School,P1,Writing - % Meeting Level,60-70%
2024/25,Highland,Auldearn Primary School,"P1, P4 & P7 combined",Listening & Talking - % Meeting Level,90+%
2024/25,Highland,Auldearn Primary School,"P1, P4 & P7 combined",Numeracy - % Meeting Level,80-90%
2024/25,Highland,Auldearn Primary School,"P1, P4 & P7 combined",Reading - % Meeting Level,80-90%
2024/25,Highland,Auldearn Primary School,"P1, P4 & P7 combined",Writing - % Meeting Level,70-80%
2024/25,Highland,Auldearn Primary School,P4,Listening & Talking - % Meeting Level,90+%
2024/25,Highland,Auldearn Primary School,P4,Numeracy - % Meeting Level,90+%
2024/25,Highland,Auldearn Primary School,P4,Reading - % Meeting Level,90+%
2024/25,Highland,Auldearn Primary School,P4,Writing - % Meeting Level,70-80%
2024/25,Highland,Auldearn Primary School,P7,Listening & Talking - % Meeting Level,90+%
2024/25,Highland,Auldearn Primary School,P7,Numeracy - % Meeting Level,90+%
2024/25,Highland,Auldearn Primary School,P7,Reading - % Meeting Level,90+%
2024/25,Highland,Auldearn Primary School,P7,Writing - % Meeting Level,80-90%
2024/25,Highland,Aviemore Primary School,P1,Listening & Talking - % Meeting Level,90+%
2024/25,Highland,Aviemore Primary School,P1,Numeracy - % Meeting Level,80-90%
2024/25,Highland,Aviemore Primary School,P1,Reading - % Meeting Level,70-80%
2024/25,Highland,Aviemore Primary School,P1,Writing - % Meeting Level,60-70%
2024/25,Highland,Aviemore Primary School,"P1, P4 & P7 combined",Listening & Talking - % Meeting Level,80-90%
2024/25,Highland,Aviemore Primary School,"P1, P4 & P7 combined",Numeracy - % Meeting Level,50-60%
2024/25,Highland,Aviemore Primary School,"P1, P4 & P7 combined",Reading - % Meeting Level,70-80%
2024/25,Highland,Aviemore Primary School,"P1, P4 & P7 combined",Writing - % Meeting Level,60-70%
2024/25,Highland,Aviemore Primary School,P4,Listening & Talking - % Meeting Level,90+%
2024/25,Highland,Aviemore Primary School,P4,Numeracy - % Meeting Level,40-50%
2024/25,Highland,Aviemore Primary School,P4,Reading - % Meeting Level,70-80%
2024/25,Highland,Aviemore Primary School,P4,Writing - % Meeting Level,70-80%
2024/25,Highland,Aviemore Primary School,P7,Listening & Talking - % Meeting Level,80-90%
2024/25,Highland,Aviemore Primary School,P7,Numeracy - % Meeting Level,50-60%
2024/25,Highland,Aviemore Primary School,P7,Reading - % Meeting Level,60-70%
2024/25,Highland,Aviemore Primary School,P7,Writing - % Meeting Level,60-70%
2024/25,Highland,Avoch Primary School,P1,Listening & Talking - % Meeting Level,80-90%
2024/25,Highland,Avoch Primary School,P1,Numeracy - % Meeting Level,70-80%
2024/25,Highland,Avoch Primary School,P1,Reading - % Meeting Level,70-80%
2024/25,Highland,Avoch Primary School,P1,Writing - % Meeting Level,70-80%
2024/25,Highland,Avoch Primary School,"P1, P4 & P7 combined",Listening & Talking - % Meeting Level,80-90%
2024/25,Highland,Avoch Primary School,"P1, P4 & P7 combined",Numeracy - % Meeting Level,70-80%
2024/25,Highland,Avoch Primary School,"P1, P4 & P7 combined",Reading - % Meeting Level,80-90%
2024/25,Highland,Avoch Primary School,"P1, P4 & P7 combined",Writing - % Meeting Level,70-80%
2024/25,Highland,Avoch Primary School,P4,Listening & Talking - % Meeting Level,90+%
2024/25,Highland,Avoch Primary School,P4,Numeracy - % Meeting Level,70-80%
2024/25,Highland,Avoch Primary School,P4,Reading - % Meeting Level,80-90%
2024/25,Highland,Avoch Primary School,P4,Writing - % Meeting Level,70-80%
2024/25,Highland,Avoch Primary School,P7,Listening & Talking - % Meeting Level,90+%
2024/25,Highland,Avoch Primary School,P7,Numeracy - % Meeting Level,70-80%
2024/25,Highland,Avoch Primary School,P7,Reading - % Meeting Level,90+%
2024/25,Highland,Avoch Primary School,P7,Writing - % Meeting Level,70-80%
2024/25,Highland,Ballachulish Primary School,P1,Listening & Talking - % Meeting Level,c
2024/25,Highland,Ballachulish Primary School,P1,Numeracy - % Meeting Level,c
2024/25,Highland,Ballachulish Primary School,P1,Reading - % Meeting Level,c
2024/25,Highland,Ballachulish Primary School,P1,Writing - % Meeting Level,c
2024/25,Highland,Ballachulish Primary School,"P1, P4 & P7 combined",Listening & Talking - % Meeting Level,c
2024/25,Highland,Ballachulish Primary School,"P1, P4 & P7 combined",Numeracy - % Meeting Level,c
2024/25,Highland,Ballachulish Primary School,"P1, P4 & P7 combined",Reading - % Meeting Level,c
2024/25,Highland,Ballachulish Primary School,"P1, P4 & P7 combined",Writing - % Meeting Level,c
2024/25,Highland,Ballachulish Primary School,P4,Listening & Talking - % Meeting Level,c
2024/25,Highland,Ballachulish Primary School,P4,Numeracy - % Meeting Level,c
2024/25,Highland,Ballachulish Primary School,P4,Reading - % Meeting Level,c
2024/25,Highland,Ballachulish Primary School,P4,Writing - % Meeting Level,c
2024/25,Highland,Ballachulish Primary School,P7,Listening & Talking - % Meeting Level,c
2024/25,Highland,Ballachulish Primary School,P7,Numeracy - % Meeting Level,c
2024/25,Highland,Ballachulish Primary School,P7,Reading - % Meeting Level,c
2024/25,Highland,Ballachulish Primary School,P7,Writing - % Meeting Level,c
2024/25,Highland,Balloch Primary,P1,Listening & Talking - % Meeting Level,90+%
2024/25,Highland,Balloch Primary,P1,Numeracy - % Meeting Level,90+%
2024/25,Highland,Balloch Primary,P1,Reading - % Meeting Level,80-90%
2024/25,Highland,Balloch Primary,P1,Writing - % Meeting Level,80-90%
2024/25,Highland,Balloch Primary,"P1, P4 & P7 combined",Listening & Talking - % Meeting Level,90+%
2024/25,Highland,Balloch Primary,"P1, P4 & P7 combined",Numeracy - % Meeting Level,80-90%
2024/25,Highland,Balloch Primary,"P1, P4 & P7 combined",Reading - % Meeting Level,80-90%
2024/25,Highland,Balloch Primary,"P1, P4 & P7 combined",Writing - % Meeting Level,80-90%
2024/25,Highland,Balloch Primary,P4,Listening & Talking - % Meeting Level,90+%
2024/25,Highland,Balloch Primary,P4,Numeracy - % Meeting Level,80-90%
2024/25,Highland,Balloch Primary,P4,Reading - % Meeting Level,70-80%
2024/25,Highland,Balloch Primary,P4,Writing - % Meeting Level,70-80%
2024/25,Highland,Balloch Primary,P7,Listening & Talking - % Meeting Level,90+%
2024/25,Highland,Balloch Primary,P7,Numeracy - % Meeting Level,70-80%
2024/25,Highland,Balloch Primary,P7,Reading - % Meeting Level,80-90%
2024/25,Highland,Balloch Primary,P7,Writing - % Meeting Level,80-90%
2024/25,Highland,Balnain Primary School,P1,Listening & Talking - % Meeting Level,c
2024/25,Highland,Balnain Primary School,P1,Numeracy - % Meeting Level,c
2024/25,Highland,Balnain Primary School,P1,Reading - % Meeting Level,c
2024/25,Highland,Balnain Primary School,P1,Writing - % Meeting Level,c
2024/25,Highland,Balnain Primary School,"P1, P4 & P7 combined",Listening & Talking - % Meeting Level,c
2024/25,Highland,Balnain Primary School,"P1, P4 & P7 combined",Numeracy - % Meeting Level,c
2024/25,Highland,Balnain Primary School,"P1, P4 & P7 combined",Reading - % Meeting Level,c
2024/25,Highland,Balnain Primary School,"P1, P4 & P7 combined",Writing - % Meeting Level,c
2024/25,Highland,Balnain Primary School,P4,Listening & Talking - % Meeting Level,c
2024/25,Highland,Balnain Primary School,P4,Numeracy - % Meeting Level,c
2024/25,Highland,Balnain Primary School,P4,Reading - % Meeting Level,c
2024/25,Highland,Balnain Primary School,P4,Writing - % Meeting Level,c
2024/25,Highland,Balnain Primary School,P7,Listening & Talking - % Meeting Level,c
2024/25,Highland,Balnain Primary School,P7,Numeracy - % Meeting Level,c
2024/25,Highland,Balnain Primary School,P7,Reading - % Meeting Level,c
2024/25,Highland,Balnain Primary School,P7,Writing - % Meeting Level,c
2024/25,Highland,Banavie Primary School,P1,Listening & Talking - % Meeting Level,c
2024/25,Highland,Banavie Primary School,P1,Numeracy - % Meeting Level,c
2024/25,Highland,Banavie Primary School,P1,Reading - % Meeting Level,c
2024/25,Highland,Banavie Primary School,P1,Writing - % Meeting Level,c
2024/25,Highland,Banavie Primary School,"P1, P4 & P7 combined",Listening & Talking - % Meeting Level,80-90%
2024/25,Highland,Banavie Primary School,"P1, P4 & P7 combined",Numeracy - % Meeting Level,50-60%
2024/25,Highland,Banavie Primary School,"P1, P4 & P7 combined",Reading - % Meeting Level,60-70%
2024/25,Highland,Banavie Primary School,"P1, P4 & P7 combined",Writing - % Meeting Level,50-60%
2024/25,Highland,Banavie Primary School,P4,Listening & Talking - % Meeting Level,c
2024/25,Highland,Banavie Primary School,P4,Numeracy - % Meeting Level,c
2024/25,Highland,Banavie Primary School,P4,Reading - % Meeting Level,c
2024/25,Highland,Banavie Primary School,P4,Writing - % Meeting Level,c
2024/25,Highland,Banavie Primary School,P7,Listening & Talking - % Meeting Level,c
2024/25,Highland,Banavie Primary School,P7,Numeracy - % Meeting Level,c
2024/25,Highland,Banavie Primary School,P7,Reading - % Meeting Level,c
2024/25,Highland,Banavie Primary School,P7,Writing - % Meeting Level,c
2024/25,Highland,Beauly Primary School,P1,Listening & Talking - % Meeting Level,c
2024/25,Highland,Beauly Primary School,P1,Numeracy - % Meeting Level,c
2024/25,Highland,Beauly Primary School,P1,Reading - % Meeting Level,c
2024/25,Highland,Beauly Primary School,P1,Writing - % Meeting Level,c
2024/25,Highland,Beauly Primary School,"P1, P4 & P7 combined",Listening & Talking - % Meeting Level,90+%
2024/25,Highland,Beauly Primary School,"P1, P4 & P7 combined",Numeracy - % Meeting Level,80-90%
2024/25,Highland,Beauly Primary School,"P1, P4 & P7 combined",Reading - % Meeting Level,80-90%
2024/25,Highland,Beauly Primary School,"P1, P4 & P7 combined",Writing - % Meeting Level,70-80%
2024/25,Highland,Beauly Primary School,P4,Listening & Talking - % Meeting Level,80-90%
2024/25,Highland,Beauly Primary School,P4,Numeracy - % Meeting Level,70-80%
2024/25,Highland,Beauly Primary School,P4,Reading - % Meeting Level,90+%
2024/25,Highland,Beauly Primary School,P4,Writing - % Meeting Level,60-70%
2024/25,Highland,Beauly Primary School,P7,Listening & Talking - % Meeting Level,c
2024/25,Highland,Beauly Primary School,P7,Numeracy - % Meeting Level,c
2024/25,Highland,Beauly Primary School,P7,Reading - % Meeting Level,c
2024/25,Highland,Beauly Primary School,P7,Writing - % Meeting Level,c
2024/25,Highland,Ben Wyvis Primary School,P1,Listening & Talking - % Meeting Level,80-90%
2024/25,Highland,Ben Wyvis Primary School,P1,Numeracy - % Meeting Level,80-90%
2024/25,Highland,Ben Wyvis Primary School,P1,Reading - % Meeting Level,70-80%
2024/25,Highland,Ben Wyvis Primary School,P1,Writing - % Meeting Level,60-70%
2024/25,Highland,Ben Wyvis Primary School,"P1, P4 & P7 combined",Listening & Talking - % Meeting Level,90+%
2024/25,Highland,Ben Wyvis Primary School,"P1, P4 & P7 combined",Numeracy - % Meeting Level,80-90%
2024/25,Highland,Ben Wyvis Primary School,"P1, P4 & P7 combined",Reading - % Meeting Level,80-90%
2024/25,Highland,Ben Wyvis Primary School,"P1, P4 & P7 combined",Writing - % Meeting Level,70-80%
2024/25,Highland,Ben Wyvis Primary School,P4,Listening & Talking - % Meeting Level,90+%
2024/25,Highland,Ben Wyvis Primary School,P4,Numeracy - % Meeting Level,80-90%
2024/25,Highland,Ben Wyvis Primary School,P4,Reading - % Meeting Level,80-90%
2024/25,Highland,Ben Wyvis Primary School,P4,Writing - % Meeting Level,70-80%
2024/25,Highland,Ben Wyvis Primary School,P7,Listening & Talking - % Meeting Level,90+%
2024/25,Highland,Ben Wyvis Primary School,P7,Numeracy - % Meeting Level,80-90%
2024/25,Highland,Ben Wyvis Primary School,P7,Reading - % Meeting Level,90+%
2024/25,Highland,Ben Wyvis Primary School,P7,Writing - % Meeting Level,80-90%
2024/25,Highland,Bishop Eden's Primary School,P1,Listening & Talking - % Meeting Level,c
2024/25,Highland,Bishop Eden's Primary School,P1,Numeracy - % Meeting Level,c
2024/25,Highland,Bishop Eden's Primary School,P1,Reading - % Meeting Level,c
2024/25,Highland,Bishop Eden's Primary School,P1,Writing - % Meeting Level,c
2024/25,Highland,Bishop Eden's Primary School,"P1, P4 & P7 combined",Listening & Talking - % Meeting Level,c
2024/25,Highland,Bishop Eden's Primary School,"P1, P4 & P7 combined",Numeracy - % Meeting Level,c
2024/25,Highland,Bishop Eden's Primary School,"P1, P4 & P7 combined",Reading - % Meeting Level,c
2024/25,Highland,Bishop Eden's Primary School,"P1, P4 & P7 combined",Writing - % Meeting Level,c
2024/25,Highland,Bishop Eden's Primary School,P4,Listening & Talking - % Meeting Level,c
2024/25,Highland,Bishop Eden's Primary School,P4,Numeracy - % Meeting Level,c
2024/25,Highland,Bishop Eden's Primary School,P4,Reading - % Meeting Level,c
2024/25,Highland,Bishop Eden's Primary School,P4,Writing - % Meeting Level,c
2024/25,Highland,Bishop Eden's Primary School,P7,Listening & Talking - % Meeting Level,c
2024/25,Highland,Bishop Eden's Primary School,P7,Numeracy - % Meeting Level,c
2024/25,Highland,Bishop Eden's Primary School,P7,Reading - % Meeting Level,c
2024/25,Highland,Bishop Eden's Primary School,P7,Writing - % Meeting Level,c
2024/25,Highland,Bonar Bridge Primary School,P1,Listening & Talking - % Meeting Level,c
2024/25,Highland,Bonar Bridge Primary School,P1,Numeracy - % Meeting Level,c
2024/25,Highland,Bonar Bridge Primary School,P1,Reading - % Meeting Level,c
2024/25,Highland,Bonar Bridge Primary School,P1,Writing - % Meeting Level,c
2024/25,Highland,Bonar Bridge Primary School,"P1, P4 & P7 combined",Listening & Talking - % Meeting Level,c
2024/25,Highland,Bonar Bridge Primary School,"P1, P4 & P7 combined",Numeracy - % Meeting Level,c
2024/25,Highland,Bonar Bridge Primary School,"P1, P4 & P7 combined",Reading - % Meeting Level,c
2024/25,Highland,Bonar Bridge Primary School,"P1, P4 & P7 combined",Writing - % Meeting Level,c
2024/25,Highland,Bonar Bridge Primary School,P4,Listening & Talking - % Meeting Level,c
2024/25,Highland,Bonar Bridge Primary School,P4,Numeracy - % Meeting Level,c
2024/25,Highland,Bonar Bridge Primary School,P4,Reading - % Meeting Level,c
2024/25,Highland,Bonar Bridge Primary School,P4,Writing - % Meeting Level,c
2024/25,Highland,Bonar Bridge Primary School,P7,Listening & Talking - % Meeting Level,c
2024/25,Highland,Bonar Bridge Primary School,P7,Numeracy - % Meeting Level,c
2024/25,Highland,Bonar Bridge Primary School,P7,Reading - % Meeting Level,c
2024/25,Highland,Bonar Bridge Primary School,P7,Writing - % Meeting Level,c
2024/25,Highland,Bower Primary School,P1,Listening & Talking - % Meeting Level,c
2024/25,Highland,Bower Primary School,P1,Numeracy - % Meeting Level,c
2024/25,Highland,Bower Primary School,P1,Reading - % Meeting Level,c
2024/25,Highland,Bower Primary School,P1,Writing - % Meeting Level,c
2024/25,Highland,Bower Primary School,"P1, P4 & P7 combined",Listening & Talking - % Meeting Level,c
2024/25,Highland,Bower Primary School,"P1, P4 & P7 combined",Numeracy - % Meeting Level,c
2024/25,Highland,Bower Primary School,"P1, P4 & P7 combined",Reading - % Meeting Level,c
2024/25,Highland,Bower Primary School,"P1, P4 & P7 combined",Writing - % Meeting Level,c
2024/25,Highland,Bower Primary School,P4,Listening & Talking - % Meeting Level,c
2024/25,Highland,Bower Primary School,P4,Numeracy - % Meeting Level,c
2024/25,Highland,Bower Primary School,P4,Reading - % Meeting Level,c
2024/25,Highland,Bower Primary School,P4,Writing - % Meeting Level,c
2024/25,Highland,Bower Primary School,P7,Listening & Talking - % Meeting Level,c
2024/25,Highland,Bower Primary School,P7,Numeracy - % Meeting Level,c
2024/25,Highland,Bower Primary School,P7,Reading - % Meeting Level,c
2024/25,Highland,Bower Primary School,P7,Writing - % Meeting Level,c
2024/25,Highland,Bridgend Primary School,P1,Listening & Talking - % Meeting Level,70-80%
2024/25,Highland,Bridgend Primary School,P1,Numeracy - % Meeting Level,60-70%
2024/25,Highland,Bridgend Primary School,P1,Reading - % Meeting Level,60-70%
2024/25,Highland,Bridgend Primary School,P1,Writing - % Meeting Level,60-70%
2024/25,Highland,Bridgend Primary School,"P1, P4 & P7 combined",Listening & Talking - % Meeting Level,80-90%
2024/25,Highland,Bridgend Primary School,"P1, P4 & P7 combined",Numeracy - % Meeting Level,70-80%
2024/25,Highland,Bridgend Primary School,"P1, P4 & P7 combined",Reading - % Meeting Level,70-80%
2024/25,Highland,Bridgend Primary School,"P1, P4 & P7 combined",Writing - % Meeting Level,70-80%
2024/25,Highland,Bridgend Primary School,P4,Listening & Talking - % Meeting Level,80-90%
2024/25,Highland,Bridgend Primary School,P4,Numeracy - % Meeting Level,70-80%
2024/25,Highland,Bridgend Primary School,P4,Reading - % Meeting Level,70-80%
2024/25,Highland,Bridgend Primary School,P4,Writing - % Meeting Level,70-80%
2024/25,Highland,Bridgend Primary School,P7,Listening & Talking - % Meeting Level,90+%
2024/25,Highland,Bridgend Primary School,P7,Numeracy - % Meeting Level,90+%
2024/25,Highland,Bridgend Primary School,P7,Reading - % Meeting Level,80-90%
2024/25,Highland,Bridgend Primary School,P7,Writing - % Meeting Level,70-80%
2024/25,Highland,Broadford Primary School,P1,Listening & Talking - % Meeting Level,c
2024/25,Highland,Broadford Primary School,P1,Numeracy - % Meeting Level,c
2024/25,Highland,Broadford Primary School,P1,Reading - % Meeting Level,c
2024/25,Highland,Broadford Primary School,P1,Writing - % Meeting Level,c
2024/25,Highland,Broadford Primary School,"P1, P4 & P7 combined",Listening & Talking - % Meeting Level,c
2024/25,Highland,Broadford Primary School,"P1, P4 & P7 combined",Numeracy - % Meeting Level,70-80%
2024/25,Highland,Broadford Primary School,"P1, P4 & P7 combined",Reading - % Meeting Level,c
2024/25,Highland,Broadford Primary School,"P1, P4 & P7 combined",Writing - % Meeting Level,c
2024/25,Highland,Broadford Primary School,P4,Listening & Talking - % Meeting Level,c
2024/25,Highland,Broadford Primary School,P4,Numeracy - % Meeting Level,c
2024/25,Highland,Broadford Primary School,P4,Reading - % Meeting Level,c
2024/25,Highland,Broadford Primary School,P4,Writing - % Meeting Level,c
2024/25,Highland,Broadford Primary School,P7,Listening & Talking - % Meeting Level,c
2024/25,Highland,Broadford Primary School,P7,Numeracy - % Meeting Level,c
2024/25,Highland,Broadford Primary School,P7,Reading - % Meeting Level,c
2024/25,Highland,Broadford Primary School,P7,Writing - % Meeting Level,c
2024/25,Highland,Brora Primary School,P1,Listening & Talking - % Meeting Level,c
2024/25,Highland,Brora Primary School,P1,Numeracy - % Meeting Level,c
2024/25,Highland,Brora Primary School,P1,Reading - % Meeting Level,c
2024/25,Highland,Brora Primary School,P1,Writing - % Meeting Level,c
2024/25,Highland,Brora Primary School,"P1, P4 & P7 combined",Listening & Talking - % Meeting Level,80-90%
2024/25,Highland,Brora Primary School,"P1, P4 & P7 combined",Numeracy - % Meeting Level,80-90%
2024/25,Highland,Brora Primary School,"P1, P4 & P7 combined",Reading - % Meeting Level,80-90%
2024/25,Highland,Brora Primary School,"P1, P4 & P7 combined",Writing - % Meeting Level,70-80%
2024/25,Highland,Brora Primary School,P4,Listening & Talking - % Meeting Level,c
2024/25,Highland,Brora Primary School,P4,Numeracy - % Meeting Level,c
2024/25,Highland,Brora Primary School,P4,Reading - % Meeting Level,c
2024/25,Highland,Brora Primary School,P4,Writing - % Meeting Level,c
2024/25,Highland,Brora Primary School,P7,Listening & Talking - % Meeting Level,c
2024/25,Highland,Brora Primary School,P7,Numeracy - % Meeting Level,c
2024/25,Highland,Brora Primary School,P7,Reading - % Meeting Level,c
2024/25,Highland,Brora Primary School,P7,Writing - % Meeting Level,c
2024/25,Highland,Bualnaluib Primary School,P1,Listening & Talking - % Meeting Level,c
2024/25,Highland,Bualnaluib Primary School,P1,Numeracy - % Meeting Level,c
2024/25,Highland,Bualnaluib Primary School,P1,Reading - % Meeting Level,c
2024/25,Highland,Bualnaluib Primary School,P1,Writing - % Meeting Level,c
2024/25,Highland,Bualnaluib Primary School,"P1, P4 & P7 combined",Listening & Talking - % Meeting Level,c
2024/25,Highland,Bualnaluib Primary School,"P1, P4 & P7 combined",Numeracy - % Meeting Level,c
2024/25,Highland,Bualnaluib Primary School,"P1, P4 & P7 combined",Reading - % Meeting Level,c
2024/25,Highland,Bualnaluib Primary School,"P1, P4 & P7 combined",Writing - % Meeting Level,c
2024/25,Highland,Bualnaluib Primary School,P4,Listening & Talking - % Meeting Level,c
2024/25,Highland,Bualnaluib Primary School,P4,Numeracy - % Meeting Level,c
2024/25,Highland,Bualnaluib Primary School,P4,Reading - % Meeting Level,c
2024/25,Highland,Bualnaluib Primary School,P4,Writing - % Meeting Level,c
2024/25,Highland,Bualnaluib Primary School,P7,Listening & Talking - % Meeting Level,c
2024/25,Highland,Bualnaluib Primary School,P7,Numeracy - % Meeting Level,c
2024/25,Highland,Bualnaluib Primary School,P7,Reading - % Meeting Level,c
2024/25,Highland,Bualnaluib Primary School,P7,Writing - % Meeting Level,c
2024/25,Highland,Bun-Sgoil Ghàidhlig Phort Rìgh,P1,Listening & Talking - % Meeting Level,c
2024/25,Highland,Bun-Sgoil Ghàidhlig Phort Rìgh,P1,Numeracy - % Meeting Level,c
2024/25,Highland,Bun-Sgoil Ghàidhlig Phort Rìgh,P1,Reading - % Meeting Level,c
2024/25,Highland,Bun-Sgoil Ghàidhlig Phort Rìgh,P1,Writing - % Meeting Level,c
2024/25,Highland,Bun-Sgoil Ghàidhlig Phort Rìgh,"P1, P4 & P7 combined",Listening & Talking - % Meeting Level,c
2024/25,Highland,Bun-Sgoil Ghàidhlig Phort Rìgh,"P1, P4 & P7 combined",Numeracy - % Meeting Level,80-90%
2024/25,Highland,Bun-Sgoil Ghàidhlig Phort Rìgh,"P1, P4 & P7 combined",Reading - % Meeting Level,c
2024/25,Highland,Bun-Sgoil Ghàidhlig Phort Rìgh,"P1, P4 & P7 combined",Writing - % Meeting Level,c
2024/25,Highland,Bun-Sgoil Ghàidhlig Phort Rìgh,P4,Listening & Talking - % Meeting Level,c
2024/25,Highland,Bun-Sgoil Ghàidhlig Phort Rìgh,P4,Numeracy - % Meeting Level,80-90%
2024/25,Highland,Bun-Sgoil Ghàidhlig Phort Rìgh,P4,Reading - % Meeting Level,c
2024/25,Highland,Bun-Sgoil Ghàidhlig Phort Rìgh,P4,Writing - % Meeting Level,c
2024/25,Highland,Bun-Sgoil Ghàidhlig Phort Rìgh,P7,Listening & Talking - % Meeting Level,c
2024/25,Highland,Bun-Sgoil Ghàidhlig Phort Rìgh,P7,Numeracy - % Meeting Level,c
2024/25,Highland,Bun-Sgoil Ghàidhlig Phort Rìgh,P7,Reading - % Meeting Level,c
2024/25,Highland,Bun-Sgoil Ghàidhlig Phort Rìgh,P7,Writing - % Meeting Level,c
2024/25,Highland,Bun-Sgoil Shleite,P1,Listening & Talking - % Meeting Level,c
2024/25,Highland,Bun-Sgoil Shleite,P1,Numeracy - % Meeting Level,c
2024/25,Highland,Bun-Sgoil Shleite,P1,Reading - % Meeting Level,c
2024/25,Highland,Bun-Sgoil Shleite,P1,Writing - % Meeting Level,c
2024/25,Highland,Bun-Sgoil Shleite,"P1, P4 & P7 combined",Listening & Talking - % Meeting Level,c
2024/25,Highland,Bun-Sgoil Shleite,"P1, P4 & P7 combined",Numeracy - % Meeting Level,c
2024/25,Highland,Bun-Sgoil Shleite,"P1, P4 & P7 combined",Reading - % Meeting Level,c
2024/25,Highland,Bun-Sgoil Shleite,"P1, P4 & P7 combined",Writing - % Meeting Level,c
2024/25,Highland,Bun-Sgoil Shleite,P4,Listening & Talking - % Meeting Level,c
2024/25,Highland,Bun-Sgoil Shleite,P4,Numeracy - % Meeting Level,c
2024/25,Highland,Bun-Sgoil Shleite,P4,Reading - % Meeting Level,c
2024/25,Highland,Bun-Sgoil Shleite,P4,Writing - % Meeting Level,c
2024/25,Highland,Bun-Sgoil Shleite,P7,Listening & Talking - % Meeting Level,c
2024/25,Highland,Bun-Sgoil Shleite,P7,Numeracy - % Meeting Level,c
2024/25,Highland,Bun-Sgoil Shleite,P7,Reading - % Meeting Level,c
2024/25,Highland,Bun-Sgoil Shleite,P7,Writing - % Meeting Level,c
2024/25,Highland,Bun-sgoil Ghaidhlig Inbhir Nis,P1,Listening & Talking - % Meeting Level,c
2024/25,Highland,Bun-sgoil Ghaidhlig Inbhir Nis,P1,Numeracy - % Meeting Level,c
2024/25,Highland,Bun-sgoil Ghaidhlig Inbhir Nis,P1,Reading - % Meeting Level,c
2024/25,Highland,Bun-sgoil Ghaidhlig Inbhir Nis,P1,Writing - % Meeting Level,c
2024/25,Highland,Bun-sgoil Ghaidhlig Inbhir Nis,"P1, P4 & P7 combined",Listening & Talking - % Meeting Level,80-90%
2024/25,Highland,Bun-sgoil Ghaidhlig Inbhir Nis,"P1, P4 & P7 combined",Numeracy - % Meeting Level,80-90%
2024/25,Highland,Bun-sgoil Ghaidhlig Inbhir Nis,"P1, P4 & P7 combined",Reading - % Meeting Level,80-90%
2024/25,Highland,Bun-sgoil Ghaidhlig Inbhir Nis,"P1, P4 & P7 combined",Writing - % Meeting Level,80-90%
2024/25,Highland,Bun-sgoil Ghaidhlig Inbhir Nis,P4,Listening & Talking - % Meeting Level,c
2024/25,Highland,Bun-sgoil Ghaidhlig Inbhir Nis,P4,Numeracy - % Meeting Level,80-90%
2024/25,Highland,Bun-sgoil Ghaidhlig Inbhir Nis,P4,Reading - % Meeting Level,c
2024/25,Highland,Bun-sgoil Ghaidhlig Inbhir Nis,P4,Writing - % Meeting Level,c
2024/25,Highland,Bun-sgoil Ghaidhlig Inbhir Nis,P7,Listening & Talking - % Meeting Level,80-90%
2024/25,Highland,Bun-sgoil Ghaidhlig Inbhir Nis,P7,Numeracy - % Meeting Level,80-90%
2024/25,Highland,Bun-sgoil Ghaidhlig Inbhir Nis,P7,Reading - % Meeting Level,80-90%
2024/25,Highland,Bun-sgoil Ghaidhlig Inbhir Nis,P7,Writing - % Meeting Level,70-80%
2024/25,Highland,Bun-sgoil Ghàidhlig Loch Abar,P1,Listening & Talking - % Meeting Level,c
2024/25,Highland,Bun-sgoil Ghàidhlig Loch Abar,P1,Numeracy - % Meeting Level,c
2024/25,Highland,Bun-sgoil Ghàidhlig Loch Abar,P1,Reading - % Meeting Level,c
2024/25,Highland,Bun-sgoil Ghàidhlig Loch Abar,P1,Writing - % Meeting Level,c
2024/25,Highland,Bun-sgoil Ghàidhlig Loch Abar,"P1, P4 & P7 combined",Listening & Talking - % Meeting Level,c
2024/25,Highland,Bun-sgoil Ghàidhlig Loch Abar,"P1, P4 & P7 combined",Numeracy - % Meeting Level,90+%
2024/25,Highland,Bun-sgoil Ghàidhlig Loch Abar,"P1, P4 & P7 combined",Reading - % Meeting Level,c
2024/25,Highland,Bun-sgoil Ghàidhlig Loch Abar,"P1, P4 & P7 combined",Writing - % Meeting Level,c
2024/25,Highland,Bun-sgoil Ghàidhlig Loch Abar,P4,Listening & Talking - % Meeting Level,c
2024/25,Highland,Bun-sgoil Ghàidhlig Loch Abar,P4,Numeracy - % Meeting Level,90+%
2024/25,Highland,Bun-sgoil Ghàidhlig Loch Abar,P4,Reading - % Meeting Level,c
2024/25,Highland,Bun-sgoil Ghàidhlig Loch Abar,P4,Writing - % Meeting Level,c
2024/25,Highland,Bun-sgoil Ghàidhlig Loch Abar,P7,Listening & Talking - % Meeting Level,c
2024/25,Highland,Bun-sgoil Ghàidhlig Loch Abar,P7,Numeracy - % Meeting Level,c
2024/25,Highland,Bun-sgoil Ghàidhlig Loch Abar,P7,Reading - % Meeting Level,c
2024/25,Highland,Bun-sgoil Ghàidhlig Loch Abar,P7,Writing - % Meeting Level,c
2024/25,Highland,Canisbay Primary School,P1,Listening & Talking - % Meeting Level,c
2024/25,Highland,Canisbay Primary School,P1,Numeracy - % Meeting Level,c
2024/25,Highland,Canisbay Primary School,P1,Reading - % Meeting Level,c
2024/25,Highland,Canisbay Primary School,P1,Writing - % Meeting Level,c
2024/25,Highland,Canisbay Primary School,"P1, P4 & P7 combined",Listening & Talking - % Meeting Level,c
2024/25,Highland,Canisbay Primary School,"P1, P4 & P7 combined",Numeracy - % Meeting Level,c
2024/25,Highland,Canisbay Primary School,"P1, P4 & P7 combined",Reading - % Meeting Level,c
2024/25,Highland,Canisbay Primary School,"P1, P4 & P7 combined",Writing - % Meeting Level,c
2024/25,Highland,Canisbay Primary School,P4,Listening & Talking - % Meeting Level,c
2024/25,Highland,Canisbay Primary School,P4,Numeracy - % Meeting Level,c
2024/25,Highland,Canisbay Primary School,P4,Reading - % Meeting Level,c
2024/25,Highland,Canisbay Primary School,P4,Writing - % Meeting Level,c
2024/25,Highland,Canisbay Primary School,P7,Listening & Talking - % Meeting Level,c
2024/25,Highland,Canisbay Primary School,P7,Numeracy - % Meeting Level,c
2024/25,Highland,Canisbay Primary School,P7,Reading - % Meeting Level,c
2024/25,Highland,Canisbay Primary School,P7,Writing - % Meeting Level,c
2024/25,Highland,Cannich Bridge Primary School,P1,Listening & Talking - % Meeting Level,c
2024/25,Highland,Cannich Bridge Primary School,P1,Numeracy - % Meeting Level,c
2024/25,Highland,Cannich Bridge Primary School,P1,Reading - % Meeting Level,c
2024/25,Highland,Cannich Bridge Primary School,P1,Writing - % Meeting Level,c
2024/25,Highland,Cannich Bridge Primary School,"P1, P4 & P7 combined",Listening & Talking - % Meeting Level,c
2024/25,Highland,Cannich Bridge Primary School,"P1, P4 & P7 combined",Numeracy - % Meeting Level,c
2024/25,Highland,Cannich Bridge Primary School,"P1, P4 & P7 combined",Reading - % Meeting Level,c
2024/25,Highland,Cannich Bridge Primary School,"P1, P4 & P7 combined",Writing - % Meeting Level,c
2024/25,Highland,Cannich Bridge Primary School,P4,Listening & Talking - % Meeting Level,c
2024/25,Highland,Cannich Bridge Primary School,P4,Numeracy - % Meeting Level,c
2024/25,Highland,Cannich Bridge Primary School,P4,Reading - % Meeting Level,c
2024/25,Highland,Cannich Bridge Primary School,P4,Writing - % Meeting Level,c
2024/25,Highland,Cannich Bridge Primary School,P7,Listening & Talking - % Meeting Level,c
2024/25,Highland,Cannich Bridge Primary School,P7,Numeracy - % Meeting Level,c
2024/25,Highland,Cannich Bridge Primary School,P7,Reading - % Meeting Level,c
2024/25,Highland,Cannich Bridge Primary School,P7,Writing - % Meeting Level,c
2024/25,Highland,Caol Primary School,P1,Listening & Talking - % Meeting Level,70-80%
2024/25,Highland,Caol Primary School,P1,Numeracy - % Meeting Level,60-70%
2024/25,Highland,Caol Primary School,P1,Reading - % Meeting Level,60-70%
2024/25,Highland,Caol Primary School,P1,Writing - % Meeting Level,70-80%
2024/25,Highland,Caol Primary School,"P1, P4 & P7 combined",Listening & Talking - % Meeting Level,80-90%
2024/25,Highland,Caol Primary School,"P1, P4 & P7 combined",Numeracy - % Meeting Level,60-70%
2024/25,Highland,Caol Primary School,"P1, P4 & P7 combined",Reading - % Meeting Level,60-70%
2024/25,Highland,Caol Primary School,"P1, P4 & P7 combined",Writing - % Meeting Level,60-70%
2024/25,Highland,Caol Primary School,P4,Listening & Talking - % Meeting Level,c
2024/25,Highland,Caol Primary School,P4,Numeracy - % Meeting Level,c
2024/25,Highland,Caol Primary School,P4,Reading - % Meeting Level,c
2024/25,Highland,Caol Primary School,P4,Writing - % Meeting Level,c
2024/25,Highland,Caol Primary School,P7,Listening & Talking - % Meeting Level,80-90%
2024/25,Highland,Caol Primary School,P7,Numeracy - % Meeting Level,70-80%
2024/25,Highland,Caol Primary School,P7,Reading - % Meeting Level,70-80%
2024/25,Highland,Caol Primary School,P7,Writing - % Meeting Level,70-80%
2024/25,Highland,Carbost Primary School,P1,Listening & Talking - % Meeting Level,c
2024/25,Highland,Carbost Primary School,P1,Numeracy - % Meeting Level,c
2024/25,Highland,Carbost Primary School,P1,Reading - % Meeting Level,c
2024/25,Highland,Carbost Primary School,P1,Writing - % Meeting Level,c
2024/25,Highland,Carbost Primary School,"P1, P4 & P7 combined",Listening & Talking - % Meeting Level,c
2024/25,Highland,Carbost Primary School,"P1, P4 & P7 combined",Numeracy - % Meeting Level,c
2024/25,Highland,Carbost Primary School,"P1, P4 & P7 combined",Reading - % Meeting Level,c
2024/25,Highland,Carbost Primary School,"P1, P4 & P7 combined",Writing - % Meeting Level,c
2024/25,Highland,Carbost Primary School,P4,Listening & Talking - % Meeting Level,c
2024/25,Highland,Carbost Primary School,P4,Numeracy - % Meeting Level,c
2024/25,Highland,Carbost Primary School,P4,Reading - % Meeting Level,c
2024/25,Highland,Carbost Primary School,P4,Writing - % Meeting Level,c
2024/25,Highland,Carrbridge Primary,P1,Listening & Talking - % Meeting Level,c
2024/25,Highland,Carrbridge Primary,P1,Numeracy - % Meeting Level,c
2024/25,Highland,Carrbridge Primary,P1,Reading - % Meeting Level,c
2024/25,Highland,Carrbridge Primary,P1,Writing - % Meeting Level,c
2024/25,Highland,Carrbridge Primary,"P1, P4 & P7 combined",Listening & Talking - % Meeting Level,90+%
2024/25,Highland,Carrbridge Primary,"P1, P4 & P7 combined",Numeracy - % Meeting Level,80-90%
2024/25,Highland,Carrbridge Primary,"P1, P4 & P7 combined",Reading - % Meeting Level,90+%
2024/25,Highland,Carrbridge Primary,"P1, P4 & P7 combined",Writing - % Meeting Level,80-90%
2024/25,Highland,Carrbridge Primary,P4,Listening & Talking - % Meeting Level,c
2024/25,Highland,Carrbridge Primary,P4,Numeracy - % Meeting Level,c
2024/25,Highland,Carrbridge Primary,P4,Reading - % Meeting Level,c
2024/25,Highland,Carrbridge Primary,P4,Writing - % Meeting Level,c
2024/25,Highland,Carrbridge Primary,P7,Listening & Talking - % Meeting Level,c
2024/25,Highland,Carrbridge Primary,P7,Numeracy - % Meeting Level,c
2024/25,Highland,Carrbridge Primary,P7,Reading - % Meeting Level,c
2024/25,Highland,Carrbridge Primary,P7,Writing - % Meeting Level,c
2024/25,Highland,Castletown Primary School,P1,Listening & Talking - % Meeting Level,c
2024/25,Highland,Castletown Primary School,P1,Numeracy - % Meeting Level,c
2024/25,Highland,Castletown Primary School,P1,Reading - % Meeting Level,c
2024/25,Highland,Castletown Primary School,P1,Writing - % Meeting Level,c
2024/25,Highland,Castletown Primary School,"P1, P4 & P7 combined",Listening & Talking - % Meeting Level,90+%
2024/25,Highland,Castletown Primary School,"P1, P4 & P7 combined",Numeracy - % Meeting Level,80-90%
2024/25,Highland,Castletown Primary School,"P1, P4 & P7 combined",Reading - % Meeting Level,80-90%
2024/25,Highland,Castletown Primary School,"P1, P4 & P7 combined",Writing - % Meeting Level,80-90%
2024/25,Highland,Castletown Primary School,P4,Listening & Talking - % Meeting Level,c
2024/25,Highland,Castletown Primary School,P4,Numeracy - % Meeting Level,c
2024/25,Highland,Castletown Primary School,P4,Reading - % Meeting Level,c
2024/25,Highland,Castletown Primary School,P4,Writing - % Meeting Level,c
2024/25,Highland,Castletown Primary School,P7,Listening & Talking - % Meeting Level,c
2024/25,Highland,Castletown Primary School,P7,Numeracy - % Meeting Level,c
2024/25,Highland,Castletown Primary School,P7,Reading - % Meeting Level,c
2024/25,Highland,Castletown Primary School,P7,Writing - % Meeting Level,c
2024/25,Highland,Cauldeen Primary School,P1,Listening & Talking - % Meeting Level,50-60%
2024/25,Highland,Cauldeen Primary School,P1,Numeracy - % Meeting Level,50-60%
2024/25,Highland,Cauldeen Primary School,P1,Reading - % Meeting Level,40-50%
2024/25,Highland,Cauldeen Primary School,P1,Writing - % Meeting Level,40-50%
2024/25,Highland,Cauldeen Primary School,"P1, P4 & P7 combined",Listening & Talking - % Meeting Level,70-80%
2024/25,Highland,Cauldeen Primary School,"P1, P4 & P7 combined",Numeracy - % Meeting Level,50-60%
2024/25,Highland,Cauldeen Primary School,"P1, P4 & P7 combined",Reading - % Meeting Level,50-60%
2024/25,Highland,Cauldeen Primary School,"P1, P4 & P7 combined",Writing - % Meeting Level,40-50%
2024/25,Highland,Cauldeen Primary School,P4,Listening & Talking - % Meeting Level,70-80%
2024/25,Highland,Cauldeen Primary School,P4,Numeracy - % Meeting Level,60-70%
2024/25,Highland,Cauldeen Primary School,P4,Reading - % Meeting Level,60-70%
2024/25,Highland,Cauldeen Primary School,P4,Writing - % Meeting Level,60-70%
2024/25,Highland,Cauldeen Primary School,P7,Listening & Talking - % Meeting Level,90+%
2024/25,Highland,Cauldeen Primary School,P7,Numeracy - % Meeting Level,50-60%
2024/25,Highland,Cauldeen Primary School,P7,Reading - % Meeting Level,60-70%
2024/25,Highland,Cauldeen Primary School,P7,Writing - % Meeting Level,40-50%
2024/25,Highland,Cawdor Primary School,P1,Listening & Talking - % Meeting Level,c
2024/25,Highland,Cawdor Primary School,P1,Numeracy - % Meeting Level,c
2024/25,Highland,Cawdor Primary School,P1,Reading - % Meeting Level,c
2024/25,Highland,Cawdor Primary School,P1,Writing - % Meeting Level,c
2024/25,Highland,Cawdor Primary School,"P1, P4 & P7 combined",Listening & Talking - % Meeting Level,90+%
2024/25,Highland,Cawdor Primary School,"P1, P4 & P7 combined",Numeracy - % Meeting Level,80-90%
2024/25,Highland,Cawdor Primary School,"P1, P4 & P7 combined",Reading - % Meeting Level,80-90%
2024/25,Highland,Cawdor Primary School,"P1, P4 & P7 combined",Writing - % Meeting Level,80-90%
2024/25,Highland,Cawdor Primary School,P4,Listening & Talking - % Meeting Level,c
2024/25,Highland,Cawdor Primary School,P4,Numeracy - % Meeting Level,c
2024/25,Highland,Cawdor Primary School,P4,Reading - % Meeting Level,c
2024/25,Highland,Cawdor Primary School,P4,Writing - % Meeting Level,c
2024/25,Highland,Cawdor Primary School,P7,Listening & Talking - % Meeting Level,c
2024/25,Highland,Cawdor Primary School,P7,Numeracy - % Meeting Level,c
2024/25,Highland,Cawdor Primary School,P7,Reading - % Meeting Level,c
2024/25,Highland,Cawdor Primary School,P7,Writing - % Meeting Level,c
2024/25,Highland,Central Primary School,P1,Listening & Talking - % Meeting Level,90+%
2024/25,Highland,Central Primary School,P1,Numeracy - % Meeting Level,80-90%
2024/25,Highland,Central Primary School,P1,Reading - % Meeting Level,80-90%
2024/25,Highland,Central Primary School,P1,Writing - % Meeting Level,80-90%
2024/25,Highland,Central Primary School,"P1, P4 & P7 combined",Listening & Talking - % Meeting Level,90+%
2024/25,Highland,Central Primary School,"P1, P4 & P7 combined",Numeracy - % Meeting Level,80-90%
2024/25,Highland,Central Primary School,"P1, P4 & P7 combined",Reading - % Meeting Level,80-90%
2024/25,Highland,Central Primary School,"P1, P4 & P7 combined",Writing - % Meeting Level,80-90%
2024/25,Highland,Central Primary School,P4,Listening & Talking - % Meeting Level,c
2024/25,Highland,Central Primary School,P4,Numeracy - % Meeting Level,c
2024/25,Highland,Central Primary School,P4,Reading - % Meeting Level,c
2024/25,Highland,Central Primary School,P4,Writing - % Meeting Level,c
2024/25,Highland,Central Primary School,P7,Listening & Talking - % Meeting Level,90+%
2024/25,Highland,Central Primary School,P7,Numeracy - % Meeting Level,70-80%
2024/25,Highland,Central Primary School,P7,Reading - % Meeting Level,80-90%
2024/25,Highland,Central Primary School,P7,Writing - % Meeting Level,80-90%
2024/25,Highland,Coulhill Primary School,P1,Listening & Talking - % Meeting Level,c
2024/25,Highland,Coulhill Primary School,P1,Numeracy - % Meeting Level,c
2024/25,Highland,Coulhill Primary School,P1,Reading - % Meeting Level,c
2024/25,Highland,Coulhill Primary School,P1,Writing - % Meeting Level,c
2024/25,Highland,Coulhill Primary School,"P1, P4 & P7 combined",Listening & Talking - % Meeting Level,80-90%
2024/25,Highland,Coulhill Primary School,"P1, P4 & P7 combined",Numeracy - % Meeting Level,70-80%
2024/25,Highland,Coulhill Primary School,"P1, P4 & P7 combined",Reading - % Meeting Level,70-80%
2024/25,Highland,Coulhill Primary School,"P1, P4 & P7 combined",Writing - % Meeting Level,60-70%
2024/25,Highland,Coulhill Primary School,P4,Listening & Talking - % Meeting Level,80-90%
2024/25,Highland,Coulhill Primary School,P4,Numeracy - % Meeting Level,70-80%
2024/25,Highland,Coulhill Primary School,P4,Reading - % Meeting Level,70-80%
2024/25,Highland,Coulhill Primary School,P4,Writing - % Meeting Level,70-80%
2024/25,Highland,Coulhill Primary School,P7,Listening & Talking - % Meeting Level,90+%
2024/25,Highland,Coulhill Primary School,P7,Numeracy - % Meeting Level,70-80%
2024/25,Highland,Coulhill Primary School,P7,Reading - % Meeting Level,80-90%
2024/25,Highland,Coulhill Primary School,P7,Writing - % Meeting Level,60-70%
2024/25,Highland,Cradlehall Primary School,P1,Listening & Talking - % Meeting Level,90+%
2024/25,Highland,Cradlehall Primary School,P1,Numeracy - % Meeting Level,90+%
2024/25,Highland,Cradlehall Primary School,P1,Reading - % Meeting Level,80-90%
2024/25,Highland,Cradlehall Primary School,P1,Writing - % Meeting Level,80-90%
2024/25,Highland,Cradlehall Primary School,"P1, P4 & P7 combined",Listening & Talking - % Meeting Level,90+%
2024/25,Highland,Cradlehall Primary School,"P1, P4 & P7 combined",Numeracy - % Meeting Level,80-90%
2024/25,Highland,Cradlehall Primary School,"P1, P4 & P7 combined",Reading - % Meeting Level,80-90%
2024/25,Highland,Cradlehall Primary School,"P1, P4 & P7 combined",Writing - % Meeting Level,70-80%
2024/25,Highland,Cradlehall Primary School,P4,Listening & Talking - % Meeting Level,80-90%
2024/25,Highland,Cradlehall Primary School,P4,Numeracy - % Meeting Level,70-80%
2024/25,Highland,Cradlehall Primary School,P4,Reading - % Meeting Level,70-80%
2024/25,Highland,Cradlehall Primary School,P4,Writing - % Meeting Level,70-80%
2024/25,Highland,Cradlehall Primary School,P7,Listening & Talking - % Meeting Level,90+%
2024/25,Highland,Cradlehall Primary School,P7,Numeracy - % Meeting Level,70-80%
2024/25,Highland,Cradlehall Primary School,P7,Reading - % Meeting Level,90+%
2024/25,Highland,Cradlehall Primary School,P7,Writing - % Meeting Level,70-80%
2024/25,Highland,Craighill Primary School,P1,Listening & Talking - % Meeting Level,c
2024/25,Highland,Craighill Primary School,P1,Numeracy - % Meeting Level,c
2024/25,Highland,Craighill Primary School,P1,Reading - % Meeting Level,c
2024/25,Highland,Craighill Primary School,P1,Writing - % Meeting Level,c
2024/25,Highland,Craighill Primary School,"P1, P4 & P7 combined",Listening & Talking - % Meeting Level,80-90%
2024/25,Highland,Craighill Primary School,"P1, P4 & P7 combined",Numeracy - % Meeting Level,60-70%
2024/25,Highland,Craighill Primary School,"P1, P4 & P7 combined",Reading - % Meeting Level,70-80%
2024/25,Highland,Craighill Primary School,"P1, P4 & P7 combined",Writing - % Meeting Level,60-70%
2024/25,Highland,Craighill Primary School,P4,Listening & Talking - % Meeting Level,80-90%
2024/25,Highland,Craighill Primary School,P4,Numeracy - % Meeting Level,60-70%
2024/25,Highland,Craighill Primary School,P4,Reading - % Meeting Level,50-60%
2024/25,Highland,Craighill Primary School,P4,Writing - % Meeting Level,50-60%
2024/25,Highland,Craighill Primary School,P7,Listening & Talking - % Meeting Level,80-90%
2024/25,Highland,Craighill Primary School,P7,Numeracy - % Meeting Level,70-80%
2024/25,Highland,Craighill Primary School,P7,Reading - % Meeting Level,70-80%
2024/25,Highland,Craighill Primary School,P7,Writing - % Meeting Level,60-70%
2024/25,Highland,Cromarty Primary School,P1,Listening & Talking - % Meeting Level,c
2024/25,Highland,Cromarty Primary School,P1,Numeracy - % Meeting Level,c
2024/25,Highland,Cromarty Primary School,P1,Reading - % Meeting Level,c
2024/25,Highland,Cromarty Primary School,P1,Writing - % Meeting Level,c
2024/25,Highland,Cromarty Primary School,"P1, P4 & P7 combined",Listening & Talking - % Meeting Level,c
2024/25,Highland,Cromarty Primary School,"P1, P4 & P7 combined",Numeracy - % Meeting Level,c
2024/25,Highland,Cromarty Primary School,"P1, P4 & P7 combined",Reading - % Meeting Level,c
2024/25,Highland,Cromarty Primary School,"P1, P4 & P7 combined",Writing - % Meeting Level,c
2024/25,Highland,Cromarty Primary School,P4,Listening & Talking - % Meeting Level,c
2024/25,Highland,Cromarty Primary School,P4,Numeracy - % Meeting Level,c
2024/25,Highland,Cromarty Primary School,P4,Reading - % Meeting Level,c
2024/25,Highland,Cromarty Primary School,P4,Writing - % Meeting Level,c
2024/25,Highland,Cromarty Primary School,P7,Listening & Talking - % Meeting Level,c
2024/25,Highland,Cromarty Primary School,P7,Numeracy - % Meeting Level,c
2024/25,Highland,Cromarty Primary School,P7,Reading - % Meeting Level,c
2024/25,Highland,Cromarty Primary School,P7,Writing - % Meeting Level,c
2024/25,Highland,Crossroads Primary School,"P1, P4 & P7 combined",Listening & Talking - % Meeting Level,c
2024/25,Highland,Crossroads Primary School,"P1, P4 & P7 combined",Numeracy - % Meeting Level,c
2024/25,Highland,Crossroads Primary School,"P1, P4 & P7 combined",Reading - % Meeting Level,c
2024/25,Highland,Crossroads Primary School,"P1, P4 & P7 combined",Writing - % Meeting Level,c
2024/25,Highland,Crossroads Primary School,P4,Listening & Talking - % Meeting Level,c
2024/25,Highland,Crossroads Primary School,P4,Numeracy - % Meeting Level,c
2024/25,Highland,Crossroads Primary School,P4,Reading - % Meeting Level,c
2024/25,Highland,Crossroads Primary School,P4,Writing - % Meeting Level,c
2024/25,Highland,Crown Primary School,P1,Listening & Talking - % Meeting Level,80-90%
2024/25,Highland,Crown Primary School,P1,Numeracy - % Meeting Level,80-90%
2024/25,Highland,Crown Primary School,P1,Reading - % Meeting Level,70-80%
2024/25,Highland,Crown Primary School,P1,Writing - % Meeting Level,60-70%
2024/25,Highland,Crown Primary School,"P1, P4 & P7 combined",Listening & Talking - % Meeting Level,90+%
2024/25,Highland,Crown Primary School,"P1, P4 & P7 combined",Numeracy - % Meeting Level,80-90%
2024/25,Highland,Crown Primary School,"P1, P4 & P7 combined",Reading - % Meeting Level,70-80%
2024/25,Highland,Crown Primary School,"P1, P4 & P7 combined",Writing - % Meeting Level,70-80%
2024/25,Highland,Crown Primary School,P4,Listening & Talking - % Meeting Level,90+%
2024/25,Highland,Crown Primary School,P4,Numeracy - % Meeting Level,80-90%
2024/25,Highland,Crown Primary School,P4,Reading - % Meeting Level,80-90%
2024/25,Highland,Crown Primary School,P4,Writing - % Meeting Level,80-90%
2024/25,Highland,Crown Primary School,P7,Listening & Talking - % Meeting Level,80-90%
2024/25,Highland,Crown Primary School,P7,Numeracy - % Meeting Level,70-80%
2024/25,Highland,Crown Primary School,P7,Reading - % Meeting Level,80-90%
2024/25,Highland,Crown Primary School,P7,Writing - % Meeting Level,80-90%
2024/25,Highland,Croy Primary School,P1,Listening & Talking - % Meeting Level,80-90%
2024/25,Highland,Croy Primary School,P1,Numeracy - % Meeting Level,80-90%
2024/25,Highland,Croy Primary School,P1,Reading - % Meeting Level,80-90%
2024/25,Highland,Croy Primary School,P1,Writing - % Meeting Level,70-80%
2024/25,Highland,Croy Primary School,"P1, P4 & P7 combined",Listening & Talking - % Meeting Level,70-80%
2024/25,Highland,Croy Primary School,"P1, P4 & P7 combined",Numeracy - % Meeting Level,70-80%
2024/25,Highland,Croy Primary School,"P1, P4 & P7 combined",Reading - % Meeting Level,70-80%
2024/25,Highland,Croy Primary School,"P1, P4 & P7 combined",Writing - % Meeting Level,60-70%
2024/25,Highland,Croy Primary School,P4,Listening & Talking - % Meeting Level,c
2024/25,Highland,Croy Primary School,P4,Numeracy - % Meeting Level,c
2024/25,Highland,Croy Primary School,P4,Reading - % Meeting Level,c
2024/25,Highland,Croy Primary School,P4,Writing - % Meeting Level,c
2024/25,Highland,Croy Primary School,P7,Listening & Talking - % Meeting Level,c
2024/25,Highland,Croy Primary School,P7,Numeracy - % Meeting Level,c
2024/25,Highland,Croy Primary School,P7,Reading - % Meeting Level,c
2024/25,Highland,Croy Primary School,P7,Writing - % Meeting Level,c
2024/25,Highland,Culbokie Primary School,P1,Listening & Talking - % Meeting Level,c
2024/25,Highland,Culbokie Primary School,P1,Numeracy - % Meeting Level,c
2024/25,Highland,Culbokie Primary School,P1,Reading - % Meeting Level,c
2024/25,Highland,Culbokie Primary School,P1,Writing - % Meeting Level,c
2024/25,Highland,Culbokie Primary School,"P1, P4 & P7 combined",Listening & Talking - % Meeting Level,90+%
2024/25,Highland,Culbokie Primary School,"P1, P4 & P7 combined",Numeracy - % Meeting Level,90+%
2024/25,Highland,Culbokie Primary School,"P1, P4 & P7 combined",Reading - % Meeting Level,80-90%
2024/25,Highland,Culbokie Primary School,"P1, P4 & P7 combined",Writing - % Meeting Level,80-90%
2024/25,Highland,Culbokie Primary School,P4,Listening & Talking - % Meeting Level,90+%
2024/25,Highland,Culbokie Primary School,P4,Numeracy - % Meeting Level,90+%
2024/25,Highland,Culbokie Primary School,P4,Reading - % Meeting Level,80-90%
2024/25,Highland,Culbokie Primary School,P4,Writing - % Meeting Level,80-90%
2024/25,Highland,Culbokie Primary School,P7,Listening & Talking - % Meeting Level,c
2024/25,Highland,Culbokie Primary School,P7,Numeracy - % Meeting Level,c
2024/25,Highland,Culbokie Primary School,P7,Reading - % Meeting Level,c
2024/25,Highland,Culbokie Primary School,P7,Writing - % Meeting Level,c
2024/25,Highland,Dalneigh Primary School,P1,Listening & Talking - % Meeting Level,80-90%
2024/25,Highland,Dalneigh Primary School,P1,Numeracy - % Meeting Level,60-70%
2024/25,Highland,Dalneigh Primary School,P1,Reading - % Meeting Level,60-70%
2024/25,Highland,Dalneigh Primary School,P1,Writing - % Meeting Level,60-70%
2024/25,Highland,Dalneigh Primary School,"P1, P4 & P7 combined",Listening & Talking - % Meeting Level,80-90%
2024/25,Highland,Dalneigh Primary School,"P1, P4 & P7 combined",Numeracy - % Meeting Level,60-70%
2024/25,Highland,Dalneigh Primary School,"P1, P4 & P7 combined",Reading - % Meeting Level,70-80%
2024/25,Highland,Dalneigh Primary School,"P1, P4 & P7 combined",Writing - % Meeting Level,60-70%
2024/25,Highland,Dalneigh Primary School,P4,Listening & Talking - % Meeting Level,90+%
2024/25,Highland,Dalneigh Primary School,P4,Numeracy - % Meeting Level,70-80%
2024/25,Highland,Dalneigh Primary School,P4,Reading - % Meeting Level,70-80%
2024/25,Highland,Dalneigh Primary School,P4,Writing - % Meeting Level,80-90%
2024/25,Highland,Dalneigh Primary School,P7,Listening & Talking - % Meeting Level,70-80%
2024/25,Highland,Dalneigh Primary School,P7,Numeracy - % Meeting Level,60-70%
2024/25,Highland,Dalneigh Primary School,P7,Reading - % Meeting Level,80-90%
2024/25,Highland,Dalneigh Primary School,P7,Writing - % Meeting Level,60-70%
2024/25,Highland,Deshar Primary School,P1,Listening & Talking - % Meeting Level,c
2024/25,Highland,Deshar Primary School,P1,Numeracy - % Meeting Level,c
2024/25,Highland,Deshar Primary School,P1,Reading - % Meeting Level,c
2024/25,Highland,Deshar Primary School,P1,Writing - % Meeting Level,c
2024/25,Highland,Deshar Primary School,"P1, P4 & P7 combined",Listening & Talking - % Meeting Level,c
2024/25,Highland,Deshar Primary School,"P1, P4 & P7 combined",Numeracy - % Meeting Level,c
2024/25,Highland,Deshar Primary School,"P1, P4 & P7 combined",Reading - % Meeting Level,c
2024/25,Highland,Deshar Primary School,"P1, P4 & P7 combined",Writing - % Meeting Level,c
2024/25,Highland,Deshar Primary School,P4,Listening & Talking - % Meeting Level,c
2024/25,Highland,Deshar Primary School,P4,Numeracy - % Meeting Level,c
2024/25,Highland,Deshar Primary School,P4,Reading - % Meeting Level,c
2024/25,Highland,Deshar Primary School,P4,Writing - % Meeting Level,c
2024/25,Highland,Deshar Primary School,P7,Listening & Talking - % Meeting Level,c
2024/25,Highland,Deshar Primary School,P7,Numeracy - % Meeting Level,c
2024/25,Highland,Deshar Primary School,P7,Reading - % Meeting Level,c
2024/25,Highland,Deshar Primary School,P7,Writing - % Meeting Level,c
2024/25,Highland,Dingwall Primary School,P1,Listening & Talking - % Meeting Level,90+%
2024/25,Highland,Dingwall Primary School,P1,Numeracy - % Meeting Level,80-90%
2024/25,Highland,Dingwall Primary School,P1,Reading - % Meeting Level,70-80%
2024/25,Highland,Dingwall Primary School,P1,Writing - % Meeting Level,80-90%
2024/25,Highland,Dingwall Primary School,"P1, P4 & P7 combined",Listening & Talking - % Meeting Level,80-90%
2024/25,Highland,Dingwall Primary School,"P1, P4 & P7 combined",Numeracy - % Meeting Level,70-80%
2024/25,Highland,Dingwall Primary School,"P1, P4 & P7 combined",Reading - % Meeting Level,70-80%
2024/25,Highland,Dingwall Primary School,"P1, P4 & P7 combined",Writing - % Meeting Level,70-80%
2024/25,Highland,Dingwall Primary School,P4,Listening & Talking - % Meeting Level,80-90%
2024/25,Highland,Dingwall Primary School,P4,Numeracy - % Meeting Level,70-80%
2024/25,Highland,Dingwall Primary School,P4,Reading - % Meeting Level,70-80%
2024/25,Highland,Dingwall Primary School,P4,Writing - % Meeting Level,60-70%
2024/25,Highland,Dingwall Primary School,P7,Listening & Talking - % Meeting Level,80-90%
2024/25,Highland,Dingwall Primary School,P7,Numeracy - % Meeting Level,70-80%
2024/25,Highland,Dingwall Primary School,P7,Reading - % Meeting Level,70-80%
2024/25,Highland,Dingwall Primary School,P7,Writing - % Meeting Level,60-70%
2024/25,Highland,Dochgarroch Primary School,P1,Listening & Talking - % Meeting Level,c
2024/25,Highland,Dochgarroch Primary School,P1,Numeracy - % Meeting Level,c
2024/25,Highland,Dochgarroch Primary School,P1,Reading - % Meeting Level,c
2024/25,Highland,Dochgarroch Primary School,P1,Writing - % Meeting Level,c
2024/25,Highland,Dochgarroch Primary School,"P1, P4 & P7 combined",Listening & Talking - % Meeting Level,c
2024/25,Highland,Dochgarroch Primary School,"P1, P4 & P7 combined",Numeracy - % Meeting Level,c
2024/25,Highland,Dochgarroch Primary School,"P1, P4 & P7 combined",Reading - % Meeting Level,c
2024/25,Highland,Dochgarroch Primary School,"P1, P4 & P7 combined",Writing - % Meeting Level,c
2024/25,Highland,Dochgarroch Primary School,P4,Listening & Talking - % Meeting Level,c
2024/25,Highland,Dochgarroch Primary School,P4,Numeracy - % Meeting Level,c
2024/25,Highland,Dochgarroch Primary School,P4,Reading - % Meeting Level,c
2024/25,Highland,Dochgarroch Primary School,P4,Writing - % Meeting Level,c
2024/25,Highland,Dornoch Primary,P1,Listening & Talking - % Meeting Level,70-80%
2024/25,Highland,Dornoch Primary,P1,Numeracy - % Meeting Level,70-80%
2024/25,Highland,Dornoch Primary,P1,Reading - % Meeting Level,80-90%
2024/25,Highland,Dornoch Primary,P1,Writing - % Meeting Level,70-80%
2024/25,Highland,Dornoch Primary,"P1, P4 & P7 combined",Listening & Talking - % Meeting Level,80-90%
2024/25,Highland,Dornoch Primary,"P1, P4 & P7 combined",Numeracy - % Meeting Level,70-80%
2024/25,Highland,Dornoch Primary,"P1, P4 & P7 combined",Reading - % Meeting Level,70-80%
2024/25,Highland,Dornoch Primary,"P1, P4 & P7 combined",Writing - % Meeting Level,80-90%
2024/25,Highland,Dornoch Primary,P4,Listening & Talking - % Meeting Level,70-80%
2024/25,Highland,Dornoch Primary,P4,Numeracy - % Meeting Level,70-80%
2024/25,Highland,Dornoch Primary,P4,Reading - % Meeting Level,60-70%
2024/25,Highland,Dornoch Primary,P4,Writing - % Meeting Level,80-90%
2024/25,Highland,Dornoch Primary,P7,Listening & Talking - % Meeting Level,90+%
2024/25,Highland,Dornoch Primary,P7,Numeracy - % Meeting Level,70-80%
2024/25,Highland,Dornoch Primary,P7,Reading - % Meeting Level,80-90%
2024/25,Highland,Dornoch Primary,P7,Writing - % Meeting Level,80-90%
2024/25,Highland,Drakies Primary School,P1,Listening & Talking - % Meeting Level,90+%
2024/25,Highland,Drakies Primary School,P1,Numeracy - % Meeting Level,80-90%
2024/25,Highland,Drakies Primary School,P1,Reading - % Meeting Level,70-80%
2024/25,Highland,Drakies Primary School,P1,Writing - % Meeting Level,80-90%
2024/25,Highland,Drakies Primary School,"P1, P4 & P7 combined",Listening & Talking - % Meeting Level,80-90%
2024/25,Highland,Drakies Primary School,"P1, P4 & P7 combined",Numeracy - % Meeting Level,70-80%
2024/25,Highland,Drakies Primary School,"P1, P4 & P7 combined",Reading - % Meeting Level,70-80%
2024/25,Highland,Drakies Primary School,"P1, P4 & P7 combined",Writing - % Meeting Level,70-80%
2024/25,Highland,Drakies Primary School,P4,Listening & Talking - % Meeting Level,80-90%
2024/25,Highland,Drakies Primary School,P4,Numeracy - % Meeting Level,70-80%
2024/25,Highland,Drakies Primary School,P4,Reading - % Meeting Level,70-80%
2024/25,Highland,Drakies Primary School,P4,Writing - % Meeting Level,70-80%
2024/25,Highland,Drakies Primary School,P7,Listening & Talking - % Meeting Level,70-80%
2024/25,Highland,Drakies Primary School,P7,Numeracy - % Meeting Level,70-80%
2024/25,Highland,Drakies Primary School,P7,Reading - % Meeting Level,70-80%
2024/25,Highland,Drakies Primary School,P7,Writing - % Meeting Level,70-80%
2024/25,Highland,Dunbeath Primary School,P1,Listening & Talking - % Meeting Level,c
2024/25,Highland,Dunbeath Primary School,P1,Numeracy - % Meeting Level,c
2024/25,Highland,Dunbeath Primary School,P1,Reading - % Meeting Level,c
2024/25,Highland,Dunbeath Primary School,P1,Writing - % Meeting Level,c
2024/25,Highland,Dunbeath Primary School,"P1, P4 & P7 combined",Listening & Talking - % Meeting Level,c
2024/25,Highland,Dunbeath Primary School,"P1, P4 & P7 combined",Numeracy - % Meeting Level,c
2024/25,Highland,Dunbeath Primary School,"P1, P4 & P7 combined",Reading - % Meeting Level,c
2024/25,Highland,Dunbeath Primary School,"P1, P4 & P7 combined",Writing - % Meeting Level,c
2024/25,Highland,Dunbeath Primary School,P4,Listening & Talking - % Meeting Level,c
2024/25,Highland,Dunbeath Primary School,P4,Numeracy - % Meeting Level,c
2024/25,Highland,Dunbeath Primary School,P4,Reading - % Meeting Level,c
2024/25,Highland,Dunbeath Primary School,P4,Writing - % Meeting Level,c
2024/25,Highland,Dunbeath Primary School,P7,Listening & Talking - % Meeting Level,c
2024/25,Highland,Dunbeath Primary School,P7,Numeracy - % Meeting Level,c
2024/25,Highland,Dunbeath Primary School,P7,Reading - % Meeting Level,c
2024/25,Highland,Dunbeath Primary School,P7,Writing - % Meeting Level,c
2024/25,Highland,Duncan Forbes Primary School,P1,Listening & Talking - % Meeting Level,90+%
2024/25,Highland,Duncan Forbes Primary School,P1,Numeracy - % Meeting Level,90+%
2024/25,Highland,Duncan Forbes Primary School,P1,Reading - % Meeting Level,80-90%
2024/25,Highland,Duncan Forbes Primary School,P1,Writing - % Meeting Level,70-80%
2024/25,Highland,Duncan Forbes Primary School,"P1, P4 & P7 combined",Listening & Talking - % Meeting Level,90+%
2024/25,Highland,Duncan Forbes Primary School,"P1, P4 & P7 combined",Numeracy - % Meeting Level,80-90%
2024/25,Highland,Duncan Forbes Primary School,"P1, P4 & P7 combined",Reading - % Meeting Level,80-90%
2024/25,Highland,Duncan Forbes Primary School,"P1, P4 & P7 combined",Writing - % Meeting Level,80-90%
2024/25,Highland,Duncan Forbes Primary School,P4,Listening & Talking - % Meeting Level,90+%
2024/25,Highland,Duncan Forbes Primary School,P4,Numeracy - % Meeting Level,80-90%
2024/25,Highland,Duncan Forbes Primary School,P4,Reading - % Meeting Level,90+%
2024/25,Highland,Duncan Forbes Primary School,P4,Writing - % Meeting Level,80-90%
2024/25,Highland,Duncan Forbes Primary School,P7,Listening & Talking - % Meeting Level,90+%
2024/25,Highland,Duncan Forbes Primary School,P7,Numeracy - % Meeting Level,80-90%
2024/25,Highland,Duncan Forbes Primary School,P7,Reading - % Meeting Level,90+%
2024/25,Highland,Duncan Forbes Primary School,P7,Writing - % Meeting Level,80-90%
2024/25,Highland,Dunvegan Primary School,P1,Listening & Talking - % Meeting Level,c
2024/25,Highland,Dunvegan Primary School,P1,Numeracy - % Meeting Level,c
2024/25,Highland,Dunvegan Primary School,P1,Reading - % Meeting Level,c
2024/25,Highland,Dunvegan Primary School,P1,Writing - % Meeting Level,c
2024/25,Highland,Dunvegan Primary School,"P1, P4 & P7 combined",Listening & Talking - % Meeting Level,c
2024/25,Highland,Dunvegan Primary School,"P1, P4 & P7 combined",Numeracy - % Meeting Level,c
2024/25,Highland,Dunvegan Primary School,"P1, P4 & P7 combined",Reading - % Meeting Level,c
2024/25,Highland,Dunvegan Primary School,"P1, P4 & P7 combined",Writing - % Meeting Level,c
2024/25,Highland,Dunvegan Primary School,P4,Listening & Talking - % Meeting Level,c
2024/25,Highland,Dunvegan Primary School,P4,Numeracy - % Meeting Level,c
2024/25,Highland,Dunvegan Primary School,P4,Reading - % Meeting Level,c
2024/25,Highland,Dunvegan Primary School,P4,Writing - % Meeting Level,c
2024/25,Highland,Dunvegan Primary School,P7,Listening & Talking - % Meeting Level,c
2024/25,Highland,Dunvegan Primary School,P7,Numeracy - % Meeting Level,c
2024/25,Highland,Dunvegan Primary School,P7,Reading - % Meeting Level,c
2024/25,Highland,Dunvegan Primary School,P7,Writing - % Meeting Level,c
2024/25,Highland,Durness Primary School,P1,Listening & Talking - % Meeting Level,c
2024/25,Highland,Durness Primary School,P1,Numeracy - % Meeting Level,c
2024/25,Highland,Durness Primary School,P1,Reading - % Meeting Level,c
2024/25,Highland,Durness Primary School,P1,Writing - % Meeting Level,c
2024/25,Highland,Durness Primary School,"P1, P4 & P7 combined",Listening & Talking - % Meeting Level,c
2024/25,Highland,Durness Primary School,"P1, P4 & P7 combined",Numeracy - % Meeting Level,c
2024/25,Highland,Durness Primary School,"P1, P4 & P7 combined",Reading - % Meeting Level,c
2024/25,Highland,Durness Primary School,"P1, P4 & P7 combined",Writing - % Meeting Level,c
2024/25,Highland,Durness Primary School,P7,Listening & Talking - % Meeting Level,c
2024/25,Highland,Durness Primary School,P7,Numeracy - % Meeting Level,c
2024/25,Highland,Durness Primary School,P7,Reading - % Meeting Level,c
2024/25,Highland,Durness Primary School,P7,Writing - % Meeting Level,c
2024/25,Highland,Duror Primary School,"P1, P4 & P7 combined",Listening & Talking - % Meeting Level,c
2024/25,Highland,Duror Primary School,"P1, P4 & P7 combined",Numeracy - % Meeting Level,c
2024/25,Highland,Duror Primary School,"P1, P4 & P7 combined",Reading - % Meeting Level,c
2024/25,Highland,Duror Primary School,"P1, P4 & P7 combined",Writing - % Meeting Level,c
2024/25,Highland,Duror Primary School,P4,Listening & Talking - % Meeting Level,c
2024/25,Highland,Duror Primary School,P4,Numeracy - % Meeting Level,c
2024/25,Highland,Duror Primary School,P4,Reading - % Meeting Level,c
2024/25,Highland,Duror Primary School,P4,Writing - % Meeting Level,c
2024/25,Highland,Edinbane Primary School,P1,Listening & Talking - % Meeting Level,c
2024/25,Highland,Edinbane Primary School,P1,Numeracy - % Meeting Level,c
2024/25,Highland,Edinbane Primary School,P1,Reading - % Meeting Level,c
2024/25,Highland,Edinbane Primary School,P1,Writing - % Meeting Level,c
2024/25,Highland,Edinbane Primary School,"P1, P4 & P7 combined",Listening & Talking - % Meeting Level,c
2024/25,Highland,Edinbane Primary School,"P1, P4 & P7 combined",Numeracy - % Meeting Level,c
2024/25,Highland,Edinbane Primary School,"P1, P4 & P7 combined",Reading - % Meeting Level,c
2024/25,Highland,Edinbane Primary School,"P1, P4 & P7 combined",Writing - % Meeting Level,c
2024/25,Highland,Eigg Primary School,P1,Listening & Talking - % Meeting Level,c
2024/25,Highland,Eigg Primary School,P1,Numeracy - % Meeting Level,c
2024/25,Highland,Eigg Primary School,P1,Reading - % Meeting Level,c
2024/25,Highland,Eigg Primary School,P1,Writing - % Meeting Level,c
2024/25,Highland,Eigg Primary School,"P1, P4 & P7 combined",Listening & Talking - % Meeting Level,c
2024/25,Highland,Eigg Primary School,"P1, P4 & P7 combined",Numeracy - % Meeting Level,c
2024/25,Highland,Eigg Primary School,"P1, P4 & P7 combined",Reading - % Meeting Level,c
2024/25,Highland,Eigg Primary School,"P1, P4 & P7 combined",Writing - % Meeting Level,c
2024/25,Highland,Eigg Primary School,P4,Listening & Talking - % Meeting Level,c
2024/25,Highland,Eigg Primary School,P4,Numeracy - % Meeting Level,c
2024/25,Highland,Eigg Primary School,P4,Reading - % Meeting Level,c
2024/25,Highland,Eigg Primary School,P4,Writing - % Meeting Level,c
2024/25,Highland,Eigg Primary School,P7,Listening & Talking - % Meeting Level,c
2024/25,Highland,Eigg Primary School,P7,Numeracy - % Meeting Level,c
2024/25,Highland,Eigg Primary School,P7,Reading - % Meeting Level,c
2024/25,Highland,Eigg Primary School,P7,Writing - % Meeting Level,c
2024/25,Highland,Farr Primary School - Bettyhill,P1,Listening & Talking - % Meeting Level,c
2024/25,Highland,Farr Primary School - Bettyhill,P1,Numeracy - % Meeting Level,c
2024/25,Highland,Farr Primary School - Bettyhill,P1,Reading - % Meeting Level,c
2024/25,Highland,Farr Primary School - Bettyhill,P1,Writing - % Meeting Level,c
2024/25,Highland,Farr Primary School - Bettyhill,"P1, P4 & P7 combined",Listening & Talking - % Meeting Level,c
2024/25,Highland,Farr Primary School - Bettyhill,"P1, P4 & P7 combined",Numeracy - % Meeting Level,c
2024/25,Highland,Farr Primary School - Bettyhill,"P1, P4 & P7 combined",Reading - % Meeting Level,c
2024/25,Highland,Farr Primary School - Bettyhill,"P1, P4 & P7 combined",Writing - % Meeting Level,c
2024/25,Highland,Farr Primary School - Bettyhill,P4,Listening & Talking - % Meeting Level,c
2024/25,Highland,Farr Primary School - Bettyhill,P4,Numeracy - % Meeting Level,c
2024/25,Highland,Farr Primary School - Bettyhill,P4,Reading - % Meeting Level,c
2024/25,Highland,Farr Primary School - Bettyhill,P4,Writing - % Meeting Level,c
2024/25,Highland,Farr Primary School - Bettyhill,P7,Listening & Talking - % Meeting Level,c
2024/25,Highland,Farr Primary School - Bettyhill,P7,Numeracy - % Meeting Level,c
2024/25,Highland,Farr Primary School - Bettyhill,P7,Reading - % Meeting Level,c
2024/25,Highland,Farr Primary School - Bettyhill,P7,Writing - % Meeting Level,c
2024/25,Highland,Farr Primary School - Inverness,P1,Listening & Talking - % Meeting Level,c
2024/25,Highland,Farr Primary School - Inverness,P1,Numeracy - % Meeting Level,c
2024/25,Highland,Farr Primary School - Inverness,P1,Reading - % Meeting Level,c
2024/25,Highland,Farr Primary School - Inverness,P1,Writing - % Meeting Level,c
2024/25,Highland,Farr Primary School - Inverness,"P1, P4 & P7 combined",Listening & Talking - % Meeting Level,70-80%
2024/25,Highland,Farr Primary School - Inverness,"P1, P4 & P7 combined",Numeracy - % Meeting Level,70-80%
2024/25,Highland,Farr Primary School - Inverness,"P1, P4 & P7 combined",Reading - % Meeting Level,70-80%
2024/25,Highland,Farr Primary School - Inverness,"P1, P4 & P7 combined",Writing - % Meeting Level,70-80%
2024/25,Highland,Farr Primary School - Inverness,P4,Listening & Talking - % Meeting Level,c
2024/25,Highland,Farr Primary School - Inverness,P4,Numeracy - % Meeting Level,c
2024/25,Highland,Farr Primary School - Inverness,P4,Reading - % Meeting Level,c
2024/25,Highland,Farr Primary School - Inverness,P4,Writing - % Meeting Level,c
2024/25,Highland,Farr Primary School - Inverness,P7,Listening & Talking - % Meeting Level,c
2024/25,Highland,Farr Primary School - Inverness,P7,Numeracy - % Meeting Level,c
2024/25,Highland,Farr Primary School - Inverness,P7,Reading - % Meeting Level,c
2024/25,Highland,Farr Primary School - Inverness,P7,Writing - % Meeting Level,c
2024/25,Highland,Ferintosh Primary School,P1,Listening & Talking - % Meeting Level,c
2024/25,Highland,Ferintosh Primary School,P1,Numeracy - % Meeting Level,c
2024/25,Highland,Ferintosh Primary School,P1,Reading - % Meeting Level,c
2024/25,Highland,Ferintosh Primary School,P1,Writing - % Meeting Level,c
2024/25,Highland,Ferintosh Primary School,"P1, P4 & P7 combined",Listening & Talking - % Meeting Level,c
2024/25,Highland,Ferintosh Primary School,"P1, P4 & P7 combined",Numeracy - % Meeting Level,c
2024/25,Highland,Ferintosh Primary School,"P1, P4 & P7 combined",Reading - % Meeting Level,c
2024/25,Highland,Ferintosh Primary School,"P1, P4 & P7 combined",Writing - % Meeting Level,c
2024/25,Highland,Ferintosh Primary School,P4,Listening & Talking - % Meeting Level,c
2024/25,Highland,Ferintosh Primary School,P4,Numeracy - % Meeting Level,c
2024/25,Highland,Ferintosh Primary School,P4,Reading - % Meeting Level,c
2024/25,Highland,Ferintosh Primary School,P4,Writing - % Meeting Level,c
2024/25,Highland,Ferintosh Primary School,P7,Listening & Talking - % Meeting Level,c
2024/25,Highland,Ferintosh Primary School,P7,Numeracy - % Meeting Level,c
2024/25,Highland,Ferintosh Primary School,P7,Reading - % Meeting Level,c
2024/25,Highland,Ferintosh Primary School,P7,Writing - % Meeting Level,c
2024/25,Highland,Gairloch Primary School,P1,Listening & Talking - % Meeting Level,c
2024/25,Highland,Gairloch Primary School,P1,Numeracy - % Meeting Level,c
2024/25,Highland,Gairloch Primary School,P1,Reading - % Meeting Level,c
2024/25,Highland,Gairloch Primary School,P1,Writing - % Meeting Level,c
2024/25,Highland,Gairloch Primary School,"P1, P4 & P7 combined",Listening & Talking - % Meeting Level,c
2024/25,Highland,Gairloch Primary School,"P1, P4 & P7 combined",Numeracy - % Meeting Level,c
2024/25,Highland,Gairloch Primary School,"P1, P4 & P7 combined",Reading - % Meeting Level,c
2024/25,Highland,Gairloch Primary School,"P1, P4 & P7 combined",Writing - % Meeting Level,c
2024/25,Highland,Gairloch Primary School,P4,Listening & Talking - % Meeting Level,c
2024/25,Highland,Gairloch Primary School,P4,Numeracy - % Meeting Level,c
2024/25,Highland,Gairloch Primary School,P4,Reading - % Meeting Level,c
2024/25,Highland,Gairloch Primary School,P4,Writing - % Meeting Level,c
2024/25,Highland,Gairloch Primary School,P7,Listening & Talking - % Meeting Level,c
2024/25,Highland,Gairloch Primary School,P7,Numeracy - % Meeting Level,c
2024/25,Highland,Gairloch Primary School,P7,Reading - % Meeting Level,c
2024/25,Highland,Gairloch Primary School,P7,Writing - % Meeting Level,c
2024/25,Highland,Gledfield Primary School,P1,Listening & Talking - % Meeting Level,c
2024/25,Highland,Gledfield Primary School,P1,Numeracy - % Meeting Level,c
2024/25,Highland,Gledfield Primary School,P1,Reading - % Meeting Level,c
2024/25,Highland,Gledfield Primary School,P1,Writing - % Meeting Level,c
2024/25,Highland,Gledfield Primary School,"P1, P4 & P7 combined",Listening & Talking - % Meeting Level,c
2024/25,Highland,Gledfield Primary School,"P1, P4 & P7 combined",Numeracy - % Meeting Level,c
2024/25,Highland,Gledfield Primary School,"P1, P4 & P7 combined",Reading - % Meeting Level,c
2024/25,Highland,Gledfield Primary School,"P1, P4 & P7 combined",Writing - % Meeting Level,c
2024/25,Highland,Gledfield Primary School,P4,Listening & Talking - % Meeting Level,c
2024/25,Highland,Gledfield Primary School,P4,Numeracy - % Meeting Level,c
2024/25,Highland,Gledfield Primary School,P4,Reading - % Meeting Level,c
2024/25,Highland,Gledfield Primary School,P4,Writing - % Meeting Level,c
2024/25,Highland,Gledfield Primary School,P7,Listening & Talking - % Meeting Level,c
2024/25,Highland,Gledfield Primary School,P7,Numeracy - % Meeting Level,c
2024/25,Highland,Gledfield Primary School,P7,Reading - % Meeting Level,c
2024/25,Highland,Gledfield Primary School,P7,Writing - % Meeting Level,c
2024/25,Highland,Glencoe Primary School,P1,Listening & Talking - % Meeting Level,c
2024/25,Highland,Glencoe Primary School,P1,Numeracy - % Meeting Level,c
2024/25,Highland,Glencoe Primary School,P1,Reading - % Meeting Level,c
2024/25,Highland,Glencoe Primary School,P1,Writing - % Meeting Level,c
2024/25,Highland,Glencoe Primary School,"P1, P4 & P7 combined",Listening & Talking - % Meeting Level,c
2024/25,Highland,Glencoe Primary School,"P1, P4 & P7 combined",Numeracy - % Meeting Level,c
2024/25,Highland,Glencoe Primary School,"P1, P4 & P7 combined",Reading - % Meeting Level,c
2024/25,Highland,Glencoe Primary School,"P1, P4 & P7 combined",Writing - % Meeting Level,c
2024/25,Highland,Glencoe Primary School,P4,Listening & Talking - % Meeting Level,c
2024/25,Highland,Glencoe Primary School,P4,Numeracy - % Meeting Level,c
2024/25,Highland,Glencoe Primary School,P4,Reading - % Meeting Level,c
2024/25,Highland,Glencoe Primary School,P4,Writing - % Meeting Level,c
2024/25,Highland,Glencoe Primary School,P7,Listening & Talking - % Meeting Level,c
2024/25,Highland,Glencoe Primary School,P7,Numeracy - % Meeting Level,c
2024/25,Highland,Glencoe Primary School,P7,Reading - % Meeting Level,c
2024/25,Highland,Glencoe Primary School,P7,Writing - % Meeting Level,c
2024/25,Highland,Glenelg Primary School,P1,Listening & Talking - % Meeting Level,c
2024/25,Highland,Glenelg Primary School,P1,Numeracy - % Meeting Level,c
2024/25,Highland,Glenelg Primary School,P1,Reading - % Meeting Level,c
2024/25,Highland,Glenelg Primary School,P1,Writing - % Meeting Level,c
2024/25,Highland,Glenelg Primary School,"P1, P4 & P7 combined",Listening & Talking - % Meeting Level,c
2024/25,Highland,Glenelg Primary School,"P1, P4 & P7 combined",Numeracy - % Meeting Level,c
2024/25,Highland,Glenelg Primary School,"P1, P4 & P7 combined",Reading - % Meeting Level,c
2024/25,Highland,Glenelg Primary School,"P1, P4 & P7 combined",Writing - % Meeting Level,c
2024/25,Highland,Glenelg Primary School,P4,Listening & Talking - % Meeting Level,c
2024/25,Highland,Glenelg Primary School,P4,Numeracy - % Meeting Level,c
2024/25,Highland,Glenelg Primary School,P4,Reading - % Meeting Level,c
2024/25,Highland,Glenelg Primary School,P4,Writing - % Meeting Level,c
2024/25,Highland,Glenelg Primary School,P7,Listening & Talking - % Meeting Level,c
2024/25,Highland,Glenelg Primary School,P7,Numeracy - % Meeting Level,c
2024/25,Highland,Glenelg Primary School,P7,Reading - % Meeting Level,c
2024/25,Highland,Glenelg Primary School,P7,Writing - % Meeting Level,c
2024/25,Highland,Glenurquhart Primary School,P1,Listening & Talking - % Meeting Level,c
2024/25,Highland,Glenurquhart Primary School,P1,Numeracy - % Meeting Level,c
2024/25,Highland,Glenurquhart Primary School,P1,Reading - % Meeting Level,c
2024/25,Highland,Glenurquhart Primary School,P1,Writing - % Meeting Level,c
2024/25,Highland,Glenurquhart Primary School,"P1, P4 & P7 combined",Listening & Talking - % Meeting Level,80-90%
2024/25,Highland,Glenurquhart Primary School,"P1, P4 & P7 combined",Numeracy - % Meeting Level,60-70%
2024/25,Highland,Glenurquhart Primary School,"P1, P4 & P7 combined",Reading - % Meeting Level,70-80%
2024/25,Highland,Glenurquhart Primary School,"P1, P4 & P7 combined",Writing - % Meeting Level,70-80%
2024/25,Highland,Glenurquhart Primary School,P4,Listening & Talking - % Meeting Level,80-90%
2024/25,Highland,Glenurquhart Primary School,P4,Numeracy - % Meeting Level,60-70%
2024/25,Highland,Glenurquhart Primary School,P4,Reading - % Meeting Level,70-80%
2024/25,Highland,Glenurquhart Primary School,P4,Writing - % Meeting Level,80-90%
2024/25,Highland,Glenurquhart Primary School,P7,Listening & Talking - % Meeting Level,c
2024/25,Highland,Glenurquhart Primary School,P7,Numeracy - % Meeting Level,c
2024/25,Highland,Glenurquhart Primary School,P7,Reading - % Meeting Level,c
2024/25,Highland,Glenurquhart Primary School,P7,Writing - % Meeting Level,c
2024/25,Highland,Golspie Primary School,P1,Listening & Talking - % Meeting Level,c
2024/25,Highland,Golspie Primary School,P1,Numeracy - % Meeting Level,c
2024/25,Highland,Golspie Primary School,P1,Reading - % Meeting Level,c
2024/25,Highland,Golspie Primary School,P1,Writing - % Meeting Level,c
2024/25,Highland,Golspie Primary School,"P1, P4 & P7 combined",Listening & Talking - % Meeting Level,90+%
2024/25,Highland,Golspie Primary School,"P1, P4 & P7 combined",Numeracy - % Meeting Level,80-90%
2024/25,Highland,Golspie Primary School,"P1, P4 & P7 combined",Reading - % Meeting Level,80-90%
2024/25,Highland,Golspie Primary School,"P1, P4 & P7 combined",Writing - % Meeting Level,80-90%
2024/25,Highland,Golspie Primary School,P4,Listening & Talking - % Meeting Level,c
2024/25,Highland,Golspie Primary School,P4,Numeracy - % Meeting Level,c
2024/25,Highland,Golspie Primary School,P4,Reading - % Meeting Level,c
2024/25,Highland,Golspie Primary School,P4,Writing - % Meeting Level,c
2024/25,Highland,Golspie Primary School,P7,Listening & Talking - % Meeting Level,c
2024/25,Highland,Golspie Primary School,P7,Numeracy - % Meeting Level,c
2024/25,Highland,Golspie Primary School,P7,Reading - % Meeting Level,c
2024/25,Highland,Golspie Primary School,P7,Writing - % Meeting Level,c
2024/25,Highland,Grantown Primary School,P1,Listening & Talking - % Meeting Level,80-90%
2024/25,Highland,Grantown Primary School,P1,Numeracy - % Meeting Level,80-90%
2024/25,Highland,Grantown Primary School,P1,Reading - % Meeting Level,80-90%
2024/25,Highland,Grantown Primary School,P1,Writing - % Meeting Level,80-90%
2024/25,Highland,Grantown Primary School,"P1, P4 & P7 combined",Listening & Talking - % Meeting Level,80-90%
2024/25,Highland,Grantown Primary School,"P1, P4 & P7 combined",Numeracy - % Meeting Level,70-80%
2024/25,Highland,Grantown Primary School,"P1, P4 & P7 combined",Reading - % Meeting Level,70-80%
2024/25,Highland,Grantown Primary School,"P1, P4 & P7 combined",Writing - % Meeting Level,70-80%
2024/25,Highland,Grantown Primary School,P4,Listening & Talking - % Meeting Level,80-90%
2024/25,Highland,Grantown Primary School,P4,Numeracy - % Meeting Level,50-60%
2024/25,Highland,Grantown Primary School,P4,Reading - % Meeting Level,70-80%
2024/25,Highland,Grantown Primary School,P4,Writing - % Meeting Level,70-80%
2024/25,Highland,Grantown Primary School,P7,Listening & Talking - % Meeting Level,90+%
2024/25,Highland,Grantown Primary School,P7,Numeracy - % Meeting Level,70-80%
2024/25,Highland,Grantown Primary School,P7,Reading - % Meeting Level,60-70%
2024/25,Highland,Grantown Primary School,P7,Writing - % Meeting Level,60-70%
2024/25,Highland,Halkirk Primary School,P1,Listening & Talking - % Meeting Level,c
2024/25,Highland,Halkirk Primary School,P1,Numeracy - % Meeting Level,c
2024/25,Highland,Halkirk Primary School,P1,Reading - % Meeting Level,c
2024/25,Highland,Halkirk Primary School,P1,Writing - % Meeting Level,c
2024/25,Highland,Halkirk Primary School,"P1, P4 & P7 combined",Listening & Talking - % Meeting Level,90+%
2024/25,Highland,Halkirk Primary School,"P1, P4 & P7 combined",Numeracy - % Meeting Level,70-80%
2024/25,Highland,Halkirk Primary School,"P1, P4 & P7 combined",Reading - % Meeting Level,70-80%
2024/25,Highland,Halkirk Primary School,"P1, P4 & P7 combined",Writing - % Meeting Level,70-80%
2024/25,Highland,Halkirk Primary School,P4,Listening & Talking - % Meeting Level,c
2024/25,Highland,Halkirk Primary School,P4,Numeracy - % Meeting Level,c
2024/25,Highland,Halkirk Primary School,P4,Reading - % Meeting Level,c
2024/25,Highland,Halkirk Primary School,P4,Writing - % Meeting Level,c
2024/25,Highland,Halkirk Primary School,P7,Listening & Talking - % Meeting Level,c
2024/25,Highland,Halkirk Primary School,P7,Numeracy - % Meeting Level,c
2024/25,Highland,Halkirk Primary School,P7,Reading - % Meeting Level,c
2024/25,Highland,Halkirk Primary School,P7,Writing - % Meeting Level,c
2024/25,Highland,Helmsdale Primary School,P1,Listening & Talking - % Meeting Level,c
2024/25,Highland,Helmsdale Primary School,P1,Numeracy - % Meeting Level,c
2024/25,Highland,Helmsdale Primary School,P1,Reading - % Meeting Level,c
2024/25,Highland,Helmsdale Primary School,P1,Writing - % Meeting Level,c
2024/25,Highland,Helmsdale Primary School,"P1, P4 & P7 combined",Listening & Talking - % Meeting Level,80-90%
2024/25,Highland,Helmsdale Primary School,"P1, P4 & P7 combined",Numeracy - % Meeting Level,60-70%
2024/25,Highland,Helmsdale Primary School,"P1, P4 & P7 combined",Reading - % Meeting Level,70-80%
2024/25,Highland,Helmsdale Primary School,"P1, P4 & P7 combined",Writing - % Meeting Level,50-60%
2024/25,Highland,Helmsdale Primary School,P4,Listening & Talking - % Meeting Level,c
2024/25,Highland,Helmsdale Primary School,P4,Numeracy - % Meeting Level,c
2024/25,Highland,Helmsdale Primary School,P4,Reading - % Meeting Level,c
2024/25,Highland,Helmsdale Primary School,P4,Writing - % Meeting Level,c
2024/25,Highland,Helmsdale Primary School,P7,Listening & Talking - % Meeting Level,c
2024/25,Highland,Helmsdale Primary School,P7,Numeracy - % Meeting Level,c
2024/25,Highland,Helmsdale Primary School,P7,Reading - % Meeting Level,c
2024/25,Highland,Helmsdale Primary School,P7,Writing - % Meeting Level,c
2024/25,Highland,Hill of Fearn Primary School,P1,Listening & Talking - % Meeting Level,c
2024/25,Highland,Hill of Fearn Primary School,P1,Numeracy - % Meeting Level,c
2024/25,Highland,Hill of Fearn Primary School,P1,Reading - % Meeting Level,c
2024/25,Highland,Hill of Fearn Primary School,P1,Writing - % Meeting Level,c
2024/25,Highland,Hill of Fearn Primary School,"P1, P4 & P7 combined",Listening & Talking - % Meeting Level,90+%
2024/25,Highland,Hill of Fearn Primary School,"P1, P4 & P7 combined",Numeracy - % Meeting Level,80-90%
2024/25,Highland,Hill of Fearn Primary School,"P1, P4 & P7 combined",Reading - % Meeting Level,90+%
2024/25,Highland,Hill of Fearn Primary School,"P1, P4 & P7 combined",Writing - % Meeting Level,80-90%
2024/25,Highland,Hill of Fearn Primary School,P4,Listening & Talking - % Meeting Level,c
2024/25,Highland,Hill of Fearn Primary School,P4,Numeracy - % Meeting Level,c
2024/25,Highland,Hill of Fearn Primary School,P4,Reading - % Meeting Level,c
2024/25,Highland,Hill of Fearn Primary School,P4,Writing - % Meeting Level,c
2024/25,Highland,Hill of Fearn Primary School,P7,Listening & Talking - % Meeting Level,c
2024/25,Highland,Hill of Fearn Primary School,P7,Numeracy - % Meeting Level,c
2024/25,Highland,Hill of Fearn Primary School,P7,Reading - % Meeting Level,c
2024/25,Highland,Hill of Fearn Primary School,P7,Writing - % Meeting Level,c
2024/25,Highland,Hilton Primary School,P1,Listening & Talking - % Meeting Level,80-90%
2024/25,Highland,Hilton Primary School,P1,Numeracy - % Meeting Level,70-80%
2024/25,Highland,Hilton Primary School,P1,Reading - % Meeting Level,70-80%
2024/25,Highland,Hilton Primary School,P1,Writing - % Meeting Level,70-80%
2024/25,Highland,Hilton Primary School,"P1, P4 & P7 combined",Listening & Talking - % Meeting Level,80-90%
2024/25,Highland,Hilton Primary School,"P1, P4 & P7 combined",Numeracy - % Meeting Level,60-70%
2024/25,Highland,Hilton Primary School,"P1, P4 & P7 combined",Reading - % Meeting Level,60-70%
2024/25,Highland,Hilton Primary School,"P1, P4 & P7 combined",Writing - % Meeting Level,50-60%
2024/25,Highland,Hilton Primary School,P4,Listening & Talking - % Meeting Level,80-90%
2024/25,Highland,Hilton Primary School,P4,Numeracy - % Meeting Level,50-60%
2024/25,Highland,Hilton Primary School,P4,Reading - % Meeting Level,60-70%
2024/25,Highland,Hilton Primary School,P4,Writing - % Meeting Level,30-40%
2024/25,Highland,Hilton Primary School,P7,Listening & Talking - % Meeting Level,80-90%
2024/25,Highland,Hilton Primary School,P7,Numeracy - % Meeting Level,50-60%
2024/25,Highland,Hilton Primary School,P7,Reading - % Meeting Level,70-80%
2024/25,Highland,Hilton Primary School,P7,Writing - % Meeting Level,40-50%
2024/25,Highland,Hilton of Cadboll Primary School,P1,Listening & Talking - % Meeting Level,c
2024/25,Highland,Hilton of Cadboll Primary School,P1,Numeracy - % Meeting Level,c
2024/25,Highland,Hilton of Cadboll Primary School,P1,Reading - % Meeting Level,c
2024/25,Highland,Hilton of Cadboll Primary School,P1,Writing - % Meeting Level,c
2024/25,Highland,Hilton of Cadboll Primary School,"P1, P4 & P7 combined",Listening & Talking - % Meeting Level,80-90%
2024/25,Highland,Hilton of Cadboll Primary School,"P1, P4 & P7 combined",Numeracy - % Meeting Level,80-90%
2024/25,Highland,Hilton of Cadboll Primary School,"P1, P4 & P7 combined",Reading - % Meeting Level,70-80%
2024/25,Highland,Hilton of Cadboll Primary School,"P1, P4 & P7 combined",Writing - % Meeting Level,70-80%
2024/25,Highland,Hilton of Cadboll Primary School,P4,Listening & Talking - % Meeting Level,c
2024/25,Highland,Hilton of Cadboll Primary School,P4,Numeracy - % Meeting Level,c
2024/25,Highland,Hilton of Cadboll Primary School,P4,Reading - % Meeting Level,c
2024/25,Highland,Hilton of Cadboll Primary School,P4,Writing - % Meeting Level,c
2024/25,Highland,Hilton of Cadboll Primary School,P7,Listening & Talking - % Meeting Level,c
2024/25,Highland,Hilton of Cadboll Primary School,P7,Numeracy - % Meeting Level,c
2024/25,Highland,Hilton of Cadboll Primary School,P7,Reading - % Meeting Level,c
2024/25,Highland,Hilton of Cadboll Primary School,P7,Writing - % Meeting Level,c
2024/25,Highland,Holm Primary School,P1,Listening & Talking - % Meeting Level,90+%
2024/25,Highland,Holm Primary School,P1,Numeracy - % Meeting Level,70-80%
2024/25,Highland,Holm Primary School,P1,Reading - % Meeting Level,60-70%
2024/25,Highland,Holm Primary School,P1,Writing - % Meeting Level,60-70%
2024/25,Highland,Holm Primary School,"P1, P4 & P7 combined",Listening & Talking - % Meeting Level,80-90%
2024/25,Highland,Holm Primary School,"P1, P4 & P7 combined",Numeracy - % Meeting Level,70-80%
2024/25,Highland,Holm Primary School,"P1, P4 & P7 combined",Reading - % Meeting Level,70-80%
2024/25,Highland,Holm Primary School,"P1, P4 & P7 combined",Writing - % Meeting Level,60-70%
2024/25,Highland,Holm Primary School,P4,Listening & Talking - % Meeting Level,70-80%
2024/25,Highland,Holm Primary School,P4,Numeracy - % Meeting Level,70-80%
2024/25,Highland,Holm Primary School,P4,Reading - % Meeting Level,70-80%
2024/25,Highland,Holm Primary School,P4,Writing - % Meeting Level,70-80%
2024/25,Highland,Holm Primary School,P7,Listening & Talking - % Meeting Level,90+%
2024/25,Highland,Holm Primary School,P7,Numeracy - % Meeting Level,60-70%
2024/25,Highland,Holm Primary School,P7,Reading - % Meeting Level,70-80%
2024/25,Highland,Holm Primary School,P7,Writing - % Meeting Level,70-80%
2024/25,Highland,Inshes Primary School,P1,Listening & Talking - % Meeting Level,80-90%
2024/25,Highland,Inshes Primary School,P1,Numeracy - % Meeting Level,70-80%
2024/25,Highland,Inshes Primary School,P1,Reading - % Meeting Level,60-70%
2024/25,Highland,Inshes Primary School,P1,Writing - % Meeting Level,60-70%
2024/25,Highland,Inshes Primary School,"P1, P4 & P7 combined",Listening & Talking - % Meeting Level,70-80%
2024/25,Highland,Inshes Primary School,"P1, P4 & P7 combined",Numeracy - % Meeting Level,60-70%
2024/25,Highland,Inshes Primary School,"P1, P4 & P7 combined",Reading - % Meeting Level,60-70%
2024/25,Highland,Inshes Primary School,"P1, P4 & P7 combined",Writing - % Meeting Level,50-60%
2024/25,Highland,Inshes Primary School,P4,Listening & Talking - % Meeting Level,70-80%
2024/25,Highland,Inshes Primary School,P4,Numeracy - % Meeting Level,70-80%
2024/25,Highland,Inshes Primary School,P4,Reading - % Meeting Level,60-70%
2024/25,Highland,Inshes Primary School,P4,Writing - % Meeting Level,50-60%
2024/25,Highland,Inshes Primary School,P7,Listening & Talking - % Meeting Level,60-70%
2024/25,Highland,Inshes Primary School,P7,Numeracy - % Meeting Level,50-60%
2024/25,Highland,Inshes Primary School,P7,Reading - % Meeting Level,60-70%
2024/25,Highland,Inshes Primary School,P7,Writing - % Meeting Level,50-60%
2024/25,Highland,Inver Primary School,P1,Listening & Talking - % Meeting Level,c
2024/25,Highland,Inver Primary School,P1,Numeracy - % Meeting Level,c
2024/25,Highland,Inver Primary School,P1,Reading - % Meeting Level,c
2024/25,Highland,Inver Primary School,P1,Writing - % Meeting Level,c
2024/25,Highland,Inver Primary School,"P1, P4 & P7 combined",Listening & Talking - % Meeting Level,c
2024/25,Highland,Inver Primary School,"P1, P4 & P7 combined",Numeracy - % Meeting Level,c
2024/25,Highland,Inver Primary School,"P1, P4 & P7 combined",Reading - % Meeting Level,c
2024/25,Highland,Inver Primary School,"P1, P4 & P7 combined",Writing - % Meeting Level,c
2024/25,Highland,Inver Primary School,P4,Listening & Talking - % Meeting Level,c
2024/25,Highland,Inver Primary School,P4,Numeracy - % Meeting Level,c
2024/25,Highland,Inver Primary School,P4,Reading - % Meeting Level,c
2024/25,Highland,Inver Primary School,P4,Writing - % Meeting Level,c
2024/25,Highland,Inver Primary School,P7,Listening & Talking - % Meeting Level,c
2024/25,Highland,Inver Primary School,P7,Numeracy - % Meeting Level,c
2024/25,Highland,Inver Primary School,P7,Reading - % Meeting Level,c
2024/25,Highland,Inver Primary School,P7,Writing - % Meeting Level,c
2024/25,Highland,Invergarry Primary School,"P1, P4 & P7 combined",Listening & Talking - % Meeting Level,c
2024/25,Highland,Invergarry Primary School,"P1, P4 & P7 combined",Numeracy - % Meeting Level,c
2024/25,Highland,Invergarry Primary School,"P1, P4 & P7 combined",Reading - % Meeting Level,c
2024/25,Highland,Invergarry Primary School,"P1, P4 & P7 combined",Writing - % Meeting Level,c
2024/25,Highland,Invergarry Primary School,P4,Listening & Talking - % Meeting Level,c
2024/25,Highland,Invergarry Primary School,P4,Numeracy - % Meeting Level,c
2024/25,Highland,Invergarry Primary School,P4,Reading - % Meeting Level,c
2024/25,Highland,Invergarry Primary School,P4,Writing - % Meeting Level,c
2024/25,Highland,Invergarry Primary School,P7,Listening & Talking - % Meeting Level,c
2024/25,Highland,Invergarry Primary School,P7,Numeracy - % Meeting Level,c
2024/25,Highland,Invergarry Primary School,P7,Reading - % Meeting Level,c
2024/25,Highland,Invergarry Primary School,P7,Writing - % Meeting Level,c
2024/25,Highland,Inverie Primary School,P1,Listening & Talking - % Meeting Level,c
2024/25,Highland,Inverie Primary School,P1,Numeracy - % Meeting Level,c
2024/25,Highland,Inverie Primary School,P1,Reading - % Meeting Level,c
2024/25,Highland,Inverie Primary School,P1,Writing - % Meeting Level,c
2024/25,Highland,Inverie Primary School,"P1, P4 & P7 combined",Listening & Talking - % Meeting Level,c
2024/25,Highland,Inverie Primary School,"P1, P4 & P7 combined",Numeracy - % Meeting Level,c
2024/25,Highland,Inverie Primary School,"P1, P4 & P7 combined",Reading - % Meeting Level,c
2024/25,Highland,Inverie Primary School,"P1, P4 & P7 combined",Writing - % Meeting Level,c
2024/25,Highland,Inverie Primary School,P7,Listening & Talking - % Meeting Level,c
2024/25,Highland,Inverie Primary School,P7,Numeracy - % Meeting Level,c
2024/25,Highland,Inverie Primary School,P7,Reading - % Meeting Level,c
2024/25,Highland,Inverie Primary School,P7,Writing - % Meeting Level,c
2024/25,Highland,Inverlochy Primary School,P1,Listening & Talking - % Meeting Level,90+%
2024/25,Highland,Inverlochy Primary School,P1,Numeracy - % Meeting Level,90+%
2024/25,Highland,Inverlochy Primary School,P1,Reading - % Meeting Level,90+%
2024/25,Highland,Inverlochy Primary School,P1,Writing - % Meeting Level,90+%
2024/25,Highland,Inverlochy Primary School,"P1, P4 & P7 combined",Listening & Talking - % Meeting Level,90+%
2024/25,Highland,Inverlochy Primary School,"P1, P4 & P7 combined",Numeracy - % Meeting Level,80-90%
2024/25,Highland,Inverlochy Primary School,"P1, P4 & P7 combined",Reading - % Meeting Level,80-90%
2024/25,Highland,Inverlochy Primary School,"P1, P4 & P7 combined",Writing - % Meeting Level,80-90%
2024/25,Highland,Inverlochy Primary School,P4,Listening & Talking - % Meeting Level,90+%
2024/25,Highland,Inverlochy Primary School,P4,Numeracy - % Meeting Level,70-80%
2024/25,Highland,Inverlochy Primary School,P4,Reading - % Meeting Level,80-90%
2024/25,Highland,Inverlochy Primary School,P4,Writing - % Meeting Level,70-80%
2024/25,Highland,Inverlochy Primary School,P7,Listening & Talking - % Meeting Level,c
2024/25,Highland,Inverlochy Primary School,P7,Numeracy - % Meeting Level,c
2024/25,Highland,Inverlochy Primary School,P7,Reading - % Meeting Level,c
2024/25,Highland,Inverlochy Primary School,P7,Writing - % Meeting Level,c
2024/25,Highland,Keiss Primary School,P1,Listening & Talking - % Meeting Level,c
2024/25,Highland,Keiss Primary School,P1,Numeracy - % Meeting Level,c
2024/25,Highland,Keiss Primary School,P1,Reading - % Meeting Level,c
2024/25,Highland,Keiss Primary School,P1,Writing - % Meeting Level,c
2024/25,Highland,Keiss Primary School,"P1, P4 & P7 combined",Listening & Talking - % Meeting Level,c
2024/25,Highland,Keiss Primary School,"P1, P4 & P7 combined",Numeracy - % Meeting Level,c
2024/25,Highland,Keiss Primary School,"P1, P4 & P7 combined",Reading - % Meeting Level,c
2024/25,Highland,Keiss Primary School,"P1, P4 & P7 combined",Writing - % Meeting Level,c
2024/25,Highland,Keiss Primary School,P4,Listening & Talking - % Meeting Level,c
2024/25,Highland,Keiss Primary School,P4,Numeracy - % Meeting Level,c
2024/25,Highland,Keiss Primary School,P4,Reading - % Meeting Level,c
2024/25,Highland,Keiss Primary School,P4,Writing - % Meeting Level,c
2024/25,Highland,Keiss Primary School,P7,Listening & Talking - % Meeting Level,c
2024/25,Highland,Keiss Primary School,P7,Numeracy - % Meeting Level,c
2024/25,Highland,Keiss Primary School,P7,Reading - % Meeting Level,c
2024/25,Highland,Keiss Primary School,P7,Writing - % Meeting Level,c
2024/25,Highland,Kilchoan Primary School,P1,Listening & Talking - % Meeting Level,c
2024/25,Highland,Kilchoan Primary School,P1,Numeracy - % Meeting Level,c
2024/25,Highland,Kilchoan Primary School,P1,Reading - % Meeting Level,c
2024/25,Highland,Kilchoan Primary School,P1,Writing - % Meeting Level,c
2024/25,Highland,Kilchoan Primary School,"P1, P4 & P7 combined",Listening & Talking - % Meeting Level,c
2024/25,Highland,Kilchoan Primary School,"P1, P4 & P7 combined",Numeracy - % Meeting Level,c
2024/25,Highland,Kilchoan Primary School,"P1, P4 & P7 combined",Reading - % Meeting Level,c
2024/25,Highland,Kilchoan Primary School,"P1, P4 & P7 combined",Writing - % Meeting Level,c
2024/25,Highland,Kilchoan Primary School,P4,Listening & Talking - % Meeting Level,c
2024/25,Highland,Kilchoan Primary School,P4,Numeracy - % Meeting Level,c
2024/25,Highland,Kilchoan Primary School,P4,Reading - % Meeting Level,c
2024/25,Highland,Kilchoan Primary School,P4,Writing - % Meeting Level,c
2024/25,Highland,Kilchuimen Primary School,P1,Listening & Talking - % Meeting Level,c
2024/25,Highland,Kilchuimen Primary School,P1,Numeracy - % Meeting Level,c
2024/25,Highland,Kilchuimen Primary School,P1,Reading - % Meeting Level,c
2024/25,Highland,Kilchuimen Primary School,P1,Writing - % Meeting Level,c
2024/25,Highland,Kilchuimen Primary School,"P1, P4 & P7 combined",Listening & Talking - % Meeting Level,c
2024/25,Highland,Kilchuimen Primary School,"P1, P4 & P7 combined",Numeracy - % Meeting Level,c
2024/25,Highland,Kilchuimen Primary School,"P1, P4 & P7 combined",Reading - % Meeting Level,c
2024/25,Highland,Kilchuimen Primary School,"P1, P4 & P7 combined",Writing - % Meeting Level,c
2024/25,Highland,Kilchuimen Primary School,P4,Listening & Talking - % Meeting Level,c
2024/25,Highland,Kilchuimen Primary School,P4,Numeracy - % Meeting Level,c
2024/25,Highland,Kilchuimen Primary School,P4,Reading - % Meeting Level,c
2024/25,Highland,Kilchuimen Primary School,P4,Writing - % Meeting Level,c
2024/25,Highland,Kilchuimen Primary School,P7,Listening & Talking - % Meeting Level,c
2024/25,Highland,Kilchuimen Primary School,P7,Numeracy - % Meeting Level,c
2024/25,Highland,Kilchuimen Primary School,P7,Reading - % Meeting Level,c
2024/25,Highland,Kilchuimen Primary School,P7,Writing - % Meeting Level,c
2024/25,Highland,Kilmuir Primary School,P1,Listening & Talking - % Meeting Level,c
2024/25,Highland,Kilmuir Primary School,P1,Numeracy - % Meeting Level,c
2024/25,Highland,Kilmuir Primary School,P1,Reading - % Meeting Level,c
2024/25,Highland,Kilmuir Primary School,P1,Writing - % Meeting Level,c
2024/25,Highland,Kilmuir Primary School,"P1, P4 & P7 combined",Listening & Talking - % Meeting Level,c
2024/25,Highland,Kilmuir Primary School,"P1, P4 & P7 combined",Numeracy - % Meeting Level,c
2024/25,Highland,Kilmuir Primary School,"P1, P4 & P7 combined",Reading - % Meeting Level,c
2024/25,Highland,Kilmuir Primary School,"P1, P4 & P7 combined",Writing - % Meeting Level,c
2024/25,Highland,Kilmuir Primary School,P4,Listening & Talking - % Meeting Level,c
2024/25,Highland,Kilmuir Primary School,P4,Numeracy - % Meeting Level,c
2024/25,Highland,Kilmuir Primary School,P4,Reading - % Meeting Level,c
2024/25,Highland,Kilmuir Primary School,P4,Writing - % Meeting Level,c
2024/25,Highland,Kilmuir Primary School,P7,Listening & Talking - % Meeting Level,c
2024/25,Highland,Kilmuir Primary School,P7,Numeracy - % Meeting Level,c
2024/25,Highland,Kilmuir Primary School,P7,Reading - % Meeting Level,c
2024/25,Highland,Kilmuir Primary School,P7,Writing - % Meeting Level,c
2024/25,Highland,Kiltearn Primary School,P1,Listening & Talking - % Meeting Level,c
2024/25,Highland,Kiltearn Primary School,P1,Numeracy - % Meeting Level,c
2024/25,Highland,Kiltearn Primary School,P1,Reading - % Meeting Level,c
2024/25,Highland,Kiltearn Primary School,P1,Writing - % Meeting Level,c
2024/25,Highland,Kiltearn Primary School,"P1, P4 & P7 combined",Listening & Talking - % Meeting Level,70-80%
2024/25,Highland,Kiltearn Primary School,"P1, P4 & P7 combined",Numeracy - % Meeting Level,60-70%
2024/25,Highland,Kiltearn Primary School,"P1, P4 & P7 combined",Reading - % Meeting Level,60-70%
2024/25,Highland,Kiltearn Primary School,"P1, P4 & P7 combined",Writing - % Meeting Level,60-70%
2024/25,Highland,Kiltearn Primary School,P4,Listening & Talking - % Meeting Level,c
2024/25,Highland,Kiltearn Primary School,P4,Numeracy - % Meeting Level,c
2024/25,Highland,Kiltearn Primary School,P4,Reading - % Meeting Level,c
2024/25,Highland,Kiltearn Primary School,P4,Writing - % Meeting Level,c
2024/25,Highland,Kiltearn Primary School,P7,Listening & Talking - % Meeting Level,c
2024/25,Highland,Kiltearn Primary School,P7,Numeracy - % Meeting Level,c
2024/25,Highland,Kiltearn Primary School,P7,Reading - % Meeting Level,c
2024/25,Highland,Kiltearn Primary School,P7,Writing - % Meeting Level,c
2024/25,Highland,Kingussie Primary School,P1,Listening & Talking - % Meeting Level,c
2024/25,Highland,Kingussie Primary School,P1,Numeracy - % Meeting Level,c
2024/25,Highland,Kingussie Primary School,P1,Reading - % Meeting Level,c
2024/25,Highland,Kingussie Primary School,P1,Writing - % Meeting Level,c
2024/25,Highland,Kingussie Primary School,"P1, P4 & P7 combined",Listening & Talking - % Meeting Level,80-90%
2024/25,Highland,Kingussie Primary School,"P1, P4 & P7 combined",Numeracy - % Meeting Level,90+%
2024/25,Highland,Kingussie Primary School,"P1, P4 & P7 combined",Reading - % Meeting Level,80-90%
2024/25,Highland,Kingussie Primary School,"P1, P4 & P7 combined",Writing - % Meeting Level,70-80%
2024/25,Highland,Kingussie Primary School,P4,Listening & Talking - % Meeting Level,c
2024/25,Highland,Kingussie Primary School,P4,Numeracy - % Meeting Level,c
2024/25,Highland,Kingussie Primary School,P4,Reading - % Meeting Level,c
2024/25,Highland,Kingussie Primary School,P4,Writing - % Meeting Level,c
2024/25,Highland,Kingussie Primary School,P7,Listening & Talking - % Meeting Level,c
2024/25,Highland,Kingussie Primary School,P7,Numeracy - % Meeting Level,c
2024/25,Highland,Kingussie Primary School,P7,Reading - % Meeting Level,c
2024/25,Highland,Kingussie Primary School,P7,Writing - % Meeting Level,c
2024/25,Highland,Kinlochbervie Primary School,"P1, P4 & P7 combined",Listening & Talking - % Meeting Level,c
2024/25,Highland,Kinlochbervie Primary School,"P1, P4 & P7 combined",Numeracy - % Meeting Level,c
2024/25,Highland,Kinlochbervie Primary School,"P1, P4 & P7 combined",Reading - % Meeting Level,c
2024/25,Highland,Kinlochbervie Primary School,"P1, P4 & P7 combined",Writing - % Meeting Level,c
2024/25,Highland,Kinlochbervie Primary School,P4,Listening & Talking - % Meeting Level,c
2024/25,Highland,Kinlochbervie Primary School,P4,Numeracy - % Meeting Level,c
2024/25,Highland,Kinlochbervie Primary School,P4,Reading - % Meeting Level,c
2024/25,Highland,Kinlochbervie Primary School,P4,Writing - % Meeting Level,c
2024/25,Highland,Kinlochbervie Primary School,P7,Listening & Talking - % Meeting Level,c
2024/25,Highland,Kinlochbervie Primary School,P7,Numeracy - % Meeting Level,c
2024/25,Highland,Kinlochbervie Primary School,P7,Reading - % Meeting Level,c
2024/25,Highland,Kinlochbervie Primary School,P7,Writing - % Meeting Level,c
2024/25,Highland,Kinlochleven Primary School,P1,Listening & Talking - % Meeting Level,c
2024/25,Highland,Kinlochleven Primary School,P1,Numeracy - % Meeting Level,c
2024/25,Highland,Kinlochleven Primary School,P1,Reading - % Meeting Level,c
2024/25,Highland,Kinlochleven Primary School,P1,Writing - % Meeting Level,c
2024/25,Highland,Kinlochleven Primary School,"P1, P4 & P7 combined",Listening & Talking - % Meeting Level,c
2024/25,Highland,Kinlochleven Primary School,"P1, P4 & P7 combined",Numeracy - % Meeting Level,c
2024/25,Highland,Kinlochleven Primary School,"P1, P4 & P7 combined",Reading - % Meeting Level,c
2024/25,Highland,Kinlochleven Primary School,"P1, P4 & P7 combined",Writing - % Meeting Level,c
2024/25,Highland,Kinlochleven Primary School,P4,Listening & Talking - % Meeting Level,c
2024/25,Highland,Kinlochleven Primary School,P4,Numeracy - % Meeting Level,c
2024/25,Highland,Kinlochleven Primary School,P4,Reading - % Meeting Level,c
2024/25,Highland,Kinlochleven Primary School,P4,Writing - % Meeting Level,c
2024/25,Highland,Kinlochleven Primary School,P7,Listening & Talking - % Meeting Level,c
2024/25,Highland,Kinlochleven Primary School,P7,Numeracy - % Meeting Level,c
2024/25,Highland,Kinlochleven Primary School,P7,Reading - % Meeting Level,c
2024/25,Highland,Kinlochleven Primary School,P7,Writing - % Meeting Level,c
2024/25,Highland,Kinmylies Primary School,P1,Listening & Talking - % Meeting Level,80-90%
2024/25,Highland,Kinmylies Primary School,P1,Numeracy - % Meeting Level,80-90%
2024/25,Highland,Kinmylies Primary School,P1,Reading - % Meeting Level,80-90%
2024/25,Highland,Kinmylies Primary School,P1,Writing - % Meeting Level,70-80%
2024/25,Highland,Kinmylies Primary School,"P1, P4 & P7 combined",Listening & Talking - % Meeting Level,90+%
2024/25,Highland,Kinmylies Primary School,"P1, P4 & P7 combined",Numeracy - % Meeting Level,80-90%
2024/25,Highland,Kinmylies Primary School,"P1, P4 & P7 combined",Reading - % Meeting Level,80-90%
2024/25,Highland,Kinmylies Primary School,"P1, P4 & P7 combined",Writing - % Meeting Level,80-90%
2024/25,Highland,Kinmylies Primary School,P4,Listening & Talking - % Meeting Level,90+%
2024/25,Highland,Kinmylies Primary School,P4,Numeracy - % Meeting Level,70-80%
2024/25,Highland,Kinmylies Primary School,P4,Reading - % Meeting Level,80-90%
2024/25,Highland,Kinmylies Primary School,P4,Writing - % Meeting Level,80-90%
2024/25,Highland,Kinmylies Primary School,P7,Listening & Talking - % Meeting Level,90+%
2024/25,Highland,Kinmylies Primary School,P7,Numeracy - % Meeting Level,90+%
2024/25,Highland,Kinmylies Primary School,P7,Reading - % Meeting Level,90+%
2024/25,Highland,Kinmylies Primary School,P7,Writing - % Meeting Level,80-90%
2024/25,Highland,Kirkhill Primary School,P1,Listening & Talking - % Meeting Level,c
2024/25,Highland,Kirkhill Primary School,P1,Numeracy - % Meeting Level,c
2024/25,Highland,Kirkhill Primary School,P1,Reading - % Meeting Level,c
2024/25,Highland,Kirkhill Primary School,P1,Writing - % Meeting Level,c
2024/25,Highland,Kirkhill Primary School,"P1, P4 & P7 combined",Listening & Talking - % Meeting Level,80-90%
2024/25,Highland,Kirkhill Primary School,"P1, P4 & P7 combined",Numeracy - % Meeting Level,70-80%
2024/25,Highland,Kirkhill Primary School,"P1, P4 & P7 combined",Reading - % Meeting Level,70-80%
2024/25,Highland,Kirkhill Primary School,"P1, P4 & P7 combined",Writing - % Meeting Level,70-80%
2024/25,Highland,Kirkhill Primary School,P4,Listening & Talking - % Meeting Level,c
2024/25,Highland,Kirkhill Primary School,P4,Numeracy - % Meeting Level,c
2024/25,Highland,Kirkhill Primary School,P4,Reading - % Meeting Level,c
2024/25,Highland,Kirkhill Primary School,P4,Writing - % Meeting Level,c
2024/25,Highland,Kirkhill Primary School,P7,Listening & Talking - % Meeting Level,80-90%
2024/25,Highland,Kirkhill Primary School,P7,Numeracy - % Meeting Level,80-90%
2024/25,Highland,Kirkhill Primary School,P7,Reading - % Meeting Level,80-90%
2024/25,Highland,Kirkhill Primary School,P7,Writing - % Meeting Level,70-80%
2024/25,Highland,Knockbreck Primary School - Tain,P1,Listening & Talking - % Meeting Level,80-90%
2024/25,Highland,Knockbreck Primary School - Tain,P1,Numeracy - % Meeting Level,70-80%
2024/25,Highland,Knockbreck Primary School - Tain,P1,Reading - % Meeting Level,80-90%
2024/25,Highland,Knockbreck Primary School - Tain,P1,Writing - % Meeting Level,70-80%
2024/25,Highland,Knockbreck Primary School - Tain,"P1, P4 & P7 combined",Listening & Talking - % Meeting Level,70-80%
2024/25,Highland,Knockbreck Primary School - Tain,"P1, P4 & P7 combined",Numeracy - % Meeting Level,60-70%
2024/25,Highland,Knockbreck Primary School - Tain,"P1, P4 & P7 combined",Reading - % Meeting Level,70-80%
2024/25,Highland,Knockbreck Primary School - Tain,"P1, P4 & P7 combined",Writing - % Meeting Level,60-70%
2024/25,Highland,Knockbreck Primary School - Tain,P4,Listening & Talking - % Meeting Level,60-70%
2024/25,Highland,Knockbreck Primary School - Tain,P4,Numeracy - % Meeting Level,50-60%
2024/25,Highland,Knockbreck Primary School - Tain,P4,Reading - % Meeting Level,50-60%
2024/25,Highland,Knockbreck Primary School - Tain,P4,Writing - % Meeting Level,60-70%
2024/25,Highland,Knockbreck Primary School - Tain,P7,Listening & Talking - % Meeting Level,70-80%
2024/25,Highland,Knockbreck Primary School - Tain,P7,Numeracy - % Meeting Level,60-70%
2024/25,Highland,Knockbreck Primary School - Tain,P7,Reading - % Meeting Level,70-80%
2024/25,Highland,Knockbreck Primary School - Tain,P7,Writing - % Meeting Level,60-70%
2024/25,Highland,Kyle Primary School,P1,Listening & Talking - % Meeting Level,c
2024/25,Highland,Kyle Primary School,P1,Numeracy - % Meeting Level,c
2024/25,Highland,Kyle Primary School,P1,Reading - % Meeting Level,c
2024/25,Highland,Kyle Primary School,P1,Writing - % Meeting Level,c
2024/25,Highland,Kyle Primary School,"P1, P4 & P7 combined",Listening & Talking - % Meeting Level,c
2024/25,Highland,Kyle Primary School,"P1, P4 & P7 combined",Numeracy - % Meeting Level,c
2024/25,Highland,Kyle Primary School,"P1, P4 & P7 combined",Reading - % Meeting Level,c
2024/25,Highland,Kyle Primary School,"P1, P4 & P7 combined",Writing - % Meeting Level,c
2024/25,Highland,Kyle Primary School,P4,Listening & Talking - % Meeting Level,c
2024/25,Highland,Kyle Primary School,P4,Numeracy - % Meeting Level,c
2024/25,Highland,Kyle Primary School,P4,Reading - % Meeting Level,c
2024/25,Highland,Kyle Primary School,P4,Writing - % Meeting Level,c
2024/25,Highland,Kyle Primary School,P7,Listening & Talking - % Meeting Level,c
2024/25,Highland,Kyle Primary School,P7,Numeracy - % Meeting Level,c
2024/25,Highland,Kyle Primary School,P7,Reading - % Meeting Level,c
2024/25,Highland,Kyle Primary School,P7,Writing - % Meeting Level,c
2024/25,Highland,Kyleakin Primary School,P1,Listening & Talking - % Meeting Level,c
2024/25,Highland,Kyleakin Primary School,P1,Numeracy - % Meeting Level,c
2024/25,Highland,Kyleakin Primary School,P1,Reading - % Meeting Level,c
2024/25,Highland,Kyleakin Primary School,P1,Writing - % Meeting Level,c
2024/25,Highland,Kyleakin Primary School,"P1, P4 & P7 combined",Listening & Talking - % Meeting Level,c
2024/25,Highland,Kyleakin Primary School,"P1, P4 & P7 combined",Numeracy - % Meeting Level,c
2024/25,Highland,Kyleakin Primary School,"P1, P4 & P7 combined",Reading - % Meeting Level,c
2024/25,Highland,Kyleakin Primary School,"P1, P4 & P7 combined",Writing - % Meeting Level,c
2024/25,Highland,Kyleakin Primary School,P4,Listening & Talking - % Meeting Level,c
2024/25,Highland,Kyleakin Primary School,P4,Numeracy - % Meeting Level,c
2024/25,Highland,Kyleakin Primary School,P4,Reading - % Meeting Level,c
2024/25,Highland,Kyleakin Primary School,P4,Writing - % Meeting Level,c
2024/25,Highland,Kyleakin Primary School,P7,Listening & Talking - % Meeting Level,c
2024/25,Highland,Kyleakin Primary School,P7,Numeracy - % Meeting Level,c
2024/25,Highland,Kyleakin Primary School,P7,Reading - % Meeting Level,c
2024/25,Highland,Kyleakin Primary School,P7,Writing - % Meeting Level,c
2024/25,Highland,Lady Lovat Primary School,P1,Listening & Talking - % Meeting Level,c
2024/25,Highland,Lady Lovat Primary School,P1,Numeracy - % Meeting Level,c
2024/25,Highland,Lady Lovat Primary School,P1,Reading - % Meeting Level,c
2024/25,Highland,Lady Lovat Primary School,P1,Writing - % Meeting Level,c
2024/25,Highland,Lady Lovat Primary School,"P1, P4 & P7 combined",Listening & Talking - % Meeting Level,c
2024/25,Highland,Lady Lovat Primary School,"P1, P4 & P7 combined",Numeracy - % Meeting Level,c
2024/25,Highland,Lady Lovat Primary School,"P1, P4 & P7 combined",Reading - % Meeting Level,c
2024/25,Highland,Lady Lovat Primary School,"P1, P4 & P7 combined",Writing - % Meeting Level,c
2024/25,Highland,Lady Lovat Primary School,P4,Listening & Talking - % Meeting Level,c
2024/25,Highland,Lady Lovat Primary School,P4,Numeracy - % Meeting Level,c
2024/25,Highland,Lady Lovat Primary School,P4,Reading - % Meeting Level,c
2024/25,Highland,Lady Lovat Primary School,P4,Writing - % Meeting Level,c
2024/25,Highland,Lady Lovat Primary School,P7,Listening & Talking - % Meeting Level,c
2024/25,Highland,Lady Lovat Primary School,P7,Numeracy - % Meeting Level,c
2024/25,Highland,Lady Lovat Primary School,P7,Reading - % Meeting Level,c
2024/25,Highland,Lady Lovat Primary School,P7,Writing - % Meeting Level,c
2024/25,Highland,Lairg Primary School,P1,Listening & Talking - % Meeting Level,c
2024/25,Highland,Lairg Primary School,P1,Numeracy - % Meeting Level,c
2024/25,Highland,Lairg Primary School,P1,Reading - % Meeting Level,c
2024/25,Highland,Lairg Primary School,P1,Writing - % Meeting Level,c
2024/25,Highland,Lairg Primary School,"P1, P4 & P7 combined",Listening & Talking - % Meeting Level,90+%
2024/25,Highland,Lairg Primary School,"P1, P4 & P7 combined",Numeracy - % Meeting Level,90+%
2024/25,Highland,Lairg Primary School,"P1, P4 & P7 combined",Reading - % Meeting Level,90+%
2024/25,Highland,Lairg Primary School,"P1, P4 & P7 combined",Writing - % Meeting Level,80-90%
2024/25,Highland,Lairg Primary School,P4,Listening & Talking - % Meeting Level,c
2024/25,Highland,Lairg Primary School,P4,Numeracy - % Meeting Level,c
2024/25,Highland,Lairg Primary School,P4,Reading - % Meeting Level,c
2024/25,Highland,Lairg Primary School,P4,Writing - % Meeting Level,c
2024/25,Highland,Lairg Primary School,P7,Listening & Talking - % Meeting Level,c
2024/25,Highland,Lairg Primary School,P7,Numeracy - % Meeting Level,c
2024/25,Highland,Lairg Primary School,P7,Reading - % Meeting Level,c
2024/25,Highland,Lairg Primary School,P7,Writing - % Meeting Level,c
2024/25,Highland,Loch Duich Primary School,"P1, P4 & P7 combined",Listening & Talking - % Meeting Level,c
2024/25,Highland,Loch Duich Primary School,"P1, P4 & P7 combined",Numeracy - % Meeting Level,c
2024/25,Highland,Loch Duich Primary School,"P1, P4 & P7 combined",Reading - % Meeting Level,c
2024/25,Highland,Loch Duich Primary School,"P1, P4 & P7 combined",Writing - % Meeting Level,c
2024/25,Highland,Loch Duich Primary School,P4,Listening & Talking - % Meeting Level,c
2024/25,Highland,Loch Duich Primary School,P4,Numeracy - % Meeting Level,c
2024/25,Highland,Loch Duich Primary School,P4,Reading - % Meeting Level,c
2024/25,Highland,Loch Duich Primary School,P4,Writing - % Meeting Level,c
2024/25,Highland,Loch Duich Primary School,P7,Listening & Talking - % Meeting Level,c
2024/25,Highland,Loch Duich Primary School,P7,Numeracy - % Meeting Level,c
2024/25,Highland,Loch Duich Primary School,P7,Reading - % Meeting Level,c
2024/25,Highland,Loch Duich Primary School,P7,Writing - % Meeting Level,c
2024/25,Highland,Lochaline Primary School,P1,Listening & Talking - % Meeting Level,c
2024/25,Highland,Lochaline Primary School,P1,Numeracy - % Meeting Level,c
2024/25,Highland,Lochaline Primary School,P1,Reading - % Meeting Level,c
2024/25,Highland,Lochaline Primary School,P1,Writing - % Meeting Level,c
2024/25,Highland,Lochaline Primary School,"P1, P4 & P7 combined",Listening & Talking - % Meeting Level,c
2024/25,Highland,Lochaline Primary School,"P1, P4 & P7 combined",Numeracy - % Meeting Level,c
2024/25,Highland,Lochaline Primary School,"P1, P4 & P7 combined",Reading - % Meeting Level,c
2024/25,Highland,Lochaline Primary School,"P1, P4 & P7 combined",Writing - % Meeting Level,c
2024/25,Highland,Lochaline Primary School,P4,Listening & Talking - % Meeting Level,c
2024/25,Highland,Lochaline Primary School,P4,Numeracy - % Meeting Level,c
2024/25,Highland,Lochaline Primary School,P4,Reading - % Meeting Level,c
2024/25,Highland,Lochaline Primary School,P4,Writing - % Meeting Level,c
2024/25,Highland,Lochaline Primary School,P7,Listening & Talking - % Meeting Level,c
2024/25,Highland,Lochaline Primary School,P7,Numeracy - % Meeting Level,c
2024/25,Highland,Lochaline Primary School,P7,Reading - % Meeting Level,c
2024/25,Highland,Lochaline Primary School,P7,Writing - % Meeting Level,c
2024/25,Highland,Lochardil Primary School,P1,Listening & Talking - % Meeting Level,80-90%
2024/25,Highland,Lochardil Primary School,P1,Numeracy - % Meeting Level,80-90%
2024/25,Highland,Lochardil Primary School,P1,Reading - % Meeting Level,80-90%
2024/25,Highland,Lochardil Primary School,P1,Writing - % Meeting Level,70-80%
2024/25,Highland,Lochardil Primary School,"P1, P4 & P7 combined",Listening & Talking - % Meeting Level,90+%
2024/25,Highland,Lochardil Primary School,"P1, P4 & P7 combined",Numeracy - % Meeting Level,90+%
2024/25,Highland,Lochardil Primary School,"P1, P4 & P7 combined",Reading - % Meeting Level,90+%
2024/25,Highland,Lochardil Primary School,"P1, P4 & P7 combined",Writing - % Meeting Level,80-90%
2024/25,Highland,Lochardil Primary School,P4,Listening & Talking - % Meeting Level,90+%
2024/25,Highland,Lochardil Primary School,P4,Numeracy - % Meeting Level,90+%
2024/25,Highland,Lochardil Primary School,P4,Reading - % Meeting Level,90+%
2024/25,Highland,Lochardil Primary School,P4,Writing - % Meeting Level,80-90%
2024/25,Highland,Lochardil Primary School,P7,Listening & Talking - % Meeting Level,90+%
2024/25,Highland,Lochardil Primary School,P7,Numeracy - % Meeting Level,90+%
2024/25,Highland,Lochardil Primary School,P7,Reading - % Meeting Level,90+%
2024/25,Highland,Lochardil Primary School,P7,Writing - % Meeting Level,90+%
2024/25,Highland,Lochcarron Primary School,P1,Listening & Talking - % Meeting Level,c
2024/25,Highland,Lochcarron Primary School,P1,Numeracy - % Meeting Level,c
2024/25,Highland,Lochcarron Primary School,P1,Reading - % Meeting Level,c
2024/25,Highland,Lochcarron Primary School,P1,Writing - % Meeting Level,c
2024/25,Highland,Lochcarron Primary School,"P1, P4 & P7 combined",Listening & Talking - % Meeting Level,c
2024/25,Highland,Lochcarron Primary School,"P1, P4 & P7 combined",Numeracy - % Meeting Level,c
2024/25,Highland,Lochcarron Primary School,"P1, P4 & P7 combined",Reading - % Meeting Level,c
2024/25,Highland,Lochcarron Primary School,"P1, P4 & P7 combined",Writing - % Meeting Level,c
2024/25,Highland,Lochcarron Primary School,P4,Listening & Talking - % Meeting Level,c
2024/25,Highland,Lochcarron Primary School,P4,Numeracy - % Meeting Level,c
2024/25,Highland,Lochcarron Primary School,P4,Reading - % Meeting Level,c
2024/25,Highland,Lochcarron Primary School,P4,Writing - % Meeting Level,c
2024/25,Highland,Lochcarron Primary School,P7,Listening & Talking - % Meeting Level,c
2024/25,Highland,Lochcarron Primary School,P7,Numeracy - % Meeting Level,c
2024/25,Highland,Lochcarron Primary School,P7,Reading - % Meeting Level,c
2024/25,Highland,Lochcarron Primary School,P7,Writing - % Meeting Level,c
2024/25,Highland,Lochinver Primary School,P1,Listening & Talking - % Meeting Level,c
2024/25,Highland,Lochinver Primary School,P1,Numeracy - % Meeting Level,c
2024/25,Highland,Lochinver Primary School,P1,Reading - % Meeting Level,c
2024/25,Highland,Lochinver Primary School,P1,Writing - % Meeting Level,c
2024/25,Highland,Lochinver Primary School,"P1, P4 & P7 combined",Listening & Talking - % Meeting Level,c
2024/25,Highland,Lochinver Primary School,"P1, P4 & P7 combined",Numeracy - % Meeting Level,c
2024/25,Highland,Lochinver Primary School,"P1, P4 & P7 combined",Reading - % Meeting Level,c
2024/25,Highland,Lochinver Primary School,"P1, P4 & P7 combined",Writing - % Meeting Level,c
2024/25,Highland,Lochinver Primary School,P4,Listening & Talking - % Meeting Level,c
2024/25,Highland,Lochinver Primary School,P4,Numeracy - % Meeting Level,c
2024/25,Highland,Lochinver Primary School,P4,Reading - % Meeting Level,c
2024/25,Highland,Lochinver Primary School,P4,Writing - % Meeting Level,c
2024/25,Highland,Lochinver Primary School,P7,Listening & Talking - % Meeting Level,c
2024/25,Highland,Lochinver Primary School,P7,Numeracy - % Meeting Level,c
2024/25,Highland,Lochinver Primary School,P7,Reading - % Meeting Level,c
2024/25,Highland,Lochinver Primary School,P7,Writing - % Meeting Level,c
2024/25,Highland,Lundavra Primary School,P1,Listening & Talking - % Meeting Level,60-70%
2024/25,Highland,Lundavra Primary School,P1,Numeracy - % Meeting Level,70-80%
2024/25,Highland,Lundavra Primary School,P1,Reading - % Meeting Level,60-70%
2024/25,Highland,Lundavra Primary School,P1,Writing - % Meeting Level,40-50%
2024/25,Highland,Lundavra Primary School,"P1, P4 & P7 combined",Listening & Talking - % Meeting Level,70-80%
2024/25,Highland,Lundavra Primary School,"P1, P4 & P7 combined",Numeracy - % Meeting Level,60-70%
2024/25,Highland,Lundavra Primary School,"P1, P4 & P7 combined",Reading - % Meeting Level,60-70%
2024/25,Highland,Lundavra Primary School,"P1, P4 & P7 combined",Writing - % Meeting Level,50-60%
2024/25,Highland,Lundavra Primary School,P4,Listening & Talking - % Meeting Level,60-70%
2024/25,Highland,Lundavra Primary School,P4,Numeracy - % Meeting Level,40-50%
2024/25,Highland,Lundavra Primary School,P4,Reading - % Meeting Level,60-70%
2024/25,Highland,Lundavra Primary School,P4,Writing - % Meeting Level,60-70%
2024/25,Highland,Lundavra Primary School,P7,Listening & Talking - % Meeting Level,80-90%
2024/25,Highland,Lundavra Primary School,P7,Numeracy - % Meeting Level,70-80%
2024/25,Highland,Lundavra Primary School,P7,Reading - % Meeting Level,70-80%
2024/25,Highland,Lundavra Primary School,P7,Writing - % Meeting Level,60-70%
2024/25,Highland,Lybster Primary School,P1,Listening & Talking - % Meeting Level,c
2024/25,Highland,Lybster Primary School,P1,Numeracy - % Meeting Level,c
2024/25,Highland,Lybster Primary School,P1,Reading - % Meeting Level,c
2024/25,Highland,Lybster Primary School,P1,Writing - % Meeting Level,c
2024/25,Highland,Lybster Primary School,"P1, P4 & P7 combined",Listening & Talking - % Meeting Level,80-90%
2024/25,Highland,Lybster Primary School,"P1, P4 & P7 combined",Numeracy - % Meeting Level,80-90%
2024/25,Highland,Lybster Primary School,"P1, P4 & P7 combined",Reading - % Meeting Level,70-80%
2024/25,Highland,Lybster Primary School,"P1, P4 & P7 combined",Writing - % Meeting Level,70-80%
2024/25,Highland,Lybster Primary School,P4,Listening & Talking - % Meeting Level,c
2024/25,Highland,Lybster Primary School,P4,Numeracy - % Meeting Level,c
2024/25,Highland,Lybster Primary School,P4,Reading - % Meeting Level,c
2024/25,Highland,Lybster Primary School,P4,Writing - % Meeting Level,c
2024/25,Highland,Lybster Primary School,P7,Listening & Talking - % Meeting Level,c
2024/25,Highland,Lybster Primary School,P7,Numeracy - % Meeting Level,c
2024/25,Highland,Lybster Primary School,P7,Reading - % Meeting Level,c
2024/25,Highland,Lybster Primary School,P7,Writing - % Meeting Level,c
2024/25,Highland,Macdiarmid Primary School,P1,Listening & Talking - % Meeting Level,c
2024/25,Highland,Macdiarmid Primary School,P1,Numeracy - % Meeting Level,c
2024/25,Highland,Macdiarmid Primary School,P1,Reading - % Meeting Level,c
2024/25,Highland,Macdiarmid Primary School,P1,Writing - % Meeting Level,c
2024/25,Highland,Macdiarmid Primary School,"P1, P4 & P7 combined",Listening & Talking - % Meeting Level,c
2024/25,Highland,Macdiarmid Primary School,"P1, P4 & P7 combined",Numeracy - % Meeting Level,c
2024/25,Highland,Macdiarmid Primary School,"P1, P4 & P7 combined",Reading - % Meeting Level,c
2024/25,Highland,Macdiarmid Primary School,"P1, P4 & P7 combined",Writing - % Meeting Level,c
2024/25,Highland,Macdiarmid Primary School,P4,Listening & Talking - % Meeting Level,c
2024/25,Highland,Macdiarmid Primary School,P4,Numeracy - % Meeting Level,c
2024/25,Highland,Macdiarmid Primary School,P4,Reading - % Meeting Level,c
2024/25,Highland,Macdiarmid Primary School,P4,Writing - % Meeting Level,c
2024/25,Highland,Macdiarmid Primary School,P7,Listening & Talking - % Meeting Level,c
2024/25,Highland,Macdiarmid Primary School,P7,Numeracy - % Meeting Level,c
2024/25,Highland,Macdiarmid Primary School,P7,Reading - % Meeting Level,c
2024/25,Highland,Macdiarmid Primary School,P7,Writing - % Meeting Level,c
2024/25,Highland,Mallaig Primary School,P1,Listening & Talking - % Meeting Level,c
2024/25,Highland,Mallaig Primary School,P1,Numeracy - % Meeting Level,c
2024/25,Highland,Mallaig Primary School,P1,Reading - % Meeting Level,c
2024/25,Highland,Mallaig Primary School,P1,Writing - % Meeting Level,c
2024/25,Highland,Mallaig Primary School,"P1, P4 & P7 combined",Listening & Talking - % Meeting Level,c
2024/25,Highland,Mallaig Primary School,"P1, P4 & P7 combined",Numeracy - % Meeting Level,60-70%
2024/25,Highland,Mallaig Primary School,"P1, P4 & P7 combined",Reading - % Meeting Level,c
2024/25,Highland,Mallaig Primary School,"P1, P4 & P7 combined",Writing - % Meeting Level,c
2024/25,Highland,Mallaig Primary School,P4,Listening & Talking - % Meeting Level,c
2024/25,Highland,Mallaig Primary School,P4,Numeracy - % Meeting Level,c
2024/25,Highland,Mallaig Primary School,P4,Reading - % Meeting Level,c
2024/25,Highland,Mallaig Primary School,P4,Writing - % Meeting Level,c
2024/25,Highland,Mallaig Primary School,P7,Listening & Talking - % Meeting Level,c
2024/25,Highland,Mallaig Primary School,P7,Numeracy - % Meeting Level,c
2024/25,Highland,Mallaig Primary School,P7,Reading - % Meeting Level,c
2024/25,Highland,Mallaig Primary School,P7,Writing - % Meeting Level,c
2024/25,Highland,Marybank Primary School,P1,Listening & Talking - % Meeting Level,c
2024/25,Highland,Marybank Primary School,P1,Numeracy - % Meeting Level,c
2024/25,Highland,Marybank Primary School,P1,Reading - % Meeting Level,c
2024/25,Highland,Marybank Primary School,P1,Writing - % Meeting Level,c
2024/25,Highland,Marybank Primary School,"P1, P4 & P7 combined",Listening & Talking - % Meeting Level,c
2024/25,Highland,Marybank Primary School,"P1, P4 & P7 combined",Numeracy - % Meeting Level,c
2024/25,Highland,Marybank Primary School,"P1, P4 & P7 combined",Reading - % Meeting Level,c
2024/25,Highland,Marybank Primary School,"P1, P4 & P7 combined",Writing - % Meeting Level,c
2024/25,Highland,Marybank Primary School,P4,Listening & Talking - % Meeting Level,c
2024/25,Highland,Marybank Primary School,P4,Numeracy - % Meeting Level,c
2024/25,Highland,Marybank Primary School,P4,Reading - % Meeting Level,c
2024/25,Highland,Marybank Primary School,P4,Writing - % Meeting Level,c
2024/25,Highland,Marybank Primary School,P7,Listening & Talking - % Meeting Level,c
2024/25,Highland,Marybank Primary School,P7,Numeracy - % Meeting Level,c
2024/25,Highland,Marybank Primary School,P7,Reading - % Meeting Level,c
2024/25,Highland,Marybank Primary School,P7,Writing - % Meeting Level,c
2024/25,Highland,Melvich Primary School,P1,Listening & Talking - % Meeting Level,c
2024/25,Highland,Melvich Primary School,P1,Numeracy - % Meeting Level,c
2024/25,Highland,Melvich Primary School,P1,Reading - % Meeting Level,c
2024/25,Highland,Melvich Primary School,P1,Writing - % Meeting Level,c
2024/25,Highland,Melvich Primary School,"P1, P4 & P7 combined",Listening & Talking - % Meeting Level,c
2024/25,Highland,Melvich Primary School,"P1, P4 & P7 combined",Numeracy - % Meeting Level,c
2024/25,Highland,Melvich Primary School,"P1, P4 & P7 combined",Reading - % Meeting Level,c
2024/25,Highland,Melvich Primary School,"P1, P4 & P7 combined",Writing - % Meeting Level,c
2024/25,Highland,Melvich Primary School,P4,Listening & Talking - % Meeting Level,c
2024/25,Highland,Melvich Primary School,P4,Numeracy - % Meeting Level,c
2024/25,Highland,Melvich Primary School,P4,Reading - % Meeting Level,c
2024/25,Highland,Melvich Primary School,P4,Writing - % Meeting Level,c
2024/25,Highland,Melvich Primary School,P7,Listening & Talking - % Meeting Level,c
2024/25,Highland,Melvich Primary School,P7,Numeracy - % Meeting Level,c
2024/25,Highland,Melvich Primary School,P7,Reading - % Meeting Level,c
2024/25,Highland,Melvich Primary School,P7,Writing - % Meeting Level,c
2024/25,Highland,Merkinch Primary School,P1,Listening & Talking - % Meeting Level,40-50%
2024/25,Highland,Merkinch Primary School,P1,Numeracy - % Meeting Level,40-50%
2024/25,Highland,Merkinch Primary School,P1,Reading - % Meeting Level,30-40%
2024/25,Highland,Merkinch Primary School,P1,Writing - % Meeting Level,30-40%
2024/25,Highland,Merkinch Primary School,"P1, P4 & P7 combined",Listening & Talking - % Meeting Level,60-70%
2024/25,Highland,Merkinch Primary School,"P1, P4 & P7 combined",Numeracy - % Meeting Level,40-50%
2024/25,Highland,Merkinch Primary School,"P1, P4 & P7 combined",Reading - % Meeting Level,50-60%
2024/25,Highland,Merkinch Primary School,"P1, P4 & P7 combined",Writing - % Meeting Level,40-50%
2024/25,Highland,Merkinch Primary School,P4,Listening & Talking - % Meeting Level,c
2024/25,Highland,Merkinch Primary School,P4,Numeracy - % Meeting Level,c
2024/25,Highland,Merkinch Primary School,P4,Reading - % Meeting Level,c
2024/25,Highland,Merkinch Primary School,P4,Writing - % Meeting Level,c
2024/25,Highland,Merkinch Primary School,P7,Listening & Talking - % Meeting Level,70-80%
2024/25,Highland,Merkinch Primary School,P7,Numeracy - % Meeting Level,50-60%
2024/25,Highland,Merkinch Primary School,P7,Reading - % Meeting Level,50-60%
2024/25,Highland,Merkinch Primary School,P7,Writing - % Meeting Level,40-50%
2024/25,Highland,Millbank Primary School,P1,Listening & Talking - % Meeting Level,70-80%
2024/25,Highland,Millbank Primary School,P1,Numeracy - % Meeting Level,60-70%
2024/25,Highland,Millbank Primary School,P1,Reading - % Meeting Level,70-80%
2024/25,Highland,Millbank Primary School,P1,Writing - % Meeting Level,60-70%
2024/25,Highland,Millbank Primary School,"P1, P4 & P7 combined",Listening & Talking - % Meeting Level,80-90%
2024/25,Highland,Millbank Primary School,"P1, P4 & P7 combined",Numeracy - % Meeting Level,60-70%
2024/25,Highland,Millbank Primary School,"P1, P4 & P7 combined",Reading - % Meeting Level,70-80%
2024/25,Highland,Millbank Primary School,"P1, P4 & P7 combined",Writing - % Meeting Level,60-70%
2024/25,Highland,Millbank Primary School,P4,Listening & Talking - % Meeting Level,70-80%
2024/25,Highland,Millbank Primary School,P4,Numeracy - % Meeting Level,60-70%
2024/25,Highland,Millbank Primary School,P4,Reading - % Meeting Level,60-70%
2024/25,Highland,Millbank Primary School,P4,Writing - % Meeting Level,60-70%
2024/25,Highland,Millbank Primary School,P7,Listening & Talking - % Meeting Level,90+%
2024/25,Highland,Millbank Primary School,P7,Numeracy - % Meeting Level,60-70%
2024/25,Highland,Millbank Primary School,P7,Reading - % Meeting Level,70-80%
2024/25,Highland,Millbank Primary School,P7,Writing - % Meeting Level,60-70%
2024/25,Highland,Miller Academy Primary School,P1,Listening & Talking - % Meeting Level,80-90%
2024/25,Highland,Miller Academy Primary School,P1,Numeracy - % Meeting Level,70-80%
2024/25,Highland,Miller Academy Primary School,P1,Reading - % Meeting Level,60-70%
2024/25,Highland,Miller Academy Primary School,P1,Writing - % Meeting Level,60-70%
2024/25,Highland,Miller Academy Primary School,"P1, P4 & P7 combined",Listening & Talking - % Meeting Level,80-90%
2024/25,Highland,Miller Academy Primary School,"P1, P4 & P7 combined",Numeracy - % Meeting Level,70-80%
2024/25,Highland,Miller Academy Primary School,"P1, P4 & P7 combined",Reading - % Meeting Level,70-80%
2024/25,Highland,Miller Academy Primary School,"P1, P4 & P7 combined",Writing - % Meeting Level,60-70%
2024/25,Highland,Miller Academy Primary School,P4,Listening & Talking - % Meeting Level,90+%
2024/25,Highland,Miller Academy Primary School,P4,Numeracy - % Meeting Level,70-80%
2024/25,Highland,Miller Academy Primary School,P4,Reading - % Meeting Level,90+%
2024/25,Highland,Miller Academy Primary School,P4,Writing - % Meeting Level,50-60%
2024/25,Highland,Miller Academy Primary School,P7,Listening & Talking - % Meeting Level,70-80%
2024/25,Highland,Miller Academy Primary School,P7,Numeracy - % Meeting Level,70-80%
2024/25,Highland,Miller Academy Primary School,P7,Reading - % Meeting Level,60-70%
2024/25,Highland,Miller Academy Primary School,P7,Writing - % Meeting Level,70-80%
2024/25,Highland,Milton Primary School,P1,Listening & Talking - % Meeting Level,c
2024/25,Highland,Milton Primary School,P1,Numeracy - % Meeting Level,c
2024/25,Highland,Milton Primary School,P1,Reading - % Meeting Level,c
2024/25,Highland,Milton Primary School,P1,Writing - % Meeting Level,c
2024/25,Highland,Milton Primary School,"P1, P4 & P7 combined",Listening & Talking - % Meeting Level,c
2024/25,Highland,Milton Primary School,"P1, P4 & P7 combined",Numeracy - % Meeting Level,c
2024/25,Highland,Milton Primary School,"P1, P4 & P7 combined",Reading - % Meeting Level,c
2024/25,Highland,Milton Primary School,"P1, P4 & P7 combined",Writing - % Meeting Level,c
2024/25,Highland,Milton Primary School,P4,Listening & Talking - % Meeting Level,c
2024/25,Highland,Milton Primary School,P4,Numeracy - % Meeting Level,c
2024/25,Highland,Milton Primary School,P4,Reading - % Meeting Level,c
2024/25,Highland,Milton Primary School,P4,Writing - % Meeting Level,c
2024/25,Highland,Milton Primary School,P7,Listening & Talking - % Meeting Level,c
2024/25,Highland,Milton Primary School,P7,Numeracy - % Meeting Level,c
2024/25,Highland,Milton Primary School,P7,Reading - % Meeting Level,c
2024/25,Highland,Milton Primary School,P7,Writing - % Meeting Level,c
2024/25,Highland,Milton of Leys Primary School,P1,Listening & Talking - % Meeting Level,80-90%
2024/25,Highland,Milton of Leys Primary School,P1,Numeracy - % Meeting Level,80-90%
2024/25,Highland,Milton of Leys Primary School,P1,Reading - % Meeting Level,60-70%
2024/25,Highland,Milton of Leys Primary School,P1,Writing - % Meeting Level,50-60%
2024/25,Highland,Milton of Leys Primary School,"P1, P4 & P7 combined",Listening & Talking - % Meeting Level,80-90%
2024/25,Highland,Milton of Leys Primary School,"P1, P4 & P7 combined",Numeracy - % Meeting Level,70-80%
2024/25,Highland,Milton of Leys Primary School,"P1, P4 & P7 combined",Reading - % Meeting Level,70-80%
2024/25,Highland,Milton of Leys Primary School,"P1, P4 & P7 combined",Writing - % Meeting Level,60-70%
2024/25,Highland,Milton of Leys Primary School,P4,Listening & Talking - % Meeting Level,80-90%
2024/25,Highland,Milton of Leys Primary School,P4,Numeracy - % Meeting Level,60-70%
2024/25,Highland,Milton of Leys Primary School,P4,Reading - % Meeting Level,80-90%
2024/25,Highland,Milton of Leys Primary School,P4,Writing - % Meeting Level,70-80%
2024/25,Highland,Milton of Leys Primary School,P7,Listening & Talking - % Meeting Level,90+%
2024/25,Highland,Milton of Leys Primary School,P7,Numeracy - % Meeting Level,70-80%
2024/25,Highland,Milton of Leys Primary School,P7,Reading - % Meeting Level,70-80%
2024/25,Highland,Milton of Leys Primary School,P7,Writing - % Meeting Level,60-70%
2024/25,Highland,Mount Pleasant Primary School,P1,Listening & Talking - % Meeting Level,c
2024/25,Highland,Mount Pleasant Primary School,P1,Numeracy - % Meeting Level,c
2024/25,Highland,Mount Pleasant Primary School,P1,Reading - % Meeting Level,c
2024/25,Highland,Mount Pleasant Primary School,P1,Writing - % Meeting Level,c
2024/25,Highland,Mount Pleasant Primary School,"P1, P4 & P7 combined",Listening & Talking - % Meeting Level,80-90%
2024/25,Highland,Mount Pleasant Primary School,"P1, P4 & P7 combined",Numeracy - % Meeting Level,70-80%
2024/25,Highland,Mount Pleasant Primary School,"P1, P4 & P7 combined",Reading - % Meeting Level,60-70%
2024/25,Highland,Mount Pleasant Primary School,"P1, P4 & P7 combined",Writing - % Meeting Level,60-70%
2024/25,Highland,Mount Pleasant Primary School,P4,Listening & Talking - % Meeting Level,80-90%
2024/25,Highland,Mount Pleasant Primary School,P4,Numeracy - % Meeting Level,60-70%
2024/25,Highland,Mount Pleasant Primary School,P4,Reading - % Meeting Level,60-70%
2024/25,Highland,Mount Pleasant Primary School,P4,Writing - % Meeting Level,60-70%
2024/25,Highland,Mount Pleasant Primary School,P7,Listening & Talking - % Meeting Level,80-90%
2024/25,Highland,Mount Pleasant Primary School,P7,Numeracy - % Meeting Level,80-90%
2024/25,Highland,Mount Pleasant Primary School,P7,Reading - % Meeting Level,60-70%
2024/25,Highland,Mount Pleasant Primary School,P7,Writing - % Meeting Level,70-80%
2024/25,Highland,Muck Primary School,P1,Listening & Talking - % Meeting Level,c
2024/25,Highland,Muck Primary School,P1,Numeracy - % Meeting Level,c
2024/25,Highland,Muck Primary School,P1,Reading - % Meeting Level,c
2024/25,Highland,Muck Primary School,P1,Writing - % Meeting Level,c
2024/25,Highland,Muck Primary School,"P1, P4 & P7 combined",Listening & Talking - % Meeting Level,c
2024/25,Highland,Muck Primary School,"P1, P4 & P7 combined",Numeracy - % Meeting Level,c
2024/25,Highland,Muck Primary School,"P1, P4 & P7 combined",Reading - % Meeting Level,c
2024/25,Highland,Muck Primary School,"P1, P4 & P7 combined",Writing - % Meeting Level,c
2024/25,Highland,Muirtown Primary School,P1,Listening & Talking - % Meeting Level,90+%
2024/25,Highland,Muirtown Primary School,P1,Numeracy - % Meeting Level,90+%
2024/25,Highland,Muirtown Primary School,P1,Reading - % Meeting Level,90+%
2024/25,Highland,Muirtown Primary School,P1,Writing - % Meeting Level,80-90%
2024/25,Highland,Muirtown Primary School,"P1, P4 & P7 combined",Listening & Talking - % Meeting Level,90+%
2024/25,Highland,Muirtown Primary School,"P1, P4 & P7 combined",Numeracy - % Meeting Level,80-90%
2024/25,Highland,Muirtown Primary School,"P1, P4 & P7 combined",Reading - % Meeting Level,80-90%
2024/25,Highland,Muirtown Primary School,"P1, P4 & P7 combined",Writing - % Meeting Level,80-90%
2024/25,Highland,Muirtown Primary School,P4,Listening & Talking - % Meeting Level,80-90%
2024/25,Highland,Muirtown Primary School,P4,Numeracy - % Meeting Level,70-80%
2024/25,Highland,Muirtown Primary School,P4,Reading - % Meeting Level,70-80%
2024/25,Highland,Muirtown Primary School,P4,Writing - % Meeting Level,80-90%
2024/25,Highland,Muirtown Primary School,P7,Listening & Talking - % Meeting Level,90+%
2024/25,Highland,Muirtown Primary School,P7,Numeracy - % Meeting Level,70-80%
2024/25,Highland,Muirtown Primary School,P7,Reading - % Meeting Level,90+%
2024/25,Highland,Muirtown Primary School,P7,Writing - % Meeting Level,90+%
2024/25,Highland,Mulbuie Primary School,P1,Listening & Talking - % Meeting Level,c
2024/25,Highland,Mulbuie Primary School,P1,Numeracy - % Meeting Level,c
2024/25,Highland,Mulbuie Primary School,P1,Reading - % Meeting Level,c
2024/25,Highland,Mulbuie Primary School,P1,Writing - % Meeting Level,c
2024/25,Highland,Mulbuie Primary School,"P1, P4 & P7 combined",Listening & Talking - % Meeting Level,c
2024/25,Highland,Mulbuie Primary School,"P1, P4 & P7 combined",Numeracy - % Meeting Level,c
2024/25,Highland,Mulbuie Primary School,"P1, P4 & P7 combined",Reading - % Meeting Level,c
2024/25,Highland,Mulbuie Primary School,"P1, P4 & P7 combined",Writing - % Meeting Level,c
2024/25,Highland,Mulbuie Primary School,P4,Listening & Talking - % Meeting Level,c
2024/25,Highland,Mulbuie Primary School,P4,Numeracy - % Meeting Level,c
2024/25,Highland,Mulbuie Primary School,P4,Reading - % Meeting Level,c
2024/25,Highland,Mulbuie Primary School,P4,Writing - % Meeting Level,c
2024/25,Highland,Mulbuie Primary School,P7,Listening & Talking - % Meeting Level,c
2024/25,Highland,Mulbuie Primary School,P7,Numeracy - % Meeting Level,c
2024/25,Highland,Mulbuie Primary School,P7,Reading - % Meeting Level,c
2024/25,Highland,Mulbuie Primary School,P7,Writing - % Meeting Level,c
2024/25,Highland,Munlochy Primary School,P1,Listening & Talking - % Meeting Level,c
2024/25,Highland,Munlochy Primary School,P1,Numeracy - % Meeting Level,c
2024/25,Highland,Munlochy Primary School,P1,Reading - % Meeting Level,c
2024/25,Highland,Munlochy Primary School,P1,Writing - % Meeting Level,c
2024/25,Highland,Munlochy Primary School,"P1, P4 & P7 combined",Listening & Talking - % Meeting Level,90+%
2024/25,Highland,Munlochy Primary School,"P1, P4 & P7 combined",Numeracy - % Meeting Level,80-90%
2024/25,Highland,Munlochy Primary School,"P1, P4 & P7 combined",Reading - % Meeting Level,70-80%
2024/25,Highland,Munlochy Primary School,"P1, P4 & P7 combined",Writing - % Meeting Level,70-80%
2024/25,Highland,Munlochy Primary School,P4,Listening & Talking - % Meeting Level,c
2024/25,Highland,Munlochy Primary School,P4,Numeracy - % Meeting Level,c
2024/25,Highland,Munlochy Primary School,P4,Reading - % Meeting Level,c
2024/25,Highland,Munlochy Primary School,P4,Writing - % Meeting Level,c
2024/25,Highland,Munlochy Primary School,P7,Listening & Talking - % Meeting Level,c
2024/25,Highland,Munlochy Primary School,P7,Numeracy - % Meeting Level,c
2024/25,Highland,Munlochy Primary School,P7,Reading - % Meeting Level,c
2024/25,Highland,Munlochy Primary School,P7,Writing - % Meeting Level,c
2024/25,Highland,Ness Castle Primary School,P1,Listening & Talking - % Meeting Level,90+%
2024/25,Highland,Ness Castle Primary School,P1,Numeracy - % Meeting Level,90+%
2024/25,Highland,Ness Castle Primary School,P1,Reading - % Meeting Level,80-90%
2024/25,Highland,Ness Castle Primary School,P1,Writing - % Meeting Level,80-90%
2024/25,Highland,Ness Castle Primary School,"P1, P4 & P7 combined",Listening & Talking - % Meeting Level,90+%
2024/25,Highland,Ness Castle Primary School,"P1, P4 & P7 combined",Numeracy - % Meeting Level,70-80%
2024/25,Highland,Ness Castle Primary School,"P1, P4 & P7 combined",Reading - % Meeting Level,80-90%
2024/25,Highland,Ness Castle Primary School,"P1, P4 & P7 combined",Writing - % Meeting Level,70-80%
2024/25,Highland,Ness Castle Primary School,P4,Listening & Talking - % Meeting Level,90+%
2024/25,Highland,Ness Castle Primary School,P4,Numeracy - % Meeting Level,50-60%
2024/25,Highland,Ness Castle Primary School,P4,Reading - % Meeting Level,80-90%
2024/25,Highland,Ness Castle Primary School,P4,Writing - % Meeting Level,50-60%
2024/25,Highland,Ness Castle Primary School,P7,Listening & Talking - % Meeting Level,90+%
2024/25,Highland,Ness Castle Primary School,P7,Numeracy - % Meeting Level,60-70%
2024/25,Highland,Ness Castle Primary School,P7,Reading - % Meeting Level,70-80%
2024/25,Highland,Ness Castle Primary School,P7,Writing - % Meeting Level,70-80%
2024/25,Highland,Newmore Primary School,P1,Listening & Talking - % Meeting Level,c
2024/25,Highland,Newmore Primary School,P1,Numeracy - % Meeting Level,c
2024/25,Highland,Newmore Primary School,P1,Reading - % Meeting Level,c
2024/25,Highland,Newmore Primary School,P1,Writing - % Meeting Level,c
2024/25,Highland,Newmore Primary School,"P1, P4 & P7 combined",Listening & Talking - % Meeting Level,c
2024/25,Highland,Newmore Primary School,"P1, P4 & P7 combined",Numeracy - % Meeting Level,c
2024/25,Highland,Newmore Primary School,"P1, P4 & P7 combined",Reading - % Meeting Level,c
2024/25,Highland,Newmore Primary School,"P1, P4 & P7 combined",Writing - % Meeting Level,c
2024/25,Highland,Newmore Primary School,P4,Listening & Talking - % Meeting Level,c
2024/25,Highland,Newmore Primary School,P4,Numeracy - % Meeting Level,c
2024/25,Highland,Newmore Primary School,P4,Reading - % Meeting Level,c
2024/25,Highland,Newmore Primary School,P4,Writing - % Meeting Level,c
2024/25,Highland,Newmore Primary School,P7,Listening & Talking - % Meeting Level,c
2024/25,Highland,Newmore Primary School,P7,Numeracy - % Meeting Level,c
2024/25,Highland,Newmore Primary School,P7,Reading - % Meeting Level,c
2024/25,Highland,Newmore Primary School,P7,Writing - % Meeting Level,c
2024/25,Highland,Newton Park Primary,P1,Listening & Talking - % Meeting Level,80-90%
2024/25,Highland,Newton Park Primary,P1,Numeracy - % Meeting Level,70-80%
2024/25,Highland,Newton Park Primary,P1,Reading - % Meeting Level,70-80%
2024/25,Highland,Newton Park Primary,P1,Writing - % Meeting Level,60-70%
2024/25,Highland,Newton Park Primary,"P1, P4 & P7 combined",Listening & Talking - % Meeting Level,80-90%
2024/25,Highland,Newton Park Primary,"P1, P4 & P7 combined",Numeracy - % Meeting Level,60-70%
2024/25,Highland,Newton Park Primary,"P1, P4 & P7 combined",Reading - % Meeting Level,70-80%
2024/25,Highland,Newton Park Primary,"P1, P4 & P7 combined",Writing - % Meeting Level,60-70%
2024/25,Highland,Newton Park Primary,P4,Listening & Talking - % Meeting Level,90+%
2024/25,Highland,Newton Park Primary,P4,Numeracy - % Meeting Level,50-60%
2024/25,Highland,Newton Park Primary,P4,Reading - % Meeting Level,70-80%
2024/25,Highland,Newton Park Primary,P4,Writing - % Meeting Level,50-60%
2024/25,Highland,Newton Park Primary,P7,Listening & Talking - % Meeting Level,80-90%
2024/25,Highland,Newton Park Primary,P7,Numeracy - % Meeting Level,60-70%
2024/25,Highland,Newton Park Primary,P7,Reading - % Meeting Level,70-80%
2024/25,Highland,Newton Park Primary,P7,Writing - % Meeting Level,70-80%
2024/25,Highland,Newtonmore Primary School,P1,Listening & Talking - % Meeting Level,c
2024/25,Highland,Newtonmore Primary School,P1,Numeracy - % Meeting Level,c
2024/25,Highland,Newtonmore Primary School,P1,Reading - % Meeting Level,c
2024/25,Highland,Newtonmore Primary School,P1,Writing - % Meeting Level,c
2024/25,Highland,Newtonmore Primary School,"P1, P4 & P7 combined",Listening & Talking - % Meeting Level,70-80%
2024/25,Highland,Newtonmore Primary School,"P1, P4 & P7 combined",Numeracy - % Meeting Level,40-50%
2024/25,Highland,Newtonmore Primary School,"P1, P4 & P7 combined",Reading - % Meeting Level,60-70%
2024/25,Highland,Newtonmore Primary School,"P1, P4 & P7 combined",Writing - % Meeting Level,60-70%
2024/25,Highland,Newtonmore Primary School,P4,Listening & Talking - % Meeting Level,c
2024/25,Highland,Newtonmore Primary School,P4,Numeracy - % Meeting Level,c
2024/25,Highland,Newtonmore Primary School,P4,Reading - % Meeting Level,c
2024/25,Highland,Newtonmore Primary School,P4,Writing - % Meeting Level,c
2024/25,Highland,Newtonmore Primary School,P7,Listening & Talking - % Meeting Level,c
2024/25,Highland,Newtonmore Primary School,P7,Numeracy - % Meeting Level,c
2024/25,Highland,Newtonmore Primary School,P7,Reading - % Meeting Level,c
2024/25,Highland,Newtonmore Primary School,P7,Writing - % Meeting Level,c
2024/25,Highland,North Kessock Primary School,P1,Listening & Talking - % Meeting Level,c
2024/25,Highland,North Kessock Primary School,P1,Numeracy - % Meeting Level,c
2024/25,Highland,North Kessock Primary School,P1,Reading - % Meeting Level,c
2024/25,Highland,North Kessock Primary School,P1,Writing - % Meeting Level,c
2024/25,Highland,North Kessock Primary School,"P1, P4 & P7 combined",Listening & Talking - % Meeting Level,90+%
2024/25,Highland,North Kessock Primary School,"P1, P4 & P7 combined",Numeracy - % Meeting Level,80-90%
2024/25,Highland,North Kessock Primary School,"P1, P4 & P7 combined",Reading - % Meeting Level,90+%
2024/25,Highland,North Kessock Primary School,"P1, P4 & P7 combined",Writing - % Meeting Level,80-90%
2024/25,Highland,North Kessock Primary School,P4,Listening & Talking - % Meeting Level,c
2024/25,Highland,North Kessock Primary School,P4,Numeracy - % Meeting Level,c
2024/25,Highland,North Kessock Primary School,P4,Reading - % Meeting Level,c
2024/25,Highland,North Kessock Primary School,P4,Writing - % Meeting Level,c
2024/25,Highland,North Kessock Primary School,P7,Listening & Talking - % Meeting Level,c
2024/25,Highland,North Kessock Primary School,P7,Numeracy - % Meeting Level,c
2024/25,Highland,North Kessock Primary School,P7,Reading - % Meeting Level,c
2024/25,Highland,North Kessock Primary School,P7,Writing - % Meeting Level,c
2024/25,Highland,Noss primary school,P1,Listening & Talking - % Meeting Level,90+%
2024/25,Highland,Noss primary school,P1,Numeracy - % Meeting Level,70-80%
2024/25,Highland,Noss primary school,P1,Reading - % Meeting Level,60-70%
2024/25,Highland,Noss primary school,P1,Writing - % Meeting Level,60-70%
2024/25,Highland,Noss primary school,"P1, P4 & P7 combined",Listening & Talking - % Meeting Level,90+%
2024/25,Highland,Noss primary school,"P1, P4 & P7 combined",Numeracy - % Meeting Level,60-70%
2024/25,Highland,Noss primary school,"P1, P4 & P7 combined",Reading - % Meeting Level,60-70%
2024/25,Highland,Noss primary school,"P1, P4 & P7 combined",Writing - % Meeting Level,60-70%
2024/25,Highland,Noss primary school,P4,Listening & Talking - % Meeting Level,80-90%
2024/25,Highland,Noss primary school,P4,Numeracy - % Meeting Level,60-70%
2024/25,Highland,Noss primary school,P4,Reading - % Meeting Level,70-80%
2024/25,Highland,Noss primary school,P4,Writing - % Meeting Level,70-80%
2024/25,Highland,Noss primary school,P7,Listening & Talking - % Meeting Level,90+%
2024/25,Highland,Noss primary school,P7,Numeracy - % Meeting Level,70-80%
2024/25,Highland,Noss primary school,P7,Reading - % Meeting Level,60-70%
2024/25,Highland,Noss primary school,P7,Writing - % Meeting Level,60-70%
2024/25,Highland,Obsdale Primary School,P1,Listening & Talking - % Meeting Level,c
2024/25,Highland,Obsdale Primary School,P1,Numeracy - % Meeting Level,c
2024/25,Highland,Obsdale Primary School,P1,Reading - % Meeting Level,c
2024/25,Highland,Obsdale Primary School,P1,Writing - % Meeting Level,c
2024/25,Highland,Obsdale Primary School,"P1, P4 & P7 combined",Listening & Talking - % Meeting Level,70-80%
2024/25,Highland,Obsdale Primary School,"P1, P4 & P7 combined",Numeracy - % Meeting Level,50-60%
2024/25,Highland,Obsdale Primary School,"P1, P4 & P7 combined",Reading - % Meeting Level,60-70%
2024/25,Highland,Obsdale Primary School,"P1, P4 & P7 combined",Writing - % Meeting Level,60-70%
2024/25,Highland,Obsdale Primary School,P4,Listening & Talking - % Meeting Level,c
2024/25,Highland,Obsdale Primary School,P4,Numeracy - % Meeting Level,c
2024/25,Highland,Obsdale Primary School,P4,Reading - % Meeting Level,c
2024/25,Highland,Obsdale Primary School,P4,Writing - % Meeting Level,c
2024/25,Highland,Obsdale Primary School,P7,Listening & Talking - % Meeting Level,c
2024/25,Highland,Obsdale Primary School,P7,Numeracy - % Meeting Level,c
2024/25,Highland,Obsdale Primary School,P7,Reading - % Meeting Level,c
2024/25,Highland,Obsdale Primary School,P7,Writing - % Meeting Level,c
2024/25,Highland,Park Primary School,P1,Listening & Talking - % Meeting Level,c
2024/25,Highland,Park Primary School,P1,Numeracy - % Meeting Level,c
2024/25,Highland,Park Primary School,P1,Reading - % Meeting Level,c
2024/25,Highland,Park Primary School,P1,Writing - % Meeting Level,c
2024/25,Highland,Park Primary School,"P1, P4 & P7 combined",Listening & Talking - % Meeting Level,70-80%
2024/25,Highland,Park Primary School,"P1, P4 & P7 combined",Numeracy - % Meeting Level,50-60%
2024/25,Highland,Park Primary School,"P1, P4 & P7 combined",Reading - % Meeting Level,60-70%
2024/25,Highland,Park Primary School,"P1, P4 & P7 combined",Writing - % Meeting Level,60-70%
2024/25,Highland,Park Primary School,P4,Listening & Talking - % Meeting Level,c
2024/25,Highland,Park Primary School,P4,Numeracy - % Meeting Level,c
2024/25,Highland,Park Primary School,P4,Reading - % Meeting Level,c
2024/25,Highland,Park Primary School,P4,Writing - % Meeting Level,c
2024/25,Highland,Park Primary School,P7,Listening & Talking - % Meeting Level,c
2024/25,Highland,Park Primary School,P7,Numeracy - % Meeting Level,c
2024/25,Highland,Park Primary School,P7,Reading - % Meeting Level,c
2024/25,Highland,Park Primary School,P7,Writing - % Meeting Level,c
2024/25,Highland,Pennyland Primary School,P1,Listening & Talking - % Meeting Level,c
2024/25,Highland,Pennyland Primary School,P1,Numeracy - % Meeting Level,c
2024/25,Highland,Pennyland Primary School,P1,Reading - % Meeting Level,c
2024/25,Highland,Pennyland Primary School,P1,Writing - % Meeting Level,c
2024/25,Highland,Pennyland Primary School,"P1, P4 & P7 combined",Listening & Talking - % Meeting Level,80-90%
2024/25,Highland,Pennyland Primary School,"P1, P4 & P7 combined",Numeracy - % Meeting Level,70-80%
2024/25,Highland,Pennyland Primary School,"P1, P4 & P7 combined",Reading - % Meeting Level,60-70%
2024/25,Highland,Pennyland Primary School,"P1, P4 & P7 combined",Writing - % Meeting Level,60-70%
2024/25,Highland,Pennyland Primary School,P4,Listening & Talking - % Meeting Level,80-90%
2024/25,Highland,Pennyland Primary School,P4,Numeracy - % Meeting Level,60-70%
2024/25,Highland,Pennyland Primary School,P4,Reading - % Meeting Level,50-60%
2024/25,Highland,Pennyland Primary School,P4,Writing - % Meeting Level,60-70%
2024/25,Highland,Pennyland Primary School,P7,Listening & Talking - % Meeting Level,90+%
2024/25,Highland,Pennyland Primary School,P7,Numeracy - % Meeting Level,80-90%
2024/25,Highland,Pennyland Primary School,P7,Reading - % Meeting Level,80-90%
2024/25,Highland,Pennyland Primary School,P7,Writing - % Meeting Level,80-90%
2024/25,Highland,Plockton Primary School,P1,Listening & Talking - % Meeting Level,c
2024/25,Highland,Plockton Primary School,P1,Numeracy - % Meeting Level,c
2024/25,Highland,Plockton Primary School,P1,Reading - % Meeting Level,c
2024/25,Highland,Plockton Primary School,P1,Writing - % Meeting Level,c
2024/25,Highland,Plockton Primary School,"P1, P4 & P7 combined",Listening & Talking - % Meeting Level,c
2024/25,Highland,Plockton Primary School,"P1, P4 & P7 combined",Numeracy - % Meeting Level,c
2024/25,Highland,Plockton Primary School,"P1, P4 & P7 combined",Reading - % Meeting Level,c
2024/25,Highland,Plockton Primary School,"P1, P4 & P7 combined",Writing - % Meeting Level,c
2024/25,Highland,Plockton Primary School,P4,Listening & Talking - % Meeting Level,c
2024/25,Highland,Plockton Primary School,P4,Numeracy - % Meeting Level,c
2024/25,Highland,Plockton Primary School,P4,Reading - % Meeting Level,c
2024/25,Highland,Plockton Primary School,P4,Writing - % Meeting Level,c
2024/25,Highland,Plockton Primary School,P7,Listening & Talking - % Meeting Level,c
2024/25,Highland,Plockton Primary School,P7,Numeracy - % Meeting Level,c
2024/25,Highland,Plockton Primary School,P7,Reading - % Meeting Level,c
2024/25,Highland,Plockton Primary School,P7,Writing - % Meeting Level,c
2024/25,Highland,Poolewe Primary School,"P1, P4 & P7 combined",Listening & Talking - % Meeting Level,c
2024/25,Highland,Poolewe Primary School,"P1, P4 & P7 combined",Numeracy - % Meeting Level,c
2024/25,Highland,Poolewe Primary School,"P1, P4 & P7 combined",Reading - % Meeting Level,c
2024/25,Highland,Poolewe Primary School,"P1, P4 & P7 combined",Writing - % Meeting Level,c
2024/25,Highland,Poolewe Primary School,P4,Listening & Talking - % Meeting Level,c
2024/25,Highland,Poolewe Primary School,P4,Numeracy - % Meeting Level,c
2024/25,Highland,Poolewe Primary School,P4,Reading - % Meeting Level,c
2024/25,Highland,Poolewe Primary School,P4,Writing - % Meeting Level,c
2024/25,Highland,Poolewe Primary School,P7,Listening & Talking - % Meeting Level,c
2024/25,Highland,Poolewe Primary School,P7,Numeracy - % Meeting Level,c
2024/25,Highland,Poolewe Primary School,P7,Reading - % Meeting Level,c
2024/25,Highland,Poolewe Primary School,P7,Writing - % Meeting Level,c
2024/25,Highland,Portree Primary,P1,Listening & Talking - % Meeting Level,90+%
2024/25,Highland,Portree Primary,P1,Numeracy - % Meeting Level,70-80%
2024/25,Highland,Portree Primary,P1,Reading - % Meeting Level,90+%
2024/25,Highland,Portree Primary,P1,Writing - % Meeting Level,90+%
2024/25,Highland,Portree Primary,"P1, P4 & P7 combined",Listening & Talking - % Meeting Level,90+%
2024/25,Highland,Portree Primary,"P1, P4 & P7 combined",Numeracy - % Meeting Level,70-80%
2024/25,Highland,Portree Primary,"P1, P4 & P7 combined",Reading - % Meeting Level,80-90%
2024/25,Highland,Portree Primary,"P1, P4 & P7 combined",Writing - % Meeting Level,70-80%
2024/25,Highland,Portree Primary,P4,Listening & Talking - % Meeting Level,c
2024/25,Highland,Portree Primary,P4,Numeracy - % Meeting Level,c
2024/25,Highland,Portree Primary,P4,Reading - % Meeting Level,c
2024/25,Highland,Portree Primary,P4,Writing - % Meeting Level,c
2024/25,Highland,Portree Primary,P7,Listening & Talking - % Meeting Level,c
2024/25,Highland,Portree Primary,P7,Numeracy - % Meeting Level,c
2024/25,Highland,Portree Primary,P7,Reading - % Meeting Level,c
2024/25,Highland,Portree Primary,P7,Writing - % Meeting Level,c
2024/25,Highland,Raasay Primary School,"P1, P4 & P7 combined",Listening & Talking - % Meeting Level,c
2024/25,Highland,Raasay Primary School,"P1, P4 & P7 combined",Numeracy - % Meeting Level,c
2024/25,Highland,Raasay Primary School,"P1, P4 & P7 combined",Reading - % Meeting Level,c
2024/25,Highland,Raasay Primary School,"P1, P4 & P7 combined",Writing - % Meeting Level,c
2024/25,Highland,Raasay Primary School,P4,Listening & Talking - % Meeting Level,c
2024/25,Highland,Raasay Primary School,P4,Numeracy - % Meeting Level,c
2024/25,Highland,Raasay Primary School,P4,Reading - % Meeting Level,c
2024/25,Highland,Raasay Primary School,P4,Writing - % Meeting Level,c
2024/25,Highland,Raigmore Primary School,P1,Listening & Talking - % Meeting Level,c
2024/25,Highland,Raigmore Primary School,P1,Numeracy - % Meeting Level,c
2024/25,Highland,Raigmore Primary School,P1,Reading - % Meeting Level,c
2024/25,Highland,Raigmore Primary School,P1,Writing - % Meeting Level,c
2024/25,Highland,Raigmore Primary School,"P1, P4 & P7 combined",Listening & Talking - % Meeting Level,70-80%
2024/25,Highland,Raigmore Primary School,"P1, P4 & P7 combined",Numeracy - % Meeting Level,50-60%
2024/25,Highland,Raigmore Primary School,"P1, P4 & P7 combined",Reading - % Meeting Level,60-70%
2024/25,Highland,Raigmore Primary School,"P1, P4 & P7 combined",Writing - % Meeting Level,50-60%
2024/25,Highland,Raigmore Primary School,P4,Listening & Talking - % Meeting Level,70-80%
2024/25,Highland,Raigmore Primary School,P4,Numeracy - % Meeting Level,40-50%
2024/25,Highland,Raigmore Primary School,P4,Reading - % Meeting Level,50-60%
2024/25,Highland,Raigmore Primary School,P4,Writing - % Meeting Level,40-50%
2024/25,Highland,Raigmore Primary School,P7,Listening & Talking - % Meeting Level,c
2024/25,Highland,Raigmore Primary School,P7,Numeracy - % Meeting Level,c
2024/25,Highland,Raigmore Primary School,P7,Reading - % Meeting Level,c
2024/25,Highland,Raigmore Primary School,P7,Writing - % Meeting Level,c
2024/25,Highland,Reay Primary School,P1,Listening & Talking - % Meeting Level,c
2024/25,Highland,Reay Primary School,P1,Numeracy - % Meeting Level,c
2024/25,Highland,Reay Primary School,P1,Reading - % Meeting Level,c
2024/25,Highland,Reay Primary School,P1,Writing - % Meeting Level,c
2024/25,Highland,Reay Primary School,"P1, P4 & P7 combined",Listening & Talking - % Meeting Level,c
2024/25,Highland,Reay Primary School,"P1, P4 & P7 combined",Numeracy - % Meeting Level,c
2024/25,Highland,Reay Primary School,"P1, P4 & P7 combined",Reading - % Meeting Level,c
2024/25,Highland,Reay Primary School,"P1, P4 & P7 combined",Writing - % Meeting Level,c
2024/25,Highland,Reay Primary School,P4,Listening & Talking - % Meeting Level,c
2024/25,Highland,Reay Primary School,P4,Numeracy - % Meeting Level,c
2024/25,Highland,Reay Primary School,P4,Reading - % Meeting Level,c
2024/25,Highland,Reay Primary School,P4,Writing - % Meeting Level,c
2024/25,Highland,Reay Primary School,P7,Listening & Talking - % Meeting Level,c
2024/25,Highland,Reay Primary School,P7,Numeracy - % Meeting Level,c
2024/25,Highland,Reay Primary School,P7,Reading - % Meeting Level,c
2024/25,Highland,Reay Primary School,P7,Writing - % Meeting Level,c
2024/25,Highland,Resolis Primary School,P1,Listening & Talking - % Meeting Level,c
2024/25,Highland,Resolis Primary School,P1,Numeracy - % Meeting Level,c
2024/25,Highland,Resolis Primary School,P1,Reading - % Meeting Level,c
2024/25,Highland,Resolis Primary School,P1,Writing - % Meeting Level,c
2024/25,Highland,Resolis Primary School,"P1, P4 & P7 combined",Listening & Talking - % Meeting Level,90+%
2024/25,Highland,Resolis Primary School,"P1, P4 & P7 combined",Numeracy - % Meeting Level,70-80%
2024/25,Highland,Resolis Primary School,"P1, P4 & P7 combined",Reading - % Meeting Level,70-80%
2024/25,Highland,Resolis Primary School,"P1, P4 & P7 combined",Writing - % Meeting Level,60-70%
2024/25,Highland,Resolis Primary School,P4,Listening & Talking - % Meeting Level,c
2024/25,Highland,Resolis Primary School,P4,Numeracy - % Meeting Level,c
2024/25,Highland,Resolis Primary School,P4,Reading - % Meeting Level,c
2024/25,Highland,Resolis Primary School,P4,Writing - % Meeting Level,c
2024/25,Highland,Resolis Primary School,P7,Listening & Talking - % Meeting Level,c
2024/25,Highland,Resolis Primary School,P7,Numeracy - % Meeting Level,c
2024/25,Highland,Resolis Primary School,P7,Reading - % Meeting Level,c
2024/25,Highland,Resolis Primary School,P7,Writing - % Meeting Level,c
2024/25,Highland,Rogart Primary School,P1,Listening & Talking - % Meeting Level,c
2024/25,Highland,Rogart Primary School,P1,Numeracy - % Meeting Level,c
2024/25,Highland,Rogart Primary School,P1,Reading - % Meeting Level,c
2024/25,Highland,Rogart Primary School,P1,Writing - % Meeting Level,c
2024/25,Highland,Rogart Primary School,"P1, P4 & P7 combined",Listening & Talking - % Meeting Level,c
2024/25,Highland,Rogart Primary School,"P1, P4 & P7 combined",Numeracy - % Meeting Level,c
2024/25,Highland,Rogart Primary School,"P1, P4 & P7 combined",Reading - % Meeting Level,c
2024/25,Highland,Rogart Primary School,"P1, P4 & P7 combined",Writing - % Meeting Level,c
2024/25,Highland,Rogart Primary School,P7,Listening & Talking - % Meeting Level,c
2024/25,Highland,Rogart Primary School,P7,Numeracy - % Meeting Level,c
2024/25,Highland,Rogart Primary School,P7,Reading - % Meeting Level,c
2024/25,Highland,Rogart Primary School,P7,Writing - % Meeting Level,c
2024/25,Highland,Rosebank Primary School,P1,Listening & Talking - % Meeting Level,90+%
2024/25,Highland,Rosebank Primary School,P1,Numeracy - % Meeting Level,90+%
2024/25,Highland,Rosebank Primary School,P1,Reading - % Meeting Level,80-90%
2024/25,Highland,Rosebank Primary School,P1,Writing - % Meeting Level,80-90%
2024/25,Highland,Rosebank Primary School,"P1, P4 & P7 combined",Listening & Talking - % Meeting Level,90+%
2024/25,Highland,Rosebank Primary School,"P1, P4 & P7 combined",Numeracy - % Meeting Level,80-90%
2024/25,Highland,Rosebank Primary School,"P1, P4 & P7 combined",Reading - % Meeting Level,70-80%
2024/25,Highland,Rosebank Primary School,"P1, P4 & P7 combined",Writing - % Meeting Level,70-80%
2024/25,Highland,Rosebank Primary School,P4,Listening & Talking - % Meeting Level,90+%
2024/25,Highland,Rosebank Primary School,P4,Numeracy - % Meeting Level,70-80%
2024/25,Highland,Rosebank Primary School,P4,Reading - % Meeting Level,60-70%
2024/25,Highland,Rosebank Primary School,P4,Writing - % Meeting Level,70-80%
2024/25,Highland,Rosebank Primary School,P7,Listening & Talking - % Meeting Level,90+%
2024/25,Highland,Rosebank Primary School,P7,Numeracy - % Meeting Level,80-90%
2024/25,Highland,Rosebank Primary School,P7,Reading - % Meeting Level,80-90%
2024/25,Highland,Rosebank Primary School,P7,Writing - % Meeting Level,70-80%
2024/25,Highland,Rosehall Primary School,P1,Listening & Talking - % Meeting Level,c
2024/25,Highland,Rosehall Primary School,P1,Numeracy - % Meeting Level,c
2024/25,Highland,Rosehall Primary School,P1,Reading - % Meeting Level,c
2024/25,Highland,Rosehall Primary School,P1,Writing - % Meeting Level,c
2024/25,Highland,Rosehall Primary School,"P1, P4 & P7 combined",Listening & Talking - % Meeting Level,c
2024/25,Highland,Rosehall Primary School,"P1, P4 & P7 combined",Numeracy - % Meeting Level,c
2024/25,Highland,Rosehall Primary School,"P1, P4 & P7 combined",Reading - % Meeting Level,c
2024/25,Highland,Rosehall Primary School,"P1, P4 & P7 combined",Writing - % Meeting Level,c
2024/25,Highland,Rosehall Primary School,P7,Listening & Talking - % Meeting Level,c
2024/25,Highland,Rosehall Primary School,P7,Numeracy - % Meeting Level,c
2024/25,Highland,Rosehall Primary School,P7,Reading - % Meeting Level,c
2024/25,Highland,Rosehall Primary School,P7,Writing - % Meeting Level,c
2024/25,Highland,Rum Primary School,P1,Listening & Talking - % Meeting Level,c
2024/25,Highland,Rum Primary School,P1,Numeracy - % Meeting Level,c
2024/25,Highland,Rum Primary School,P1,Reading - % Meeting Level,c
2024/25,Highland,Rum Primary School,P1,Writing - % Meeting Level,c
2024/25,Highland,Rum Primary School,"P1, P4 & P7 combined",Listening & Talking - % Meeting Level,c
2024/25,Highland,Rum Primary School,"P1, P4 & P7 combined",Numeracy - % Meeting Level,c
2024/25,Highland,Rum Primary School,"P1, P4 & P7 combined",Reading - % Meeting Level,c
2024/25,Highland,Rum Primary School,"P1, P4 & P7 combined",Writing - % Meeting Level,c
2024/25,Highland,Scoraig School,"P1, P4 & P7 combined",Listening & Talking - % Meeting Level,c
2024/25,Highland,Scoraig School,"P1, P4 & P7 combined",Numeracy - % Meeting Level,c
2024/25,Highland,Scoraig School,"P1, P4 & P7 combined",Reading - % Meeting Level,c
2024/25,Highland,Scoraig School,"P1, P4 & P7 combined",Writing - % Meeting Level,c
2024/25,Highland,Scoraig School,P4,Listening & Talking - % Meeting Level,c
2024/25,Highland,Scoraig School,P4,Numeracy - % Meeting Level,c
2024/25,Highland,Scoraig School,P4,Reading - % Meeting Level,c
2024/25,Highland,Scoraig School,P4,Writing - % Meeting Level,c
2024/25,Highland,Scoraig School,P7,Listening & Talking - % Meeting Level,c
2024/25,Highland,Scoraig School,P7,Numeracy - % Meeting Level,c
2024/25,Highland,Scoraig School,P7,Reading - % Meeting Level,c
2024/25,Highland,Scoraig School,P7,Writing - % Meeting Level,c
2024/25,Highland,Scourie Primary School,P1,Listening & Talking - % Meeting Level,c
2024/25,Highland,Scourie Primary School,P1,Numeracy - % Meeting Level,c
2024/25,Highland,Scourie Primary School,P1,Reading - % Meeting Level,c
2024/25,Highland,Scourie Primary School,P1,Writing - % Meeting Level,c
2024/25,Highland,Scourie Primary School,"P1, P4 & P7 combined",Listening & Talking - % Meeting Level,c
2024/25,Highland,Scourie Primary School,"P1, P4 & P7 combined",Numeracy - % Meeting Level,c
2024/25,Highland,Scourie Primary School,"P1, P4 & P7 combined",Reading - % Meeting Level,c
2024/25,Highland,Scourie Primary School,"P1, P4 & P7 combined",Writing - % Meeting Level,c
2024/25,Highland,Scourie Primary School,P4,Listening & Talking - % Meeting Level,c
2024/25,Highland,Scourie Primary School,P4,Numeracy - % Meeting Level,c
2024/25,Highland,Scourie Primary School,P4,Reading - % Meeting Level,c
2024/25,Highland,Scourie Primary School,P4,Writing - % Meeting Level,c
2024/25,Highland,Shieldaig Primary School,P1,Listening & Talking - % Meeting Level,c
2024/25,Highland,Shieldaig Primary School,P1,Numeracy - % Meeting Level,c
2024/25,Highland,Shieldaig Primary School,P1,Reading - % Meeting Level,c
2024/25,Highland,Shieldaig Primary School,P1,Writing - % Meeting Level,c
2024/25,Highland,Shieldaig Primary School,"P1, P4 & P7 combined",Listening & Talking - % Meeting Level,c
2024/25,Highland,Shieldaig Primary School,"P1, P4 & P7 combined",Numeracy - % Meeting Level,c
2024/25,Highland,Shieldaig Primary School,"P1, P4 & P7 combined",Reading - % Meeting Level,c
2024/25,Highland,Shieldaig Primary School,"P1, P4 & P7 combined",Writing - % Meeting Level,c
2024/25,Highland,Shieldaig Primary School,P4,Listening & Talking - % Meeting Level,c
2024/25,Highland,Shieldaig Primary School,P4,Numeracy - % Meeting Level,c
2024/25,Highland,Shieldaig Primary School,P4,Reading - % Meeting Level,c
2024/25,Highland,Shieldaig Primary School,P4,Writing - % Meeting Level,c
2024/25,Highland,Shieldaig Primary School,P7,Listening & Talking - % Meeting Level,c
2024/25,Highland,Shieldaig Primary School,P7,Numeracy - % Meeting Level,c
2024/25,Highland,Shieldaig Primary School,P7,Reading - % Meeting Level,c
2024/25,Highland,Shieldaig Primary School,P7,Writing - % Meeting Level,c
2024/25,Highland,Smithton Primary School,P1,Listening & Talking - % Meeting Level,90+%
2024/25,Highland,Smithton Primary School,P1,Numeracy - % Meeting Level,60-70%
2024/25,Highland,Smithton Primary School,P1,Reading - % Meeting Level,50-60%
2024/25,Highland,Smithton Primary School,P1,Writing - % Meeting Level,60-70%
2024/25,Highland,Smithton Primary School,"P1, P4 & P7 combined",Listening & Talking - % Meeting Level,90+%
2024/25,Highland,Smithton Primary School,"P1, P4 & P7 combined",Numeracy - % Meeting Level,60-70%
2024/25,Highland,Smithton Primary School,"P1, P4 & P7 combined",Reading - % Meeting Level,60-70%
2024/25,Highland,Smithton Primary School,"P1, P4 & P7 combined",Writing - % Meeting Level,60-70%
2024/25,Highland,Smithton Primary School,P4,Listening & Talking - % Meeting Level,80-90%
2024/25,Highland,Smithton Primary School,P4,Numeracy - % Meeting Level,30-40%
2024/25,Highland,Smithton Primary School,P4,Reading - % Meeting Level,50-60%
2024/25,Highland,Smithton Primary School,P4,Writing - % Meeting Level,40-50%
2024/25,Highland,Smithton Primary School,P7,Listening & Talking - % Meeting Level,90+%
2024/25,Highland,Smithton Primary School,P7,Numeracy - % Meeting Level,70-80%
2024/25,Highland,Smithton Primary School,P7,Reading - % Meeting Level,80-90%
2024/25,Highland,Smithton Primary School,P7,Writing - % Meeting Level,60-70%
2024/25,Highland,South Lodge Primary School,P1,Listening & Talking - % Meeting Level,c
2024/25,Highland,South Lodge Primary School,P1,Numeracy - % Meeting Level,c
2024/25,Highland,South Lodge Primary School,P1,Reading - % Meeting Level,c
2024/25,Highland,South Lodge Primary School,P1,Writing - % Meeting Level,c
2024/25,Highland,South Lodge Primary School,"P1, P4 & P7 combined",Listening & Talking - % Meeting Level,80-90%
2024/25,Highland,South Lodge Primary School,"P1, P4 & P7 combined",Numeracy - % Meeting Level,50-60%
2024/25,Highland,South Lodge Primary School,"P1, P4 & P7 combined",Reading - % Meeting Level,60-70%
2024/25,Highland,South Lodge Primary School,"P1, P4 & P7 combined",Writing - % Meeting Level,50-60%
2024/25,Highland,South Lodge Primary School,P4,Listening & Talking - % Meeting Level,c
2024/25,Highland,South Lodge Primary School,P4,Numeracy - % Meeting Level,c
2024/25,Highland,South Lodge Primary School,P4,Reading - % Meeting Level,c
2024/25,Highland,South Lodge Primary School,P4,Writing - % Meeting Level,c
2024/25,Highland,South Lodge Primary School,P7,Listening & Talking - % Meeting Level,90+%
2024/25,Highland,South Lodge Primary School,P7,Numeracy - % Meeting Level,60-70%
2024/25,Highland,South Lodge Primary School,P7,Reading - % Meeting Level,70-80%
2024/25,Highland,South Lodge Primary School,P7,Writing - % Meeting Level,60-70%
2024/25,Highland,Spean Bridge Primary School,P1,Listening & Talking - % Meeting Level,c
2024/25,Highland,Spean Bridge Primary School,P1,Numeracy - % Meeting Level,c
2024/25,Highland,Spean Bridge Primary School,P1,Reading - % Meeting Level,c
2024/25,Highland,Spean Bridge Primary School,P1,Writing - % Meeting Level,c
2024/25,Highland,Spean Bridge Primary School,"P1, P4 & P7 combined",Listening & Talking - % Meeting Level,90+%
2024/25,Highland,Spean Bridge Primary School,"P1, P4 & P7 combined",Numeracy - % Meeting Level,90+%
2024/25,Highland,Spean Bridge Primary School,"P1, P4 & P7 combined",Reading - % Meeting Level,90+%
2024/25,Highland,Spean Bridge Primary School,"P1, P4 & P7 combined",Writing - % Meeting Level,90+%
2024/25,Highland,Spean Bridge Primary School,P4,Listening & Talking - % Meeting Level,c
2024/25,Highland,Spean Bridge Primary School,P4,Numeracy - % Meeting Level,c
2024/25,Highland,Spean Bridge Primary School,P4,Reading - % Meeting Level,c
2024/25,Highland,Spean Bridge Primary School,P4,Writing - % Meeting Level,c
2024/25,Highland,Spean Bridge Primary School,P7,Listening & Talking - % Meeting Level,c
2024/25,Highland,Spean Bridge Primary School,P7,Numeracy - % Meeting Level,c
2024/25,Highland,Spean Bridge Primary School,P7,Reading - % Meeting Level,c
2024/25,Highland,Spean Bridge Primary School,P7,Writing - % Meeting Level,c
2024/25,Highland,St Bride's Primary School,P1,Listening & Talking - % Meeting Level,c
2024/25,Highland,St Bride's Primary School,P1,Numeracy - % Meeting Level,c
2024/25,Highland,St Bride's Primary School,P1,Reading - % Meeting Level,c
2024/25,Highland,St Bride's Primary School,P1,Writing - % Meeting Level,c
2024/25,Highland,St Bride's Primary School,"P1, P4 & P7 combined",Listening & Talking - % Meeting Level,c
2024/25,Highland,St Bride's Primary School,"P1, P4 & P7 combined",Numeracy - % Meeting Level,c
2024/25,Highland,St Bride's Primary School,"P1, P4 & P7 combined",Reading - % Meeting Level,c
2024/25,Highland,St Bride's Primary School,"P1, P4 & P7 combined",Writing - % Meeting Level,c
2024/25,Highland,St Bride's Primary School,P4,Listening & Talking - % Meeting Level,c
2024/25,Highland,St Bride's Primary School,P4,Numeracy - % Meeting Level,c
2024/25,Highland,St Bride's Primary School,P4,Reading - % Meeting Level,c
2024/25,Highland,St Bride's Primary School,P4,Writing - % Meeting Level,c
2024/25,Highland,St Bride's Primary School,P7,Listening & Talking - % Meeting Level,c
2024/25,Highland,St Bride's Primary School,P7,Numeracy - % Meeting Level,c
2024/25,Highland,St Bride's Primary School,P7,Reading - % Meeting Level,c
2024/25,Highland,St Bride's Primary School,P7,Writing - % Meeting Level,c
2024/25,Highland,St Columba's RC Primary School,P1,Listening & Talking - % Meeting Level,c
2024/25,Highland,St Columba's RC Primary School,P1,Numeracy - % Meeting Level,c
2024/25,Highland,St Columba's RC Primary School,P1,Reading - % Meeting Level,c
2024/25,Highland,St Columba's RC Primary School,P1,Writing - % Meeting Level,c
2024/25,Highland,St Columba's RC Primary School,"P1, P4 & P7 combined",Listening & Talking - % Meeting Level,c
2024/25,Highland,St Columba's RC Primary School,"P1, P4 & P7 combined",Numeracy - % Meeting Level,c
2024/25,Highland,St Columba's RC Primary School,"P1, P4 & P7 combined",Reading - % Meeting Level,c
2024/25,Highland,St Columba's RC Primary School,"P1, P4 & P7 combined",Writing - % Meeting Level,c
2024/25,Highland,St Columba's RC Primary School,P4,Listening & Talking - % Meeting Level,c
2024/25,Highland,St Columba's RC Primary School,P4,Numeracy - % Meeting Level,c
2024/25,Highland,St Columba's RC Primary School,P4,Reading - % Meeting Level,c
2024/25,Highland,St Columba's RC Primary School,P4,Writing - % Meeting Level,c
2024/25,Highland,St Columba's RC Primary School,P7,Listening & Talking - % Meeting Level,c
2024/25,Highland,St Columba's RC Primary School,P7,Numeracy - % Meeting Level,c
2024/25,Highland,St Columba's RC Primary School,P7,Reading - % Meeting Level,c
2024/25,Highland,St Columba's RC Primary School,P7,Writing - % Meeting Level,c
2024/25,Highland,St Joseph's RC Primary,P1,Listening & Talking - % Meeting Level,90+%
2024/25,Highland,St Joseph's RC Primary,P1,Numeracy - % Meeting Level,80-90%
2024/25,Highland,St Joseph's RC Primary,P1,Reading - % Meeting Level,90+%
2024/25,Highland,St Joseph's RC Primary,P1,Writing - % Meeting Level,60-70%
2024/25,Highland,St Joseph's RC Primary,"P1, P4 & P7 combined",Listening & Talking - % Meeting Level,90+%
2024/25,Highland,St Joseph's RC Primary,"P1, P4 & P7 combined",Numeracy - % Meeting Level,80-90%
2024/25,Highland,St Joseph's RC Primary,"P1, P4 & P7 combined",Reading - % Meeting Level,80-90%
2024/25,Highland,St Joseph's RC Primary,"P1, P4 & P7 combined",Writing - % Meeting Level,70-80%
2024/25,Highland,St Joseph's RC Primary,P4,Listening & Talking - % Meeting Level,90+%
2024/25,Highland,St Joseph's RC Primary,P4,Numeracy - % Meeting Level,70-80%
2024/25,Highland,St Joseph's RC Primary,P4,Reading - % Meeting Level,80-90%
2024/25,Highland,St Joseph's RC Primary,P4,Writing - % Meeting Level,70-80%
2024/25,Highland,St Joseph's RC Primary,P7,Listening & Talking - % Meeting Level,80-90%
2024/25,Highland,St Joseph's RC Primary,P7,Numeracy - % Meeting Level,80-90%
2024/25,Highland,St Joseph's RC Primary,P7,Reading - % Meeting Level,80-90%
2024/25,Highland,St Joseph's RC Primary,P7,Writing - % Meeting Level,80-90%
2024/25,Highland,Staffin Primary School,P1,Listening & Talking - % Meeting Level,c
2024/25,Highland,Staffin Primary School,P1,Numeracy - % Meeting Level,c
2024/25,Highland,Staffin Primary School,P1,Reading - % Meeting Level,c
2024/25,Highland,Staffin Primary School,P1,Writing - % Meeting Level,c
2024/25,Highland,Staffin Primary School,"P1, P4 & P7 combined",Listening & Talking - % Meeting Level,c
2024/25,Highland,Staffin Primary School,"P1, P4 & P7 combined",Numeracy - % Meeting Level,c
2024/25,Highland,Staffin Primary School,"P1, P4 & P7 combined",Reading - % Meeting Level,c
2024/25,Highland,Staffin Primary School,"P1, P4 & P7 combined",Writing - % Meeting Level,c
2024/25,Highland,Staffin Primary School,P4,Listening & Talking - % Meeting Level,c
2024/25,Highland,Staffin Primary School,P4,Numeracy - % Meeting Level,c
2024/25,Highland,Staffin Primary School,P4,Reading - % Meeting Level,c
2024/25,Highland,Staffin Primary School,P4,Writing - % Meeting Level,c
2024/25,Highland,Staffin Primary School,P7,Listening & Talking - % Meeting Level,c
2024/25,Highland,Staffin Primary School,P7,Numeracy - % Meeting Level,c
2024/25,Highland,Staffin Primary School,P7,Reading - % Meeting Level,c
2024/25,Highland,Staffin Primary School,P7,Writing - % Meeting Level,c
2024/25,Highland,Strathconon Primary School,P1,Listening & Talking - % Meeting Level,c
2024/25,Highland,Strathconon Primary School,P1,Numeracy - % Meeting Level,c
2024/25,Highland,Strathconon Primary School,P1,Reading - % Meeting Level,c
2024/25,Highland,Strathconon Primary School,P1,Writing - % Meeting Level,c
2024/25,Highland,Strathconon Primary School,"P1, P4 & P7 combined",Listening & Talking - % Meeting Level,c
2024/25,Highland,Strathconon Primary School,"P1, P4 & P7 combined",Numeracy - % Meeting Level,c
2024/25,Highland,Strathconon Primary School,"P1, P4 & P7 combined",Reading - % Meeting Level,c
2024/25,Highland,Strathconon Primary School,"P1, P4 & P7 combined",Writing - % Meeting Level,c
2024/25,Highland,Strathconon Primary School,P4,Listening & Talking - % Meeting Level,c
2024/25,Highland,Strathconon Primary School,P4,Numeracy - % Meeting Level,c
2024/25,Highland,Strathconon Primary School,P4,Reading - % Meeting Level,c
2024/25,Highland,Strathconon Primary School,P4,Writing - % Meeting Level,c
2024/25,Highland,Strathconon Primary School,P7,Listening & Talking - % Meeting Level,c
2024/25,Highland,Strathconon Primary School,P7,Numeracy - % Meeting Level,c
2024/25,Highland,Strathconon Primary School,P7,Reading - % Meeting Level,c
2024/25,Highland,Strathconon Primary School,P7,Writing - % Meeting Level,c
2024/25,Highland,Strathdearn Primary School,P1,Listening & Talking - % Meeting Level,c
2024/25,Highland,Strathdearn Primary School,P1,Numeracy - % Meeting Level,c
2024/25,Highland,Strathdearn Primary School,P1,Reading - % Meeting Level,c
2024/25,Highland,Strathdearn Primary School,P1,Writing - % Meeting Level,c
2024/25,Highland,Strathdearn Primary School,"P1, P4 & P7 combined",Listening & Talking - % Meeting Level,c
2024/25,Highland,Strathdearn Primary School,"P1, P4 & P7 combined",Numeracy - % Meeting Level,c
2024/25,Highland,Strathdearn Primary School,"P1, P4 & P7 combined",Reading - % Meeting Level,c
2024/25,Highland,Strathdearn Primary School,"P1, P4 & P7 combined",Writing - % Meeting Level,c
2024/25,Highland,Strathdearn Primary School,P4,Listening & Talking - % Meeting Level,c
2024/25,Highland,Strathdearn Primary School,P4,Numeracy - % Meeting Level,c
2024/25,Highland,Strathdearn Primary School,P4,Reading - % Meeting Level,c
2024/25,Highland,Strathdearn Primary School,P4,Writing - % Meeting Level,c
2024/25,Highland,Strathdearn Primary School,P7,Listening & Talking - % Meeting Level,c
2024/25,Highland,Strathdearn Primary School,P7,Numeracy - % Meeting Level,c
2024/25,Highland,Strathdearn Primary School,P7,Reading - % Meeting Level,c
2024/25,Highland,Strathdearn Primary School,P7,Writing - % Meeting Level,c
2024/25,Highland,Stratherrick Primary School,P1,Listening & Talking - % Meeting Level,c
2024/25,Highland,Stratherrick Primary School,P1,Numeracy - % Meeting Level,c
2024/25,Highland,Stratherrick Primary School,P1,Reading - % Meeting Level,c
2024/25,Highland,Stratherrick Primary School,P1,Writing - % Meeting Level,c
2024/25,Highland,Stratherrick Primary School,"P1, P4 & P7 combined",Listening & Talking - % Meeting Level,c
2024/25,Highland,Stratherrick Primary School,"P1, P4 & P7 combined",Numeracy - % Meeting Level,c
2024/25,Highland,Stratherrick Primary School,"P1, P4 & P7 combined",Reading - % Meeting Level,c
2024/25,Highland,Stratherrick Primary School,"P1, P4 & P7 combined",Writing - % Meeting Level,c
2024/25,Highland,Stratherrick Primary School,P4,Listening & Talking - % Meeting Level,c
2024/25,Highland,Stratherrick Primary School,P4,Numeracy - % Meeting Level,c
2024/25,Highland,Stratherrick Primary School,P4,Reading - % Meeting Level,c
2024/25,Highland,Stratherrick Primary School,P4,Writing - % Meeting Level,c
2024/25,Highland,Strathgarve Primary School,P1,Listening & Talking - % Meeting Level,c
2024/25,Highland,Strathgarve Primary School,P1,Numeracy - % Meeting Level,c
2024/25,Highland,Strathgarve Primary School,P1,Reading - % Meeting Level,c
2024/25,Highland,Strathgarve Primary School,P1,Writing - % Meeting Level,c
2024/25,Highland,Strathgarve Primary School,"P1, P4 & P7 combined",Listening & Talking - % Meeting Level,c
2024/25,Highland,Strathgarve Primary School,"P1, P4 & P7 combined",Numeracy - % Meeting Level,c
2024/25,Highland,Strathgarve Primary School,"P1, P4 & P7 combined",Reading - % Meeting Level,c
2024/25,Highland,Strathgarve Primary School,"P1, P4 & P7 combined",Writing - % Meeting Level,c
2024/25,Highland,Strathgarve Primary School,P4,Listening & Talking - % Meeting Level,c
2024/25,Highland,Strathgarve Primary School,P4,Numeracy - % Meeting Level,c
2024/25,Highland,Strathgarve Primary School,P4,Reading - % Meeting Level,c
2024/25,Highland,Strathgarve Primary School,P4,Writing - % Meeting Level,c
2024/25,Highland,Strathpeffer Primary School,P1,Listening & Talking - % Meeting Level,c
2024/25,Highland,Strathpeffer Primary School,P1,Numeracy - % Meeting Level,c
2024/25,Highland,Strathpeffer Primary School,P1,Reading - % Meeting Level,c
2024/25,Highland,Strathpeffer Primary School,P1,Writing - % Meeting Level,c
2024/25,Highland,Strathpeffer Primary School,"P1, P4 & P7 combined",Listening & Talking - % Meeting Level,80-90%
2024/25,Highland,Strathpeffer Primary School,"P1, P4 & P7 combined",Numeracy - % Meeting Level,60-70%
2024/25,Highland,Strathpeffer Primary School,"P1, P4 & P7 combined",Reading - % Meeting Level,60-70%
2024/25,Highland,Strathpeffer Primary School,"P1, P4 & P7 combined",Writing - % Meeting Level,50-60%
2024/25,Highland,Strathpeffer Primary School,P4,Listening & Talking - % Meeting Level,70-80%
2024/25,Highland,Strathpeffer Primary School,P4,Numeracy - % Meeting Level,50-60%
2024/25,Highland,Strathpeffer Primary School,P4,Reading - % Meeting Level,50-60%
2024/25,Highland,Strathpeffer Primary School,P4,Writing - % Meeting Level,40-50%
2024/25,Highland,Strathpeffer Primary School,P7,Listening & Talking - % Meeting Level,c
2024/25,Highland,Strathpeffer Primary School,P7,Numeracy - % Meeting Level,c
2024/25,Highland,Strathpeffer Primary School,P7,Reading - % Meeting Level,c
2024/25,Highland,Strathpeffer Primary School,P7,Writing - % Meeting Level,c
2024/25,Highland,Strontian Primary School,P1,Listening & Talking - % Meeting Level,c
2024/25,Highland,Strontian Primary School,P1,Numeracy - % Meeting Level,c
2024/25,Highland,Strontian Primary School,P1,Reading - % Meeting Level,c
2024/25,Highland,Strontian Primary School,P1,Writing - % Meeting Level,c
2024/25,Highland,Strontian Primary School,"P1, P4 & P7 combined",Listening & Talking - % Meeting Level,c
2024/25,Highland,Strontian Primary School,"P1, P4 & P7 combined",Numeracy - % Meeting Level,c
2024/25,Highland,Strontian Primary School,"P1, P4 & P7 combined",Reading - % Meeting Level,c
2024/25,Highland,Strontian Primary School,"P1, P4 & P7 combined",Writing - % Meeting Level,c
2024/25,Highland,Strontian Primary School,P4,Listening & Talking - % Meeting Level,c
2024/25,Highland,Strontian Primary School,P4,Numeracy - % Meeting Level,c
2024/25,Highland,Strontian Primary School,P4,Reading - % Meeting Level,c
2024/25,Highland,Strontian Primary School,P4,Writing - % Meeting Level,c
2024/25,Highland,Strontian Primary School,P7,Listening & Talking - % Meeting Level,c
2024/25,Highland,Strontian Primary School,P7,Numeracy - % Meeting Level,c
2024/25,Highland,Strontian Primary School,P7,Reading - % Meeting Level,c
2024/25,Highland,Strontian Primary School,P7,Writing - % Meeting Level,c
2024/25,Highland,Tarbat Old Primary School,"P1, P4 & P7 combined",Listening & Talking - % Meeting Level,c
2024/25,Highland,Tarbat Old Primary School,"P1, P4 & P7 combined",Numeracy - % Meeting Level,c
2024/25,Highland,Tarbat Old Primary School,"P1, P4 & P7 combined",Reading - % Meeting Level,c
2024/25,Highland,Tarbat Old Primary School,"P1, P4 & P7 combined",Writing - % Meeting Level,c
2024/25,Highland,Tarbat Old Primary School,P4,Listening & Talking - % Meeting Level,c
2024/25,Highland,Tarbat Old Primary School,P4,Numeracy - % Meeting Level,c
2024/25,Highland,Tarbat Old Primary School,P4,Reading - % Meeting Level,c
2024/25,Highland,Tarbat Old Primary School,P4,Writing - % Meeting Level,c
2024/25,Highland,Tarbat Old Primary School,P7,Listening & Talking - % Meeting Level,c
2024/25,Highland,Tarbat Old Primary School,P7,Numeracy - % Meeting Level,c
2024/25,Highland,Tarbat Old Primary School,P7,Reading - % Meeting Level,c
2024/25,Highland,Tarbat Old Primary School,P7,Writing - % Meeting Level,c
2024/25,Highland,Tarradale Primary School,P1,Listening & Talking - % Meeting Level,90+%
2024/25,Highland,Tarradale Primary School,P1,Numeracy - % Meeting Level,80-90%
2024/25,Highland,Tarradale Primary School,P1,Reading - % Meeting Level,70-80%
2024/25,Highland,Tarradale Primary School,P1,Writing - % Meeting Level,80-90%
2024/25,Highland,Tarradale Primary School,"P1, P4 & P7 combined",Listening & Talking - % Meeting Level,80-90%
2024/25,Highland,Tarradale Primary School,"P1, P4 & P7 combined",Numeracy - % Meeting Level,80-90%
2024/25,Highland,Tarradale Primary School,"P1, P4 & P7 combined",Reading - % Meeting Level,80-90%
2024/25,Highland,Tarradale Primary School,"P1, P4 & P7 combined",Writing - % Meeting Level,70-80%
2024/25,Highland,Tarradale Primary School,P4,Listening & Talking - % Meeting Level,80-90%
2024/25,Highland,Tarradale Primary School,P4,Numeracy - % Meeting Level,70-80%
2024/25,Highland,Tarradale Primary School,P4,Reading - % Meeting Level,80-90%
2024/25,Highland,Tarradale Primary School,P4,Writing - % Meeting Level,70-80%
2024/25,Highland,Tarradale Primary School,P7,Listening & Talking - % Meeting Level,90+%
2024/25,Highland,Tarradale Primary School,P7,Numeracy - % Meeting Level,80-90%
2024/25,Highland,Tarradale Primary School,P7,Reading - % Meeting Level,80-90%
2024/25,Highland,Tarradale Primary School,P7,Writing - % Meeting Level,70-80%
2024/25,Highland,Teanassie Primary School,P1,Listening & Talking - % Meeting Level,c
2024/25,Highland,Teanassie Primary School,P1,Numeracy - % Meeting Level,c
2024/25,Highland,Teanassie Primary School,P1,Reading - % Meeting Level,c
2024/25,Highland,Teanassie Primary School,P1,Writing - % Meeting Level,c
2024/25,Highland,Teanassie Primary School,"P1, P4 & P7 combined",Listening & Talking - % Meeting Level,c
2024/25,Highland,Teanassie Primary School,"P1, P4 & P7 combined",Numeracy - % Meeting Level,c
2024/25,Highland,Teanassie Primary School,"P1, P4 & P7 combined",Reading - % Meeting Level,c
2024/25,Highland,Teanassie Primary School,"P1, P4 & P7 combined",Writing - % Meeting Level,c
2024/25,Highland,Teanassie Primary School,P4,Listening & Talking - % Meeting Level,c
2024/25,Highland,Teanassie Primary School,P4,Numeracy - % Meeting Level,c
2024/25,Highland,Teanassie Primary School,P4,Reading - % Meeting Level,c
2024/25,Highland,Teanassie Primary School,P4,Writing - % Meeting Level,c
2024/25,Highland,Teanassie Primary School,P7,Listening & Talking - % Meeting Level,c
2024/25,Highland,Teanassie Primary School,P7,Numeracy - % Meeting Level,c
2024/25,Highland,Teanassie Primary School,P7,Reading - % Meeting Level,c
2024/25,Highland,Teanassie Primary School,P7,Writing - % Meeting Level,c
2024/25,Highland,Thrumster Primary School,P1,Listening & Talking - % Meeting Level,c
2024/25,Highland,Thrumster Primary School,P1,Numeracy - % Meeting Level,c
2024/25,Highland,Thrumster Primary School,P1,Reading - % Meeting Level,c
2024/25,Highland,Thrumster Primary School,P1,Writing - % Meeting Level,c
2024/25,Highland,Thrumster Primary School,"P1, P4 & P7 combined",Listening & Talking - % Meeting Level,c
2024/25,Highland,Thrumster Primary School,"P1, P4 & P7 combined",Numeracy - % Meeting Level,c
2024/25,Highland,Thrumster Primary School,"P1, P4 & P7 combined",Reading - % Meeting Level,c
2024/25,Highland,Thrumster Primary School,"P1, P4 & P7 combined",Writing - % Meeting Level,c
2024/25,Highland,Thrumster Primary School,P4,Listening & Talking - % Meeting Level,c
2024/25,Highland,Thrumster Primary School,P4,Numeracy - % Meeting Level,c
2024/25,Highland,Thrumster Primary School,P4,Reading - % Meeting Level,c
2024/25,Highland,Thrumster Primary School,P4,Writing - % Meeting Level,c
2024/25,Highland,Thrumster Primary School,P7,Listening & Talking - % Meeting Level,c
2024/25,Highland,Thrumster Primary School,P7,Numeracy - % Meeting Level,c
2024/25,Highland,Thrumster Primary School,P7,Reading - % Meeting Level,c
2024/25,Highland,Thrumster Primary School,P7,Writing - % Meeting Level,c
2024/25,Highland,Tomnacross Primary School,P1,Listening & Talking - % Meeting Level,c
2024/25,Highland,Tomnacross Primary School,P1,Numeracy - % Meeting Level,c
2024/25,Highland,Tomnacross Primary School,P1,Reading - % Meeting Level,c
2024/25,Highland,Tomnacross Primary School,P1,Writing - % Meeting Level,c
2024/25,Highland,Tomnacross Primary School,"P1, P4 & P7 combined",Listening & Talking - % Meeting Level,80-90%
2024/25,Highland,Tomnacross Primary School,"P1, P4 & P7 combined",Numeracy - % Meeting Level,60-70%
2024/25,Highland,Tomnacross Primary School,"P1, P4 & P7 combined",Reading - % Meeting Level,70-80%
2024/25,Highland,Tomnacross Primary School,"P1, P4 & P7 combined",Writing - % Meeting Level,60-70%
2024/25,Highland,Tomnacross Primary School,P4,Listening & Talking - % Meeting Level,c
2024/25,Highland,Tomnacross Primary School,P4,Numeracy - % Meeting Level,c
2024/25,Highland,Tomnacross Primary School,P4,Reading - % Meeting Level,c
2024/25,Highland,Tomnacross Primary School,P4,Writing - % Meeting Level,c
2024/25,Highland,Tomnacross Primary School,P7,Listening & Talking - % Meeting Level,c
2024/25,Highland,Tomnacross Primary School,P7,Numeracy - % Meeting Level,c
2024/25,Highland,Tomnacross Primary School,P7,Reading - % Meeting Level,c
2024/25,Highland,Tomnacross Primary School,P7,Writing - % Meeting Level,c
2024/25,Highland,Tongue Primary School,P1,Listening & Talking - % Meeting Level,c
2024/25,Highland,Tongue Primary School,P1,Numeracy - % Meeting Level,c
2024/25,Highland,Tongue Primary School,P1,Reading - % Meeting Level,c
2024/25,Highland,Tongue Primary School,P1,Writing - % Meeting Level,c
2024/25,Highland,Tongue Primary School,"P1, P4 & P7 combined",Listening & Talking - % Meeting Level,c
2024/25,Highland,Tongue Primary School,"P1, P4 & P7 combined",Numeracy - % Meeting Level,c
2024/25,Highland,Tongue Primary School,"P1, P4 & P7 combined",Reading - % Meeting Level,c
2024/25,Highland,Tongue Primary School,"P1, P4 & P7 combined",Writing - % Meeting Level,c
2024/25,Highland,Tongue Primary School,P4,Listening & Talking - % Meeting Level,c
2024/25,Highland,Tongue Primary School,P4,Numeracy - % Meeting Level,c
2024/25,Highland,Tongue Primary School,P4,Reading - % Meeting Level,c
2024/25,Highland,Tongue Primary School,P4,Writing - % Meeting Level,c
2024/25,Highland,Tongue Primary School,P7,Listening & Talking - % Meeting Level,c
2024/25,Highland,Tongue Primary School,P7,Numeracy - % Meeting Level,c
2024/25,Highland,Tongue Primary School,P7,Reading - % Meeting Level,c
2024/25,Highland,Tongue Primary School,P7,Writing - % Meeting Level,c
2024/25,Highland,Tore Primary School,P1,Listening & Talking - % Meeting Level,c
2024/25,Highland,Tore Primary School,P1,Numeracy - % Meeting Level,c
2024/25,Highland,Tore Primary School,P1,Reading - % Meeting Level,c
2024/25,Highland,Tore Primary School,P1,Writing - % Meeting Level,c
2024/25,Highland,Tore Primary School,"P1, P4 & P7 combined",Listening & Talking - % Meeting Level,c
2024/25,Highland,Tore Primary School,"P1, P4 & P7 combined",Numeracy - % Meeting Level,c
2024/25,Highland,Tore Primary School,"P1, P4 & P7 combined",Reading - % Meeting Level,c
2024/25,Highland,Tore Primary School,"P1, P4 & P7 combined",Writing - % Meeting Level,c
2024/25,Highland,Tore Primary School,P4,Listening & Talking - % Meeting Level,c
2024/25,Highland,Tore Primary School,P4,Numeracy - % Meeting Level,c
2024/25,Highland,Tore Primary School,P4,Reading - % Meeting Level,c
2024/25,Highland,Tore Primary School,P4,Writing - % Meeting Level,c
2024/25,Highland,Tore Primary School,P7,Listening & Talking - % Meeting Level,c
2024/25,Highland,Tore Primary School,P7,Numeracy - % Meeting Level,c
2024/25,Highland,Tore Primary School,P7,Reading - % Meeting Level,c
2024/25,Highland,Tore Primary School,P7,Writing - % Meeting Level,c
2024/25,Highland,Ullapool Primary School,P1,Listening & Talking - % Meeting Level,c
2024/25,Highland,Ullapool Primary School,P1,Numeracy - % Meeting Level,c
2024/25,Highland,Ullapool Primary School,P1,Reading - % Meeting Level,c
2024/25,Highland,Ullapool Primary School,P1,Writing - % Meeting Level,c
2024/25,Highland,Ullapool Primary School,"P1, P4 & P7 combined",Listening & Talking - % Meeting Level,90+%
2024/25,Highland,Ullapool Primary School,"P1, P4 & P7 combined",Numeracy - % Meeting Level,70-80%
2024/25,Highland,Ullapool Primary School,"P1, P4 & P7 combined",Reading - % Meeting Level,80-90%
2024/25,Highland,Ullapool Primary School,"P1, P4 & P7 combined",Writing - % Meeting Level,70-80%
2024/25,Highland,Ullapool Primary School,P4,Listening & Talking - % Meeting Level,c
2024/25,Highland,Ullapool Primary School,P4,Numeracy - % Meeting Level,c
2024/25,Highland,Ullapool Primary School,P4,Reading - % Meeting Level,c
2024/25,Highland,Ullapool Primary School,P4,Writing - % Meeting Level,c
2024/25,Highland,Ullapool Primary School,P7,Listening & Talking - % Meeting Level,90+%
2024/25,Highland,Ullapool Primary School,P7,Numeracy - % Meeting Level,70-80%
2024/25,Highland,Ullapool Primary School,P7,Reading - % Meeting Level,90+%
2024/25,Highland,Ullapool Primary School,P7,Writing - % Meeting Level,80-90%
2024/25,Highland,Watten Primary School,P1,Listening & Talking - % Meeting Level,c
2024/25,Highland,Watten Primary School,P1,Numeracy - % Meeting Level,c
2024/25,Highland,Watten Primary School,P1,Reading - % Meeting Level,c
2024/25,Highland,Watten Primary School,P1,Writing - % Meeting Level,c
2024/25,Highland,Watten Primary School,"P1, P4 & P7 combined",Listening & Talking - % Meeting Level,c
2024/25,Highland,Watten Primary School,"P1, P4 & P7 combined",Numeracy - % Meeting Level,c
2024/25,Highland,Watten Primary School,"P1, P4 & P7 combined",Reading - % Meeting Level,c
2024/25,Highland,Watten Primary School,"P1, P4 & P7 combined",Writing - % Meeting Level,c
2024/25,Highland,Watten Primary School,P4,Listening & Talking - % Meeting Level,c
2024/25,Highland,Watten Primary School,P4,Numeracy - % Meeting Level,c
2024/25,Highland,Watten Primary School,P4,Reading - % Meeting Level,c
2024/25,Highland,Watten Primary School,P4,Writing - % Meeting Level,c
2024/25,Highland,Watten Primary School,P7,Listening & Talking - % Meeting Level,c
2024/25,Highland,Watten Primary School,P7,Numeracy - % Meeting Level,c
2024/25,Highland,Watten Primary School,P7,Reading - % Meeting Level,c
2024/25,Highland,Watten Primary School,P7,Writing - % Meeting Level,c
