year,la_name,school_name,stage,measure,value_label
2024/25,Scotland,All publicly funded schools,P1,Listening & Talking - % Meeting Level,86.5%
2024/25,Scotland,All publicly funded schools,P1,Numeracy - % Meeting Level,84.6%
2024/25,Scotland,All publicly funded schools,P1,Reading - % Meeting Level,80.6%
2024/25,Scotland,All publicly funded schools,P1,Writing - % Meeting Level,78.7%
2024/25,Scotland,All publicly funded schools,"P1, P4 & P7 combined",Listening & Talking - % Meeting Level,87.5%
2024/25,Scotland,All publicly funded schools,"P1, P4 & P7 combined",Numeracy - % Meeting Level,80.3%
2024/25,Scotland,All publicly funded schools,"P1, P4 & P7 combined",Reading - % Meeting Level,80.6%
2024/25,Scotland,All publicly funded schools,"P1, P4 & P7 combined",Writing - % Meeting Level,76.5%
2024/25,Scotland,All publicly funded schools,P4,Listening & Talking - % Meeting Level,87.4%
2024/25,Scotland,All publicly funded schools,P4,Numeracy - % Meeting Level,77.9%
2024/25,Scotland,All publicly funded schools,P4,Reading - % Meeting Level,79.1%
2024/25,Scotland,All publicly funded schools,P4,Writing - % Meeting Level,74.2%
2024/25,Scotland,All publicly funded schools,P7,Listening & Talking - % Meeting Level,88.5%
2024/25,Scotland,All publicly funded schools,P7,Numeracy - % Meeting Level,78.9%
2024/25,Scotland,All publicly funded schools,P7,Reading - % Meeting Level,82%
2024/25,Scotland,All publicly funded schools,P7,Writing - % Meeting Level,76.9%
2024/25,North Lanarkshire,All publicly funded schools,P1,Listening & Talking - % Meeting Level,86.9%
2024/25,North Lanarkshire,All publicly funded schools,P1,Numeracy - % Meeting Level,86.6%
2024/25,North Lanarkshire,All publicly funded schools,P1,Reading - % Meeting Level,79.9%
2024/25,North Lanarkshire,All publicly funded schools,P1,Writing - % Meeting Level,78.3%
2024/25,North Lanarkshire,All publicly funded schools,"P1, P4 & P7 combined",Listening & Talking - % Meeting Level,87.4%
2024/25,North Lanarkshire,All publicly funded schools,"P1, P4 & P7 combined",Numeracy - % Meeting Level,80.4%
2024/25,North Lanarkshire,All publicly funded schools,"P1, P4 & P7 combined",Reading - % Meeting Level,80.4%
2024/25,North Lanarkshire,All publicly funded schools,"P1, P4 & P7 combined",Writing - % Meeting Level,76.2%
2024/25,North Lanarkshire,All publicly funded schools,P4,Listening & Talking - % Meeting Level,86.8%
2024/25,North Lanarkshire,All publicly funded schools,P4,Numeracy - % Meeting Level,76.8%
2024/25,North Lanarkshire,All publicly funded schools,P4,Reading - % Meeting Level,78.6%
2024/25,North Lanarkshire,All publicly funded schools,P4,Writing - % Meeting Level,72.6%
2024/25,North Lanarkshire,All publicly funded schools,P7,Listening & Talking - % Meeting Level,88.5%
2024/25,North Lanarkshire,All publicly funded schools,P7,Numeracy - % Meeting Level,78.4%
2024/25,North Lanarkshire,All publicly funded schools,P7,Reading - % Meeting Level,82.6%
2024/25,North Lanarkshire,All publicly funded schools,P7,Writing - % Meeting Level,77.6%
2024/25,North Lanarkshire,Abronhill Primary School,P1,Listening & Talking - % Meeting Level,c
2024/25,North Lanarkshire,Abronhill Primary School,P1,Numeracy - % Meeting Level,c
2024/25,North Lanarkshire,Abronhill Primary School,P1,Reading - % Meeting Level,c
2024/25,North Lanarkshire,Abronhill Primary School,P1,Writing - % Meeting Level,c
2024/25,North Lanarkshire,Abronhill Primary School,"P1, P4 & P7 combined",Listening & Talking - % Meeting Level,90+%
2024/25,North Lanarkshire,Abronhill Primary School,"P1, P4 & P7 combined",Numeracy - % Meeting Level,80-90%
2024/25,North Lanarkshire,Abronhill Primary School,"P1, P4 & P7 combined",Reading - % Meeting Level,70-80%
2024/25,North Lanarkshire,Abronhill Primary School,"P1, P4 & P7 combined",Writing - % Meeting Level,70-80%
2024/25,North Lanarkshire,Abronhill Primary School,P4,Listening & Talking - % Meeting Level,c
2024/25,North Lanarkshire,Abronhill Primary School,P4,Numeracy - % Meeting Level,c
2024/25,North Lanarkshire,Abronhill Primary School,P4,Reading - % Meeting Level,c
2024/25,North Lanarkshire,Abronhill Primary School,P4,Writing - % Meeting Level,c
2024/25,North Lanarkshire,Abronhill Primary School,P7,Listening & Talking - % Meeting Level,90+%
2024/25,North Lanarkshire,Abronhill Primary School,P7,Numeracy - % Meeting Level,70-80%
2024/25,North Lanarkshire,Abronhill Primary School,P7,Reading - % Meeting Level,80-90%
2024/25,North Lanarkshire,Abronhill Primary School,P7,Writing - % Meeting Level,80-90%
2024/25,North Lanarkshire,Aitkenhead Primary School,P1,Listening & Talking - % Meeting Level,90+%
2024/25,North Lanarkshire,Aitkenhead Primary School,P1,Numeracy - % Meeting Level,90+%
2024/25,North Lanarkshire,Aitkenhead Primary School,P1,Reading - % Meeting Level,70-80%
2024/25,North Lanarkshire,Aitkenhead Primary School,P1,Writing - % Meeting Level,70-80%
2024/25,North Lanarkshire,Aitkenhead Primary School,"P1, P4 & P7 combined",Listening & Talking - % Meeting Level,90+%
2024/25,North Lanarkshire,Aitkenhead Primary School,"P1, P4 & P7 combined",Numeracy - % Meeting Level,90+%
2024/25,North Lanarkshire,Aitkenhead Primary School,"P1, P4 & P7 combined",Reading - % Meeting Level,80-90%
2024/25,North Lanarkshire,Aitkenhead Primary School,"P1, P4 & P7 combined",Writing - % Meeting Level,80-90%
2024/25,North Lanarkshire,Aitkenhead Primary School,P4,Listening & Talking - % Meeting Level,90+%
2024/25,North Lanarkshire,Aitkenhead Primary School,P4,Numeracy - % Meeting Level,80-90%
2024/25,North Lanarkshire,Aitkenhead Primary School,P4,Reading - % Meeting Level,90+%
2024/25,North Lanarkshire,Aitkenhead Primary School,P4,Writing - % Meeting Level,80-90%
2024/25,North Lanarkshire,Aitkenhead Primary School,P7,Listening & Talking - % Meeting Level,90+%
2024/25,North Lanarkshire,Aitkenhead Primary School,P7,Numeracy - % Meeting Level,90+%
2024/25,North Lanarkshire,Aitkenhead Primary School,P7,Reading - % Meeting Level,80-90%
2024/25,North Lanarkshire,Aitkenhead Primary School,P7,Writing - % Meeting Level,90+%
2024/25,North Lanarkshire,Alexander Peden Primary,P1,Listening & Talking - % Meeting Level,70-80%
2024/25,North Lanarkshire,Alexander Peden Primary,P1,Numeracy - % Meeting Level,60-70%
2024/25,North Lanarkshire,Alexander Peden Primary,P1,Reading - % Meeting Level,70-80%
2024/25,North Lanarkshire,Alexander Peden Primary,P1,Writing - % Meeting Level,60-70%
2024/25,North Lanarkshire,Alexander Peden Primary,"P1, P4 & P7 combined",Listening & Talking - % Meeting Level,80-90%
2024/25,North Lanarkshire,Alexander Peden Primary,"P1, P4 & P7 combined",Numeracy - % Meeting Level,60-70%
2024/25,North Lanarkshire,Alexander Peden Primary,"P1, P4 & P7 combined",Reading - % Meeting Level,60-70%
2024/25,North Lanarkshire,Alexander Peden Primary,"P1, P4 & P7 combined",Writing - % Meeting Level,60-70%
2024/25,North Lanarkshire,Alexander Peden Primary,P4,Listening & Talking - % Meeting Level,80-90%
2024/25,North Lanarkshire,Alexander Peden Primary,P4,Numeracy - % Meeting Level,60-70%
2024/25,North Lanarkshire,Alexander Peden Primary,P4,Reading - % Meeting Level,50-60%
2024/25,North Lanarkshire,Alexander Peden Primary,P4,Writing - % Meeting Level,40-50%
2024/25,North Lanarkshire,Alexander Peden Primary,P7,Listening & Talking - % Meeting Level,80-90%
2024/25,North Lanarkshire,Alexander Peden Primary,P7,Numeracy - % Meeting Level,70-80%
2024/25,North Lanarkshire,Alexander Peden Primary,P7,Reading - % Meeting Level,70-80%
2024/25,North Lanarkshire,Alexander Peden Primary,P7,Writing - % Meeting Level,70-80%
2024/25,North Lanarkshire,All Saints Primary School,P1,Listening & Talking - % Meeting Level,c
2024/25,North Lanarkshire,All Saints Primary School,P1,Numeracy - % Meeting Level,c
2024/25,North Lanarkshire,All Saints Primary School,P1,Reading - % Meeting Level,c
2024/25,North Lanarkshire,All Saints Primary School,P1,Writing - % Meeting Level,c
2024/25,North Lanarkshire,All Saints Primary School,"P1, P4 & P7 combined",Listening & Talking - % Meeting Level,90+%
2024/25,North Lanarkshire,All Saints Primary School,"P1, P4 & P7 combined",Numeracy - % Meeting Level,70-80%
2024/25,North Lanarkshire,All Saints Primary School,"P1, P4 & P7 combined",Reading - % Meeting Level,80-90%
2024/25,North Lanarkshire,All Saints Primary School,"P1, P4 & P7 combined",Writing - % Meeting Level,70-80%
2024/25,North Lanarkshire,All Saints Primary School,P4,Listening & Talking - % Meeting Level,90+%
2024/25,North Lanarkshire,All Saints Primary School,P4,Numeracy - % Meeting Level,60-70%
2024/25,North Lanarkshire,All Saints Primary School,P4,Reading - % Meeting Level,80-90%
2024/25,North Lanarkshire,All Saints Primary School,P4,Writing - % Meeting Level,70-80%
2024/25,North Lanarkshire,All Saints Primary School,P7,Listening & Talking - % Meeting Level,90+%
2024/25,North Lanarkshire,All Saints Primary School,P7,Numeracy - % Meeting Level,80-90%
2024/25,North Lanarkshire,All Saints Primary School,P7,Reading - % Meeting Level,90+%
2024/25,North Lanarkshire,All Saints Primary School,P7,Writing - % Meeting Level,70-80%
2024/25,North Lanarkshire,Allanton Primary School,P1,Listening & Talking - % Meeting Level,c
2024/25,North Lanarkshire,Allanton Primary School,P1,Numeracy - % Meeting Level,c
2024/25,North Lanarkshire,Allanton Primary School,P1,Reading - % Meeting Level,c
2024/25,North Lanarkshire,Allanton Primary School,P1,Writing - % Meeting Level,c
2024/25,North Lanarkshire,Allanton Primary School,"P1, P4 & P7 combined",Listening & Talking - % Meeting Level,90+%
2024/25,North Lanarkshire,Allanton Primary School,"P1, P4 & P7 combined",Numeracy - % Meeting Level,90+%
2024/25,North Lanarkshire,Allanton Primary School,"P1, P4 & P7 combined",Reading - % Meeting Level,90+%
2024/25,North Lanarkshire,Allanton Primary School,"P1, P4 & P7 combined",Writing - % Meeting Level,80-90%
2024/25,North Lanarkshire,Allanton Primary School,P4,Listening & Talking - % Meeting Level,c
2024/25,North Lanarkshire,Allanton Primary School,P4,Numeracy - % Meeting Level,c
2024/25,North Lanarkshire,Allanton Primary School,P4,Reading - % Meeting Level,c
2024/25,North Lanarkshire,Allanton Primary School,P4,Writing - % Meeting Level,c
2024/25,North Lanarkshire,Allanton Primary School,P7,Listening & Talking - % Meeting Level,c
2024/25,North Lanarkshire,Allanton Primary School,P7,Numeracy - % Meeting Level,c
2024/25,North Lanarkshire,Allanton Primary School,P7,Reading - % Meeting Level,c
2024/25,North Lanarkshire,Allanton Primary School,P7,Writing - % Meeting Level,c
2024/25,North Lanarkshire,Auchinloch Primary School,P1,Listening & Talking - % Meeting Level,c
2024/25,North Lanarkshire,Auchinloch Primary School,P1,Numeracy - % Meeting Level,c
2024/25,North Lanarkshire,Auchinloch Primary School,P1,Reading - % Meeting Level,c
2024/25,North Lanarkshire,Auchinloch Primary School,P1,Writing - % Meeting Level,c
2024/25,North Lanarkshire,Auchinloch Primary School,"P1, P4 & P7 combined",Listening & Talking - % Meeting Level,90+%
2024/25,North Lanarkshire,Auchinloch Primary School,"P1, P4 & P7 combined",Numeracy - % Meeting Level,80-90%
2024/25,North Lanarkshire,Auchinloch Primary School,"P1, P4 & P7 combined",Reading - % Meeting Level,80-90%
2024/25,North Lanarkshire,Auchinloch Primary School,"P1, P4 & P7 combined",Writing - % Meeting Level,80-90%
2024/25,North Lanarkshire,Auchinloch Primary School,P4,Listening & Talking - % Meeting Level,c
2024/25,North Lanarkshire,Auchinloch Primary School,P4,Numeracy - % Meeting Level,c
2024/25,North Lanarkshire,Auchinloch Primary School,P4,Reading - % Meeting Level,c
2024/25,North Lanarkshire,Auchinloch Primary School,P4,Writing - % Meeting Level,c
2024/25,North Lanarkshire,Auchinloch Primary School,P7,Listening & Talking - % Meeting Level,c
2024/25,North Lanarkshire,Auchinloch Primary School,P7,Numeracy - % Meeting Level,c
2024/25,North Lanarkshire,Auchinloch Primary School,P7,Reading - % Meeting Level,c
2024/25,North Lanarkshire,Auchinloch Primary School,P7,Writing - % Meeting Level,c
2024/25,North Lanarkshire,Baird Memorial Primary School,P1,Listening & Talking - % Meeting Level,c
2024/25,North Lanarkshire,Baird Memorial Primary School,P1,Numeracy - % Meeting Level,c
2024/25,North Lanarkshire,Baird Memorial Primary School,P1,Reading - % Meeting Level,c
2024/25,North Lanarkshire,Baird Memorial Primary School,P1,Writing - % Meeting Level,c
2024/25,North Lanarkshire,Baird Memorial Primary School,"P1, P4 & P7 combined",Listening & Talking - % Meeting Level,80-90%
2024/25,North Lanarkshire,Baird Memorial Primary School,"P1, P4 & P7 combined",Numeracy - % Meeting Level,90+%
2024/25,North Lanarkshire,Baird Memorial Primary School,"P1, P4 & P7 combined",Reading - % Meeting Level,80-90%
2024/25,North Lanarkshire,Baird Memorial Primary School,"P1, P4 & P7 combined",Writing - % Meeting Level,80-90%
2024/25,North Lanarkshire,Baird Memorial Primary School,P4,Listening & Talking - % Meeting Level,90+%
2024/25,North Lanarkshire,Baird Memorial Primary School,P4,Numeracy - % Meeting Level,90+%
2024/25,North Lanarkshire,Baird Memorial Primary School,P4,Reading - % Meeting Level,90+%
2024/25,North Lanarkshire,Baird Memorial Primary School,P4,Writing - % Meeting Level,90+%
2024/25,North Lanarkshire,Baird Memorial Primary School,P7,Listening & Talking - % Meeting Level,c
2024/25,North Lanarkshire,Baird Memorial Primary School,P7,Numeracy - % Meeting Level,c
2024/25,North Lanarkshire,Baird Memorial Primary School,P7,Reading - % Meeting Level,c
2024/25,North Lanarkshire,Baird Memorial Primary School,P7,Writing - % Meeting Level,c
2024/25,North Lanarkshire,Balmalloch Primary School,P1,Listening & Talking - % Meeting Level,80-90%
2024/25,North Lanarkshire,Balmalloch Primary School,P1,Numeracy - % Meeting Level,80-90%
2024/25,North Lanarkshire,Balmalloch Primary School,P1,Reading - % Meeting Level,70-80%
2024/25,North Lanarkshire,Balmalloch Primary School,P1,Writing - % Meeting Level,70-80%
2024/25,North Lanarkshire,Balmalloch Primary School,"P1, P4 & P7 combined",Listening & Talking - % Meeting Level,70-80%
2024/25,North Lanarkshire,Balmalloch Primary School,"P1, P4 & P7 combined",Numeracy - % Meeting Level,70-80%
2024/25,North Lanarkshire,Balmalloch Primary School,"P1, P4 & P7 combined",Reading - % Meeting Level,70-80%
2024/25,North Lanarkshire,Balmalloch Primary School,"P1, P4 & P7 combined",Writing - % Meeting Level,60-70%
2024/25,North Lanarkshire,Balmalloch Primary School,P4,Listening & Talking - % Meeting Level,70-80%
2024/25,North Lanarkshire,Balmalloch Primary School,P4,Numeracy - % Meeting Level,60-70%
2024/25,North Lanarkshire,Balmalloch Primary School,P4,Reading - % Meeting Level,80-90%
2024/25,North Lanarkshire,Balmalloch Primary School,P4,Writing - % Meeting Level,50-60%
2024/25,North Lanarkshire,Balmalloch Primary School,P7,Listening & Talking - % Meeting Level,60-70%
2024/25,North Lanarkshire,Balmalloch Primary School,P7,Numeracy - % Meeting Level,60-70%
2024/25,North Lanarkshire,Balmalloch Primary School,P7,Reading - % Meeting Level,60-70%
2024/25,North Lanarkshire,Balmalloch Primary School,P7,Writing - % Meeting Level,50-60%
2024/25,North Lanarkshire,Banton Primary School,P1,Listening & Talking - % Meeting Level,c
2024/25,North Lanarkshire,Banton Primary School,P1,Numeracy - % Meeting Level,c
2024/25,North Lanarkshire,Banton Primary School,P1,Reading - % Meeting Level,c
2024/25,North Lanarkshire,Banton Primary School,P1,Writing - % Meeting Level,c
2024/25,North Lanarkshire,Banton Primary School,"P1, P4 & P7 combined",Listening & Talking - % Meeting Level,c
2024/25,North Lanarkshire,Banton Primary School,"P1, P4 & P7 combined",Numeracy - % Meeting Level,c
2024/25,North Lanarkshire,Banton Primary School,"P1, P4 & P7 combined",Reading - % Meeting Level,c
2024/25,North Lanarkshire,Banton Primary School,"P1, P4 & P7 combined",Writing - % Meeting Level,c
2024/25,North Lanarkshire,Banton Primary School,P4,Listening & Talking - % Meeting Level,c
2024/25,North Lanarkshire,Banton Primary School,P4,Numeracy - % Meeting Level,c
2024/25,North Lanarkshire,Banton Primary School,P4,Reading - % Meeting Level,c
2024/25,North Lanarkshire,Banton Primary School,P4,Writing - % Meeting Level,c
2024/25,North Lanarkshire,Banton Primary School,P7,Listening & Talking - % Meeting Level,c
2024/25,North Lanarkshire,Banton Primary School,P7,Numeracy - % Meeting Level,c
2024/25,North Lanarkshire,Banton Primary School,P7,Reading - % Meeting Level,c
2024/25,North Lanarkshire,Banton Primary School,P7,Writing - % Meeting Level,c
2024/25,North Lanarkshire,Bargeddie Primary School,P1,Listening & Talking - % Meeting Level,c
2024/25,North Lanarkshire,Bargeddie Primary School,P1,Numeracy - % Meeting Level,c
2024/25,North Lanarkshire,Bargeddie Primary School,P1,Reading - % Meeting Level,c
2024/25,North Lanarkshire,Bargeddie Primary School,P1,Writing - % Meeting Level,c
2024/25,North Lanarkshire,Bargeddie Primary School,"P1, P4 & P7 combined",Listening & Talking - % Meeting Level,80-90%
2024/25,North Lanarkshire,Bargeddie Primary School,"P1, P4 & P7 combined",Numeracy - % Meeting Level,70-80%
2024/25,North Lanarkshire,Bargeddie Primary School,"P1, P4 & P7 combined",Reading - % Meeting Level,80-90%
2024/25,North Lanarkshire,Bargeddie Primary School,"P1, P4 & P7 combined",Writing - % Meeting Level,70-80%
2024/25,North Lanarkshire,Bargeddie Primary School,P4,Listening & Talking - % Meeting Level,80-90%
2024/25,North Lanarkshire,Bargeddie Primary School,P4,Numeracy - % Meeting Level,60-70%
2024/25,North Lanarkshire,Bargeddie Primary School,P4,Reading - % Meeting Level,70-80%
2024/25,North Lanarkshire,Bargeddie Primary School,P4,Writing - % Meeting Level,80-90%
2024/25,North Lanarkshire,Bargeddie Primary School,P7,Listening & Talking - % Meeting Level,80-90%
2024/25,North Lanarkshire,Bargeddie Primary School,P7,Numeracy - % Meeting Level,70-80%
2024/25,North Lanarkshire,Bargeddie Primary School,P7,Reading - % Meeting Level,80-90%
2024/25,North Lanarkshire,Bargeddie Primary School,P7,Writing - % Meeting Level,60-70%
2024/25,North Lanarkshire,Berryhill Primary School,P1,Listening & Talking - % Meeting Level,80-90%
2024/25,North Lanarkshire,Berryhill Primary School,P1,Numeracy - % Meeting Level,80-90%
2024/25,North Lanarkshire,Berryhill Primary School,P1,Reading - % Meeting Level,70-80%
2024/25,North Lanarkshire,Berryhill Primary School,P1,Writing - % Meeting Level,70-80%
2024/25,North Lanarkshire,Berryhill Primary School,"P1, P4 & P7 combined",Listening & Talking - % Meeting Level,90+%
2024/25,North Lanarkshire,Berryhill Primary School,"P1, P4 & P7 combined",Numeracy - % Meeting Level,80-90%
2024/25,North Lanarkshire,Berryhill Primary School,"P1, P4 & P7 combined",Reading - % Meeting Level,70-80%
2024/25,North Lanarkshire,Berryhill Primary School,"P1, P4 & P7 combined",Writing - % Meeting Level,70-80%
2024/25,North Lanarkshire,Berryhill Primary School,P4,Listening & Talking - % Meeting Level,80-90%
2024/25,North Lanarkshire,Berryhill Primary School,P4,Numeracy - % Meeting Level,80-90%
2024/25,North Lanarkshire,Berryhill Primary School,P4,Reading - % Meeting Level,70-80%
2024/25,North Lanarkshire,Berryhill Primary School,P4,Writing - % Meeting Level,70-80%
2024/25,North Lanarkshire,Berryhill Primary School,P7,Listening & Talking - % Meeting Level,90+%
2024/25,North Lanarkshire,Berryhill Primary School,P7,Numeracy - % Meeting Level,70-80%
2024/25,North Lanarkshire,Berryhill Primary School,P7,Reading - % Meeting Level,70-80%
2024/25,North Lanarkshire,Berryhill Primary School,P7,Writing - % Meeting Level,70-80%
2024/25,North Lanarkshire,Calderbank Primary School,P1,Listening & Talking - % Meeting Level,c
2024/25,North Lanarkshire,Calderbank Primary School,P1,Numeracy - % Meeting Level,c
2024/25,North Lanarkshire,Calderbank Primary School,P1,Reading - % Meeting Level,c
2024/25,North Lanarkshire,Calderbank Primary School,P1,Writing - % Meeting Level,c
2024/25,North Lanarkshire,Calderbank Primary School,"P1, P4 & P7 combined",Listening & Talking - % Meeting Level,80-90%
2024/25,North Lanarkshire,Calderbank Primary School,"P1, P4 & P7 combined",Numeracy - % Meeting Level,90+%
2024/25,North Lanarkshire,Calderbank Primary School,"P1, P4 & P7 combined",Reading - % Meeting Level,90+%
2024/25,North Lanarkshire,Calderbank Primary School,"P1, P4 & P7 combined",Writing - % Meeting Level,90+%
2024/25,North Lanarkshire,Calderbank Primary School,P4,Listening & Talking - % Meeting Level,c
2024/25,North Lanarkshire,Calderbank Primary School,P4,Numeracy - % Meeting Level,c
2024/25,North Lanarkshire,Calderbank Primary School,P4,Reading - % Meeting Level,c
2024/25,North Lanarkshire,Calderbank Primary School,P4,Writing - % Meeting Level,c
2024/25,North Lanarkshire,Calderbank Primary School,P7,Listening & Talking - % Meeting Level,c
2024/25,North Lanarkshire,Calderbank Primary School,P7,Numeracy - % Meeting Level,c
2024/25,North Lanarkshire,Calderbank Primary School,P7,Reading - % Meeting Level,c
2024/25,North Lanarkshire,Calderbank Primary School,P7,Writing - % Meeting Level,c
2024/25,North Lanarkshire,Calderbridge Primary School,P1,Listening & Talking - % Meeting Level,80-90%
2024/25,North Lanarkshire,Calderbridge Primary School,P1,Numeracy - % Meeting Level,80-90%
2024/25,North Lanarkshire,Calderbridge Primary School,P1,Reading - % Meeting Level,70-80%
2024/25,North Lanarkshire,Calderbridge Primary School,P1,Writing - % Meeting Level,70-80%
2024/25,North Lanarkshire,Calderbridge Primary School,"P1, P4 & P7 combined",Listening & Talking - % Meeting Level,80-90%
2024/25,North Lanarkshire,Calderbridge Primary School,"P1, P4 & P7 combined",Numeracy - % Meeting Level,80-90%
2024/25,North Lanarkshire,Calderbridge Primary School,"P1, P4 & P7 combined",Reading - % Meeting Level,70-80%
2024/25,North Lanarkshire,Calderbridge Primary School,"P1, P4 & P7 combined",Writing - % Meeting Level,70-80%
2024/25,North Lanarkshire,Calderbridge Primary School,P4,Listening & Talking - % Meeting Level,60-70%
2024/25,North Lanarkshire,Calderbridge Primary School,P4,Numeracy - % Meeting Level,70-80%
2024/25,North Lanarkshire,Calderbridge Primary School,P4,Reading - % Meeting Level,70-80%
2024/25,North Lanarkshire,Calderbridge Primary School,P4,Writing - % Meeting Level,60-70%
2024/25,North Lanarkshire,Calderbridge Primary School,P7,Listening & Talking - % Meeting Level,80-90%
2024/25,North Lanarkshire,Calderbridge Primary School,P7,Numeracy - % Meeting Level,80-90%
2024/25,North Lanarkshire,Calderbridge Primary School,P7,Reading - % Meeting Level,70-80%
2024/25,North Lanarkshire,Calderbridge Primary School,P7,Writing - % Meeting Level,70-80%
2024/25,North Lanarkshire,Cambusnethan Primary School,P1,Listening & Talking - % Meeting Level,c
2024/25,North Lanarkshire,Cambusnethan Primary School,P1,Numeracy - % Meeting Level,c
2024/25,North Lanarkshire,Cambusnethan Primary School,P1,Reading - % Meeting Level,c
2024/25,North Lanarkshire,Cambusnethan Primary School,P1,Writing - % Meeting Level,c
2024/25,North Lanarkshire,Cambusnethan Primary School,"P1, P4 & P7 combined",Listening & Talking - % Meeting Level,80-90%
2024/25,North Lanarkshire,Cambusnethan Primary School,"P1, P4 & P7 combined",Numeracy - % Meeting Level,70-80%
2024/25,North Lanarkshire,Cambusnethan Primary School,"P1, P4 & P7 combined",Reading - % Meeting Level,70-80%
2024/25,North Lanarkshire,Cambusnethan Primary School,"P1, P4 & P7 combined",Writing - % Meeting Level,70-80%
2024/25,North Lanarkshire,Cambusnethan Primary School,P4,Listening & Talking - % Meeting Level,c
2024/25,North Lanarkshire,Cambusnethan Primary School,P4,Numeracy - % Meeting Level,c
2024/25,North Lanarkshire,Cambusnethan Primary School,P4,Reading - % Meeting Level,c
2024/25,North Lanarkshire,Cambusnethan Primary School,P4,Writing - % Meeting Level,c
2024/25,North Lanarkshire,Cambusnethan Primary School,P7,Listening & Talking - % Meeting Level,90+%
2024/25,North Lanarkshire,Cambusnethan Primary School,P7,Numeracy - % Meeting Level,60-70%
2024/25,North Lanarkshire,Cambusnethan Primary School,P7,Reading - % Meeting Level,70-80%
2024/25,North Lanarkshire,Cambusnethan Primary School,P7,Writing - % Meeting Level,70-80%
2024/25,North Lanarkshire,Carbrain Primary School,P1,Listening & Talking - % Meeting Level,c
2024/25,North Lanarkshire,Carbrain Primary School,P1,Numeracy - % Meeting Level,c
2024/25,North Lanarkshire,Carbrain Primary School,P1,Reading - % Meeting Level,c
2024/25,North Lanarkshire,Carbrain Primary School,P1,Writing - % Meeting Level,c
2024/25,North Lanarkshire,Carbrain Primary School,"P1, P4 & P7 combined",Listening & Talking - % Meeting Level,80-90%
2024/25,North Lanarkshire,Carbrain Primary School,"P1, P4 & P7 combined",Numeracy - % Meeting Level,60-70%
2024/25,North Lanarkshire,Carbrain Primary School,"P1, P4 & P7 combined",Reading - % Meeting Level,70-80%
2024/25,North Lanarkshire,Carbrain Primary School,"P1, P4 & P7 combined",Writing - % Meeting Level,60-70%
2024/25,North Lanarkshire,Carbrain Primary School,P4,Listening & Talking - % Meeting Level,80-90%
2024/25,North Lanarkshire,Carbrain Primary School,P4,Numeracy - % Meeting Level,60-70%
2024/25,North Lanarkshire,Carbrain Primary School,P4,Reading - % Meeting Level,70-80%
2024/25,North Lanarkshire,Carbrain Primary School,P4,Writing - % Meeting Level,60-70%
2024/25,North Lanarkshire,Carbrain Primary School,P7,Listening & Talking - % Meeting Level,80-90%
2024/25,North Lanarkshire,Carbrain Primary School,P7,Numeracy - % Meeting Level,60-70%
2024/25,North Lanarkshire,Carbrain Primary School,P7,Reading - % Meeting Level,60-70%
2024/25,North Lanarkshire,Carbrain Primary School,P7,Writing - % Meeting Level,60-70%
2024/25,North Lanarkshire,Cathedral Primary School,P1,Listening & Talking - % Meeting Level,80-90%
2024/25,North Lanarkshire,Cathedral Primary School,P1,Numeracy - % Meeting Level,80-90%
2024/25,North Lanarkshire,Cathedral Primary School,P1,Reading - % Meeting Level,80-90%
2024/25,North Lanarkshire,Cathedral Primary School,P1,Writing - % Meeting Level,80-90%
2024/25,North Lanarkshire,Cathedral Primary School,"P1, P4 & P7 combined",Listening & Talking - % Meeting Level,80-90%
2024/25,North Lanarkshire,Cathedral Primary School,"P1, P4 & P7 combined",Numeracy - % Meeting Level,80-90%
2024/25,North Lanarkshire,Cathedral Primary School,"P1, P4 & P7 combined",Reading - % Meeting Level,80-90%
2024/25,North Lanarkshire,Cathedral Primary School,"P1, P4 & P7 combined",Writing - % Meeting Level,80-90%
2024/25,North Lanarkshire,Cathedral Primary School,P4,Listening & Talking - % Meeting Level,80-90%
2024/25,North Lanarkshire,Cathedral Primary School,P4,Numeracy - % Meeting Level,80-90%
2024/25,North Lanarkshire,Cathedral Primary School,P4,Reading - % Meeting Level,80-90%
2024/25,North Lanarkshire,Cathedral Primary School,P4,Writing - % Meeting Level,80-90%
2024/25,North Lanarkshire,Cathedral Primary School,P7,Listening & Talking - % Meeting Level,90+%
2024/25,North Lanarkshire,Cathedral Primary School,P7,Numeracy - % Meeting Level,80-90%
2024/25,North Lanarkshire,Cathedral Primary School,P7,Reading - % Meeting Level,80-90%
2024/25,North Lanarkshire,Cathedral Primary School,P7,Writing - % Meeting Level,80-90%
2024/25,North Lanarkshire,Chapelgreen Primary School,P1,Listening & Talking - % Meeting Level,c
2024/25,North Lanarkshire,Chapelgreen Primary School,P1,Numeracy - % Meeting Level,c
2024/25,North Lanarkshire,Chapelgreen Primary School,P1,Reading - % Meeting Level,c
2024/25,North Lanarkshire,Chapelgreen Primary School,P1,Writing - % Meeting Level,c
2024/25,North Lanarkshire,Chapelgreen Primary School,"P1, P4 & P7 combined",Listening & Talking - % Meeting Level,70-80%
2024/25,North Lanarkshire,Chapelgreen Primary School,"P1, P4 & P7 combined",Numeracy - % Meeting Level,70-80%
2024/25,North Lanarkshire,Chapelgreen Primary School,"P1, P4 & P7 combined",Reading - % Meeting Level,70-80%
2024/25,North Lanarkshire,Chapelgreen Primary School,"P1, P4 & P7 combined",Writing - % Meeting Level,50-60%
2024/25,North Lanarkshire,Chapelgreen Primary School,P4,Listening & Talking - % Meeting Level,c
2024/25,North Lanarkshire,Chapelgreen Primary School,P4,Numeracy - % Meeting Level,c
2024/25,North Lanarkshire,Chapelgreen Primary School,P4,Reading - % Meeting Level,c
2024/25,North Lanarkshire,Chapelgreen Primary School,P4,Writing - % Meeting Level,c
2024/25,North Lanarkshire,Chapelgreen Primary School,P7,Listening & Talking - % Meeting Level,c
2024/25,North Lanarkshire,Chapelgreen Primary School,P7,Numeracy - % Meeting Level,c
2024/25,North Lanarkshire,Chapelgreen Primary School,P7,Reading - % Meeting Level,c
2024/25,North Lanarkshire,Chapelgreen Primary School,P7,Writing - % Meeting Level,c
2024/25,North Lanarkshire,Chapelhall Primary School,P1,Listening & Talking - % Meeting Level,80-90%
2024/25,North Lanarkshire,Chapelhall Primary School,P1,Numeracy - % Meeting Level,80-90%
2024/25,North Lanarkshire,Chapelhall Primary School,P1,Reading - % Meeting Level,80-90%
2024/25,North Lanarkshire,Chapelhall Primary School,P1,Writing - % Meeting Level,80-90%
2024/25,North Lanarkshire,Chapelhall Primary School,"P1, P4 & P7 combined",Listening & Talking - % Meeting Level,80-90%
2024/25,North Lanarkshire,Chapelhall Primary School,"P1, P4 & P7 combined",Numeracy - % Meeting Level,70-80%
2024/25,North Lanarkshire,Chapelhall Primary School,"P1, P4 & P7 combined",Reading - % Meeting Level,80-90%
2024/25,North Lanarkshire,Chapelhall Primary School,"P1, P4 & P7 combined",Writing - % Meeting Level,70-80%
2024/25,North Lanarkshire,Chapelhall Primary School,P4,Listening & Talking - % Meeting Level,80-90%
2024/25,North Lanarkshire,Chapelhall Primary School,P4,Numeracy - % Meeting Level,70-80%
2024/25,North Lanarkshire,Chapelhall Primary School,P4,Reading - % Meeting Level,70-80%
2024/25,North Lanarkshire,Chapelhall Primary School,P4,Writing - % Meeting Level,70-80%
2024/25,North Lanarkshire,Chapelhall Primary School,P7,Listening & Talking - % Meeting Level,90+%
2024/25,North Lanarkshire,Chapelhall Primary School,P7,Numeracy - % Meeting Level,80-90%
2024/25,North Lanarkshire,Chapelhall Primary School,P7,Reading - % Meeting Level,80-90%
2024/25,North Lanarkshire,Chapelhall Primary School,P7,Writing - % Meeting Level,70-80%
2024/25,North Lanarkshire,Chapelside Primary School,P1,Listening & Talking - % Meeting Level,90+%
2024/25,North Lanarkshire,Chapelside Primary School,P1,Numeracy - % Meeting Level,80-90%
2024/25,North Lanarkshire,Chapelside Primary School,P1,Reading - % Meeting Level,70-80%
2024/25,North Lanarkshire,Chapelside Primary School,P1,Writing - % Meeting Level,70-80%
2024/25,North Lanarkshire,Chapelside Primary School,"P1, P4 & P7 combined",Listening & Talking - % Meeting Level,90+%
2024/25,North Lanarkshire,Chapelside Primary School,"P1, P4 & P7 combined",Numeracy - % Meeting Level,80-90%
2024/25,North Lanarkshire,Chapelside Primary School,"P1, P4 & P7 combined",Reading - % Meeting Level,80-90%
2024/25,North Lanarkshire,Chapelside Primary School,"P1, P4 & P7 combined",Writing - % Meeting Level,80-90%
2024/25,North Lanarkshire,Chapelside Primary School,P4,Listening & Talking - % Meeting Level,90+%
2024/25,North Lanarkshire,Chapelside Primary School,P4,Numeracy - % Meeting Level,70-80%
2024/25,North Lanarkshire,Chapelside Primary School,P4,Reading - % Meeting Level,80-90%
2024/25,North Lanarkshire,Chapelside Primary School,P4,Writing - % Meeting Level,70-80%
2024/25,North Lanarkshire,Chapelside Primary School,P7,Listening & Talking - % Meeting Level,90+%
2024/25,North Lanarkshire,Chapelside Primary School,P7,Numeracy - % Meeting Level,90+%
2024/25,North Lanarkshire,Chapelside Primary School,P7,Reading - % Meeting Level,90+%
2024/25,North Lanarkshire,Chapelside Primary School,P7,Writing - % Meeting Level,90+%
2024/25,North Lanarkshire,Christ The King Primary,P1,Listening & Talking - % Meeting Level,90+%
2024/25,North Lanarkshire,Christ The King Primary,P1,Numeracy - % Meeting Level,80-90%
2024/25,North Lanarkshire,Christ The King Primary,P1,Reading - % Meeting Level,80-90%
2024/25,North Lanarkshire,Christ The King Primary,P1,Writing - % Meeting Level,80-90%
2024/25,North Lanarkshire,Christ The King Primary,"P1, P4 & P7 combined",Listening & Talking - % Meeting Level,80-90%
2024/25,North Lanarkshire,Christ The King Primary,"P1, P4 & P7 combined",Numeracy - % Meeting Level,80-90%
2024/25,North Lanarkshire,Christ The King Primary,"P1, P4 & P7 combined",Reading - % Meeting Level,80-90%
2024/25,North Lanarkshire,Christ The King Primary,"P1, P4 & P7 combined",Writing - % Meeting Level,80-90%
2024/25,North Lanarkshire,Christ The King Primary,P4,Listening & Talking - % Meeting Level,80-90%
2024/25,North Lanarkshire,Christ The King Primary,P4,Numeracy - % Meeting Level,70-80%
2024/25,North Lanarkshire,Christ The King Primary,P4,Reading - % Meeting Level,80-90%
2024/25,North Lanarkshire,Christ The King Primary,P4,Writing - % Meeting Level,60-70%
2024/25,North Lanarkshire,Christ The King Primary,P7,Listening & Talking - % Meeting Level,90+%
2024/25,North Lanarkshire,Christ The King Primary,P7,Numeracy - % Meeting Level,80-90%
2024/25,North Lanarkshire,Christ The King Primary,P7,Reading - % Meeting Level,80-90%
2024/25,North Lanarkshire,Christ The King Primary,P7,Writing - % Meeting Level,80-90%
2024/25,North Lanarkshire,Chryston Primary School,P1,Listening & Talking - % Meeting Level,80-90%
2024/25,North Lanarkshire,Chryston Primary School,P1,Numeracy - % Meeting Level,80-90%
2024/25,North Lanarkshire,Chryston Primary School,P1,Reading - % Meeting Level,70-80%
2024/25,North Lanarkshire,Chryston Primary School,P1,Writing - % Meeting Level,70-80%
2024/25,North Lanarkshire,Chryston Primary School,"P1, P4 & P7 combined",Listening & Talking - % Meeting Level,80-90%
2024/25,North Lanarkshire,Chryston Primary School,"P1, P4 & P7 combined",Numeracy - % Meeting Level,70-80%
2024/25,North Lanarkshire,Chryston Primary School,"P1, P4 & P7 combined",Reading - % Meeting Level,70-80%
2024/25,North Lanarkshire,Chryston Primary School,"P1, P4 & P7 combined",Writing - % Meeting Level,60-70%
2024/25,North Lanarkshire,Chryston Primary School,P4,Listening & Talking - % Meeting Level,70-80%
2024/25,North Lanarkshire,Chryston Primary School,P4,Numeracy - % Meeting Level,70-80%
2024/25,North Lanarkshire,Chryston Primary School,P4,Reading - % Meeting Level,70-80%
2024/25,North Lanarkshire,Chryston Primary School,P4,Writing - % Meeting Level,60-70%
2024/25,North Lanarkshire,Chryston Primary School,P7,Listening & Talking - % Meeting Level,80-90%
2024/25,North Lanarkshire,Chryston Primary School,P7,Numeracy - % Meeting Level,70-80%
2024/25,North Lanarkshire,Chryston Primary School,P7,Reading - % Meeting Level,80-90%
2024/25,North Lanarkshire,Chryston Primary School,P7,Writing - % Meeting Level,60-70%
2024/25,North Lanarkshire,Clarkston Primary School,P1,Listening & Talking - % Meeting Level,90+%
2024/25,North Lanarkshire,Clarkston Primary School,P1,Numeracy - % Meeting Level,90+%
2024/25,North Lanarkshire,Clarkston Primary School,P1,Reading - % Meeting Level,90+%
2024/25,North Lanarkshire,Clarkston Primary School,P1,Writing - % Meeting Level,80-90%
2024/25,North Lanarkshire,Clarkston Primary School,"P1, P4 & P7 combined",Listening & Talking - % Meeting Level,90+%
2024/25,North Lanarkshire,Clarkston Primary School,"P1, P4 & P7 combined",Numeracy - % Meeting Level,90+%
2024/25,North Lanarkshire,Clarkston Primary School,"P1, P4 & P7 combined",Reading - % Meeting Level,90+%
2024/25,North Lanarkshire,Clarkston Primary School,"P1, P4 & P7 combined",Writing - % Meeting Level,80-90%
2024/25,North Lanarkshire,Clarkston Primary School,P4,Listening & Talking - % Meeting Level,90+%
2024/25,North Lanarkshire,Clarkston Primary School,P4,Numeracy - % Meeting Level,90+%
2024/25,North Lanarkshire,Clarkston Primary School,P4,Reading - % Meeting Level,90+%
2024/25,North Lanarkshire,Clarkston Primary School,P4,Writing - % Meeting Level,80-90%
2024/25,North Lanarkshire,Clarkston Primary School,P7,Listening & Talking - % Meeting Level,90+%
2024/25,North Lanarkshire,Clarkston Primary School,P7,Numeracy - % Meeting Level,80-90%
2024/25,North Lanarkshire,Clarkston Primary School,P7,Reading - % Meeting Level,90+%
2024/25,North Lanarkshire,Clarkston Primary School,P7,Writing - % Meeting Level,80-90%
2024/25,North Lanarkshire,Cleland Primary School,P1,Listening & Talking - % Meeting Level,c
2024/25,North Lanarkshire,Cleland Primary School,P1,Numeracy - % Meeting Level,c
2024/25,North Lanarkshire,Cleland Primary School,P1,Reading - % Meeting Level,c
2024/25,North Lanarkshire,Cleland Primary School,P1,Writing - % Meeting Level,c
2024/25,North Lanarkshire,Cleland Primary School,"P1, P4 & P7 combined",Listening & Talking - % Meeting Level,80-90%
2024/25,North Lanarkshire,Cleland Primary School,"P1, P4 & P7 combined",Numeracy - % Meeting Level,70-80%
2024/25,North Lanarkshire,Cleland Primary School,"P1, P4 & P7 combined",Reading - % Meeting Level,70-80%
2024/25,North Lanarkshire,Cleland Primary School,"P1, P4 & P7 combined",Writing - % Meeting Level,70-80%
2024/25,North Lanarkshire,Cleland Primary School,P4,Listening & Talking - % Meeting Level,70-80%
2024/25,North Lanarkshire,Cleland Primary School,P4,Numeracy - % Meeting Level,70-80%
2024/25,North Lanarkshire,Cleland Primary School,P4,Reading - % Meeting Level,70-80%
2024/25,North Lanarkshire,Cleland Primary School,P4,Writing - % Meeting Level,70-80%
2024/25,North Lanarkshire,Cleland Primary School,P7,Listening & Talking - % Meeting Level,c
2024/25,North Lanarkshire,Cleland Primary School,P7,Numeracy - % Meeting Level,c
2024/25,North Lanarkshire,Cleland Primary School,P7,Reading - % Meeting Level,c
2024/25,North Lanarkshire,Cleland Primary School,P7,Writing - % Meeting Level,c
2024/25,North Lanarkshire,Condorrat Primary School,P1,Listening & Talking - % Meeting Level,c
2024/25,North Lanarkshire,Condorrat Primary School,P1,Numeracy - % Meeting Level,c
2024/25,North Lanarkshire,Condorrat Primary School,P1,Reading - % Meeting Level,c
2024/25,North Lanarkshire,Condorrat Primary School,P1,Writing - % Meeting Level,c
2024/25,North Lanarkshire,Condorrat Primary School,"P1, P4 & P7 combined",Listening & Talking - % Meeting Level,90+%
2024/25,North Lanarkshire,Condorrat Primary School,"P1, P4 & P7 combined",Numeracy - % Meeting Level,70-80%
2024/25,North Lanarkshire,Condorrat Primary School,"P1, P4 & P7 combined",Reading - % Meeting Level,80-90%
2024/25,North Lanarkshire,Condorrat Primary School,"P1, P4 & P7 combined",Writing - % Meeting Level,80-90%
2024/25,North Lanarkshire,Condorrat Primary School,P4,Listening & Talking - % Meeting Level,c
2024/25,North Lanarkshire,Condorrat Primary School,P4,Numeracy - % Meeting Level,80-90%
2024/25,North Lanarkshire,Condorrat Primary School,P4,Reading - % Meeting Level,c
2024/25,North Lanarkshire,Condorrat Primary School,P4,Writing - % Meeting Level,c
2024/25,North Lanarkshire,Condorrat Primary School,P7,Listening & Talking - % Meeting Level,90+%
2024/25,North Lanarkshire,Condorrat Primary School,P7,Numeracy - % Meeting Level,60-70%
2024/25,North Lanarkshire,Condorrat Primary School,P7,Reading - % Meeting Level,70-80%
2024/25,North Lanarkshire,Condorrat Primary School,P7,Writing - % Meeting Level,70-80%
2024/25,North Lanarkshire,Corpus Christi Primary School,P1,Listening & Talking - % Meeting Level,c
2024/25,North Lanarkshire,Corpus Christi Primary School,P1,Numeracy - % Meeting Level,c
2024/25,North Lanarkshire,Corpus Christi Primary School,P1,Reading - % Meeting Level,c
2024/25,North Lanarkshire,Corpus Christi Primary School,P1,Writing - % Meeting Level,c
2024/25,North Lanarkshire,Corpus Christi Primary School,"P1, P4 & P7 combined",Listening & Talking - % Meeting Level,90+%
2024/25,North Lanarkshire,Corpus Christi Primary School,"P1, P4 & P7 combined",Numeracy - % Meeting Level,90+%
2024/25,North Lanarkshire,Corpus Christi Primary School,"P1, P4 & P7 combined",Reading - % Meeting Level,90+%
2024/25,North Lanarkshire,Corpus Christi Primary School,"P1, P4 & P7 combined",Writing - % Meeting Level,80-90%
2024/25,North Lanarkshire,Corpus Christi Primary School,P4,Listening & Talking - % Meeting Level,c
2024/25,North Lanarkshire,Corpus Christi Primary School,P4,Numeracy - % Meeting Level,c
2024/25,North Lanarkshire,Corpus Christi Primary School,P4,Reading - % Meeting Level,c
2024/25,North Lanarkshire,Corpus Christi Primary School,P4,Writing - % Meeting Level,c
2024/25,North Lanarkshire,Corpus Christi Primary School,P7,Listening & Talking - % Meeting Level,c
2024/25,North Lanarkshire,Corpus Christi Primary School,P7,Numeracy - % Meeting Level,c
2024/25,North Lanarkshire,Corpus Christi Primary School,P7,Reading - % Meeting Level,c
2024/25,North Lanarkshire,Corpus Christi Primary School,P7,Writing - % Meeting Level,c
2024/25,North Lanarkshire,Cumbernauld Primary School,P1,Listening & Talking - % Meeting Level,90+%
2024/25,North Lanarkshire,Cumbernauld Primary School,P1,Numeracy - % Meeting Level,90+%
2024/25,North Lanarkshire,Cumbernauld Primary School,P1,Reading - % Meeting Level,90+%
2024/25,North Lanarkshire,Cumbernauld Primary School,P1,Writing - % Meeting Level,90+%
2024/25,North Lanarkshire,Cumbernauld Primary School,"P1, P4 & P7 combined",Listening & Talking - % Meeting Level,90+%
2024/25,North Lanarkshire,Cumbernauld Primary School,"P1, P4 & P7 combined",Numeracy - % Meeting Level,90+%
2024/25,North Lanarkshire,Cumbernauld Primary School,"P1, P4 & P7 combined",Reading - % Meeting Level,80-90%
2024/25,North Lanarkshire,Cumbernauld Primary School,"P1, P4 & P7 combined",Writing - % Meeting Level,80-90%
2024/25,North Lanarkshire,Cumbernauld Primary School,P4,Listening & Talking - % Meeting Level,90+%
2024/25,North Lanarkshire,Cumbernauld Primary School,P4,Numeracy - % Meeting Level,90+%
2024/25,North Lanarkshire,Cumbernauld Primary School,P4,Reading - % Meeting Level,80-90%
2024/25,North Lanarkshire,Cumbernauld Primary School,P4,Writing - % Meeting Level,70-80%
2024/25,North Lanarkshire,Cumbernauld Primary School,P7,Listening & Talking - % Meeting Level,90+%
2024/25,North Lanarkshire,Cumbernauld Primary School,P7,Numeracy - % Meeting Level,80-90%
2024/25,North Lanarkshire,Cumbernauld Primary School,P7,Reading - % Meeting Level,90+%
2024/25,North Lanarkshire,Cumbernauld Primary School,P7,Writing - % Meeting Level,80-90%
2024/25,North Lanarkshire,Dykehead Primary School,P1,Listening & Talking - % Meeting Level,80-90%
2024/25,North Lanarkshire,Dykehead Primary School,P1,Numeracy - % Meeting Level,80-90%
2024/25,North Lanarkshire,Dykehead Primary School,P1,Reading - % Meeting Level,70-80%
2024/25,North Lanarkshire,Dykehead Primary School,P1,Writing - % Meeting Level,70-80%
2024/25,North Lanarkshire,Dykehead Primary School,"P1, P4 & P7 combined",Listening & Talking - % Meeting Level,80-90%
2024/25,North Lanarkshire,Dykehead Primary School,"P1, P4 & P7 combined",Numeracy - % Meeting Level,70-80%
2024/25,North Lanarkshire,Dykehead Primary School,"P1, P4 & P7 combined",Reading - % Meeting Level,70-80%
2024/25,North Lanarkshire,Dykehead Primary School,"P1, P4 & P7 combined",Writing - % Meeting Level,70-80%
2024/25,North Lanarkshire,Dykehead Primary School,P4,Listening & Talking - % Meeting Level,80-90%
2024/25,North Lanarkshire,Dykehead Primary School,P4,Numeracy - % Meeting Level,70-80%
2024/25,North Lanarkshire,Dykehead Primary School,P4,Reading - % Meeting Level,70-80%
2024/25,North Lanarkshire,Dykehead Primary School,P4,Writing - % Meeting Level,80-90%
2024/25,North Lanarkshire,Dykehead Primary School,P7,Listening & Talking - % Meeting Level,90+%
2024/25,North Lanarkshire,Dykehead Primary School,P7,Numeracy - % Meeting Level,50-60%
2024/25,North Lanarkshire,Dykehead Primary School,P7,Reading - % Meeting Level,70-80%
2024/25,North Lanarkshire,Dykehead Primary School,P7,Writing - % Meeting Level,60-70%
2024/25,North Lanarkshire,Eastfield Primary School,P1,Listening & Talking - % Meeting Level,90+%
2024/25,North Lanarkshire,Eastfield Primary School,P1,Numeracy - % Meeting Level,90+%
2024/25,North Lanarkshire,Eastfield Primary School,P1,Reading - % Meeting Level,90+%
2024/25,North Lanarkshire,Eastfield Primary School,P1,Writing - % Meeting Level,90+%
2024/25,North Lanarkshire,Eastfield Primary School,"P1, P4 & P7 combined",Listening & Talking - % Meeting Level,90+%
2024/25,North Lanarkshire,Eastfield Primary School,"P1, P4 & P7 combined",Numeracy - % Meeting Level,90+%
2024/25,North Lanarkshire,Eastfield Primary School,"P1, P4 & P7 combined",Reading - % Meeting Level,80-90%
2024/25,North Lanarkshire,Eastfield Primary School,"P1, P4 & P7 combined",Writing - % Meeting Level,80-90%
2024/25,North Lanarkshire,Eastfield Primary School,P4,Listening & Talking - % Meeting Level,90+%
2024/25,North Lanarkshire,Eastfield Primary School,P4,Numeracy - % Meeting Level,80-90%
2024/25,North Lanarkshire,Eastfield Primary School,P4,Reading - % Meeting Level,80-90%
2024/25,North Lanarkshire,Eastfield Primary School,P4,Writing - % Meeting Level,70-80%
2024/25,North Lanarkshire,Eastfield Primary School,P7,Listening & Talking - % Meeting Level,90+%
2024/25,North Lanarkshire,Eastfield Primary School,P7,Numeracy - % Meeting Level,80-90%
2024/25,North Lanarkshire,Eastfield Primary School,P7,Reading - % Meeting Level,90+%
2024/25,North Lanarkshire,Eastfield Primary School,P7,Writing - % Meeting Level,90+%
2024/25,North Lanarkshire,Gartcosh Primary School,P1,Listening & Talking - % Meeting Level,90+%
2024/25,North Lanarkshire,Gartcosh Primary School,P1,Numeracy - % Meeting Level,90+%
2024/25,North Lanarkshire,Gartcosh Primary School,P1,Reading - % Meeting Level,90+%
2024/25,North Lanarkshire,Gartcosh Primary School,P1,Writing - % Meeting Level,90+%
2024/25,North Lanarkshire,Gartcosh Primary School,"P1, P4 & P7 combined",Listening & Talking - % Meeting Level,90+%
2024/25,North Lanarkshire,Gartcosh Primary School,"P1, P4 & P7 combined",Numeracy - % Meeting Level,80-90%
2024/25,North Lanarkshire,Gartcosh Primary School,"P1, P4 & P7 combined",Reading - % Meeting Level,80-90%
2024/25,North Lanarkshire,Gartcosh Primary School,"P1, P4 & P7 combined",Writing - % Meeting Level,80-90%
2024/25,North Lanarkshire,Gartcosh Primary School,P4,Listening & Talking - % Meeting Level,80-90%
2024/25,North Lanarkshire,Gartcosh Primary School,P4,Numeracy - % Meeting Level,70-80%
2024/25,North Lanarkshire,Gartcosh Primary School,P4,Reading - % Meeting Level,70-80%
2024/25,North Lanarkshire,Gartcosh Primary School,P4,Writing - % Meeting Level,70-80%
2024/25,North Lanarkshire,Gartcosh Primary School,P7,Listening & Talking - % Meeting Level,80-90%
2024/25,North Lanarkshire,Gartcosh Primary School,P7,Numeracy - % Meeting Level,60-70%
2024/25,North Lanarkshire,Gartcosh Primary School,P7,Reading - % Meeting Level,80-90%
2024/25,North Lanarkshire,Gartcosh Primary School,P7,Writing - % Meeting Level,60-70%
2024/25,North Lanarkshire,Glenboig Primary School,P1,Listening & Talking - % Meeting Level,80-90%
2024/25,North Lanarkshire,Glenboig Primary School,P1,Numeracy - % Meeting Level,90+%
2024/25,North Lanarkshire,Glenboig Primary School,P1,Reading - % Meeting Level,70-80%
2024/25,North Lanarkshire,Glenboig Primary School,P1,Writing - % Meeting Level,80-90%
2024/25,North Lanarkshire,Glenboig Primary School,"P1, P4 & P7 combined",Listening & Talking - % Meeting Level,80-90%
2024/25,North Lanarkshire,Glenboig Primary School,"P1, P4 & P7 combined",Numeracy - % Meeting Level,80-90%
2024/25,North Lanarkshire,Glenboig Primary School,"P1, P4 & P7 combined",Reading - % Meeting Level,70-80%
2024/25,North Lanarkshire,Glenboig Primary School,"P1, P4 & P7 combined",Writing - % Meeting Level,70-80%
2024/25,North Lanarkshire,Glenboig Primary School,P4,Listening & Talking - % Meeting Level,c
2024/25,North Lanarkshire,Glenboig Primary School,P4,Numeracy - % Meeting Level,c
2024/25,North Lanarkshire,Glenboig Primary School,P4,Reading - % Meeting Level,c
2024/25,North Lanarkshire,Glenboig Primary School,P4,Writing - % Meeting Level,c
2024/25,North Lanarkshire,Glenboig Primary School,P7,Listening & Talking - % Meeting Level,c
2024/25,North Lanarkshire,Glenboig Primary School,P7,Numeracy - % Meeting Level,c
2024/25,North Lanarkshire,Glenboig Primary School,P7,Reading - % Meeting Level,c
2024/25,North Lanarkshire,Glenboig Primary School,P7,Writing - % Meeting Level,c
2024/25,North Lanarkshire,Glencairn Primary School,P1,Listening & Talking - % Meeting Level,80-90%
2024/25,North Lanarkshire,Glencairn Primary School,P1,Numeracy - % Meeting Level,70-80%
2024/25,North Lanarkshire,Glencairn Primary School,P1,Reading - % Meeting Level,60-70%
2024/25,North Lanarkshire,Glencairn Primary School,P1,Writing - % Meeting Level,50-60%
2024/25,North Lanarkshire,Glencairn Primary School,"P1, P4 & P7 combined",Listening & Talking - % Meeting Level,80-90%
2024/25,North Lanarkshire,Glencairn Primary School,"P1, P4 & P7 combined",Numeracy - % Meeting Level,70-80%
2024/25,North Lanarkshire,Glencairn Primary School,"P1, P4 & P7 combined",Reading - % Meeting Level,70-80%
2024/25,North Lanarkshire,Glencairn Primary School,"P1, P4 & P7 combined",Writing - % Meeting Level,60-70%
2024/25,North Lanarkshire,Glencairn Primary School,P4,Listening & Talking - % Meeting Level,90+%
2024/25,North Lanarkshire,Glencairn Primary School,P4,Numeracy - % Meeting Level,70-80%
2024/25,North Lanarkshire,Glencairn Primary School,P4,Reading - % Meeting Level,80-90%
2024/25,North Lanarkshire,Glencairn Primary School,P4,Writing - % Meeting Level,60-70%
2024/25,North Lanarkshire,Glencairn Primary School,P7,Listening & Talking - % Meeting Level,70-80%
2024/25,North Lanarkshire,Glencairn Primary School,P7,Numeracy - % Meeting Level,60-70%
2024/25,North Lanarkshire,Glencairn Primary School,P7,Reading - % Meeting Level,70-80%
2024/25,North Lanarkshire,Glencairn Primary School,P7,Writing - % Meeting Level,60-70%
2024/25,North Lanarkshire,Glengowan Primary School,P1,Listening & Talking - % Meeting Level,c
2024/25,North Lanarkshire,Glengowan Primary School,P1,Numeracy - % Meeting Level,c
2024/25,North Lanarkshire,Glengowan Primary School,P1,Reading - % Meeting Level,c
2024/25,North Lanarkshire,Glengowan Primary School,P1,Writing - % Meeting Level,c
2024/25,North Lanarkshire,Glengowan Primary School,"P1, P4 & P7 combined",Listening & Talking - % Meeting Level,70-80%
2024/25,North Lanarkshire,Glengowan Primary School,"P1, P4 & P7 combined",Numeracy - % Meeting Level,60-70%
2024/25,North Lanarkshire,Glengowan Primary School,"P1, P4 & P7 combined",Reading - % Meeting Level,60-70%
2024/25,North Lanarkshire,Glengowan Primary School,"P1, P4 & P7 combined",Writing - % Meeting Level,60-70%
2024/25,North Lanarkshire,Glengowan Primary School,P4,Listening & Talking - % Meeting Level,c
2024/25,North Lanarkshire,Glengowan Primary School,P4,Numeracy - % Meeting Level,c
2024/25,North Lanarkshire,Glengowan Primary School,P4,Reading - % Meeting Level,c
2024/25,North Lanarkshire,Glengowan Primary School,P4,Writing - % Meeting Level,c
2024/25,North Lanarkshire,Glengowan Primary School,P7,Listening & Talking - % Meeting Level,80-90%
2024/25,North Lanarkshire,Glengowan Primary School,P7,Numeracy - % Meeting Level,70-80%
2024/25,North Lanarkshire,Glengowan Primary School,P7,Reading - % Meeting Level,70-80%
2024/25,North Lanarkshire,Glengowan Primary School,P7,Writing - % Meeting Level,70-80%
2024/25,North Lanarkshire,Glenmanor Primary School,P1,Listening & Talking - % Meeting Level,c
2024/25,North Lanarkshire,Glenmanor Primary School,P1,Numeracy - % Meeting Level,c
2024/25,North Lanarkshire,Glenmanor Primary School,P1,Reading - % Meeting Level,c
2024/25,North Lanarkshire,Glenmanor Primary School,P1,Writing - % Meeting Level,c
2024/25,North Lanarkshire,Glenmanor Primary School,"P1, P4 & P7 combined",Listening & Talking - % Meeting Level,80-90%
2024/25,North Lanarkshire,Glenmanor Primary School,"P1, P4 & P7 combined",Numeracy - % Meeting Level,70-80%
2024/25,North Lanarkshire,Glenmanor Primary School,"P1, P4 & P7 combined",Reading - % Meeting Level,70-80%
2024/25,North Lanarkshire,Glenmanor Primary School,"P1, P4 & P7 combined",Writing - % Meeting Level,70-80%
2024/25,North Lanarkshire,Glenmanor Primary School,P4,Listening & Talking - % Meeting Level,80-90%
2024/25,North Lanarkshire,Glenmanor Primary School,P4,Numeracy - % Meeting Level,70-80%
2024/25,North Lanarkshire,Glenmanor Primary School,P4,Reading - % Meeting Level,70-80%
2024/25,North Lanarkshire,Glenmanor Primary School,P4,Writing - % Meeting Level,70-80%
2024/25,North Lanarkshire,Glenmanor Primary School,P7,Listening & Talking - % Meeting Level,80-90%
2024/25,North Lanarkshire,Glenmanor Primary School,P7,Numeracy - % Meeting Level,60-70%
2024/25,North Lanarkshire,Glenmanor Primary School,P7,Reading - % Meeting Level,70-80%
2024/25,North Lanarkshire,Glenmanor Primary School,P7,Writing - % Meeting Level,70-80%
2024/25,North Lanarkshire,Golfhill Primary School,P1,Listening & Talking - % Meeting Level,90+%
2024/25,North Lanarkshire,Golfhill Primary School,P1,Numeracy - % Meeting Level,90+%
2024/25,North Lanarkshire,Golfhill Primary School,P1,Reading - % Meeting Level,90+%
2024/25,North Lanarkshire,Golfhill Primary School,P1,Writing - % Meeting Level,90+%
2024/25,North Lanarkshire,Golfhill Primary School,"P1, P4 & P7 combined",Listening & Talking - % Meeting Level,80-90%
2024/25,North Lanarkshire,Golfhill Primary School,"P1, P4 & P7 combined",Numeracy - % Meeting Level,80-90%
2024/25,North Lanarkshire,Golfhill Primary School,"P1, P4 & P7 combined",Reading - % Meeting Level,80-90%
2024/25,North Lanarkshire,Golfhill Primary School,"P1, P4 & P7 combined",Writing - % Meeting Level,80-90%
2024/25,North Lanarkshire,Golfhill Primary School,P4,Listening & Talking - % Meeting Level,80-90%
2024/25,North Lanarkshire,Golfhill Primary School,P4,Numeracy - % Meeting Level,70-80%
2024/25,North Lanarkshire,Golfhill Primary School,P4,Reading - % Meeting Level,80-90%
2024/25,North Lanarkshire,Golfhill Primary School,P4,Writing - % Meeting Level,80-90%
2024/25,North Lanarkshire,Golfhill Primary School,P7,Listening & Talking - % Meeting Level,80-90%
2024/25,North Lanarkshire,Golfhill Primary School,P7,Numeracy - % Meeting Level,80-90%
2024/25,North Lanarkshire,Golfhill Primary School,P7,Reading - % Meeting Level,70-80%
2024/25,North Lanarkshire,Golfhill Primary School,P7,Writing - % Meeting Level,70-80%
2024/25,North Lanarkshire,Greengairs Primary School,P1,Listening & Talking - % Meeting Level,c
2024/25,North Lanarkshire,Greengairs Primary School,P1,Numeracy - % Meeting Level,c
2024/25,North Lanarkshire,Greengairs Primary School,P1,Reading - % Meeting Level,c
2024/25,North Lanarkshire,Greengairs Primary School,P1,Writing - % Meeting Level,c
2024/25,North Lanarkshire,Greengairs Primary School,"P1, P4 & P7 combined",Listening & Talking - % Meeting Level,90+%
2024/25,North Lanarkshire,Greengairs Primary School,"P1, P4 & P7 combined",Numeracy - % Meeting Level,90+%
2024/25,North Lanarkshire,Greengairs Primary School,"P1, P4 & P7 combined",Reading - % Meeting Level,90+%
2024/25,North Lanarkshire,Greengairs Primary School,"P1, P4 & P7 combined",Writing - % Meeting Level,90+%
2024/25,North Lanarkshire,Greengairs Primary School,P4,Listening & Talking - % Meeting Level,c
2024/25,North Lanarkshire,Greengairs Primary School,P4,Numeracy - % Meeting Level,c
2024/25,North Lanarkshire,Greengairs Primary School,P4,Reading - % Meeting Level,c
2024/25,North Lanarkshire,Greengairs Primary School,P4,Writing - % Meeting Level,c
2024/25,North Lanarkshire,Greengairs Primary School,P7,Listening & Talking - % Meeting Level,c
2024/25,North Lanarkshire,Greengairs Primary School,P7,Numeracy - % Meeting Level,c
2024/25,North Lanarkshire,Greengairs Primary School,P7,Reading - % Meeting Level,c
2024/25,North Lanarkshire,Greengairs Primary School,P7,Writing - % Meeting Level,c
2024/25,North Lanarkshire,Greenhill Primary School,P1,Listening & Talking - % Meeting Level,80-90%
2024/25,North Lanarkshire,Greenhill Primary School,P1,Numeracy - % Meeting Level,80-90%
2024/25,North Lanarkshire,Greenhill Primary School,P1,Reading - % Meeting Level,70-80%
2024/25,North Lanarkshire,Greenhill Primary School,P1,Writing - % Meeting Level,70-80%
2024/25,North Lanarkshire,Greenhill Primary School,"P1, P4 & P7 combined",Listening & Talking - % Meeting Level,90+%
2024/25,North Lanarkshire,Greenhill Primary School,"P1, P4 & P7 combined",Numeracy - % Meeting Level,70-80%
2024/25,North Lanarkshire,Greenhill Primary School,"P1, P4 & P7 combined",Reading - % Meeting Level,70-80%
2024/25,North Lanarkshire,Greenhill Primary School,"P1, P4 & P7 combined",Writing - % Meeting Level,70-80%
2024/25,North Lanarkshire,Greenhill Primary School,P4,Listening & Talking - % Meeting Level,80-90%
2024/25,North Lanarkshire,Greenhill Primary School,P4,Numeracy - % Meeting Level,60-70%
2024/25,North Lanarkshire,Greenhill Primary School,P4,Reading - % Meeting Level,70-80%
2024/25,North Lanarkshire,Greenhill Primary School,P4,Writing - % Meeting Level,70-80%
2024/25,North Lanarkshire,Greenhill Primary School,P7,Listening & Talking - % Meeting Level,90+%
2024/25,North Lanarkshire,Greenhill Primary School,P7,Numeracy - % Meeting Level,80-90%
2024/25,North Lanarkshire,Greenhill Primary School,P7,Reading - % Meeting Level,80-90%
2024/25,North Lanarkshire,Greenhill Primary School,P7,Writing - % Meeting Level,80-90%
2024/25,North Lanarkshire,Hilltop Primary School,P1,Listening & Talking - % Meeting Level,70-80%
2024/25,North Lanarkshire,Hilltop Primary School,P1,Numeracy - % Meeting Level,70-80%
2024/25,North Lanarkshire,Hilltop Primary School,P1,Reading - % Meeting Level,80-90%
2024/25,North Lanarkshire,Hilltop Primary School,P1,Writing - % Meeting Level,70-80%
2024/25,North Lanarkshire,Hilltop Primary School,"P1, P4 & P7 combined",Listening & Talking - % Meeting Level,70-80%
2024/25,North Lanarkshire,Hilltop Primary School,"P1, P4 & P7 combined",Numeracy - % Meeting Level,60-70%
2024/25,North Lanarkshire,Hilltop Primary School,"P1, P4 & P7 combined",Reading - % Meeting Level,60-70%
2024/25,North Lanarkshire,Hilltop Primary School,"P1, P4 & P7 combined",Writing - % Meeting Level,60-70%
2024/25,North Lanarkshire,Hilltop Primary School,P4,Listening & Talking - % Meeting Level,60-70%
2024/25,North Lanarkshire,Hilltop Primary School,P4,Numeracy - % Meeting Level,60-70%
2024/25,North Lanarkshire,Hilltop Primary School,P4,Reading - % Meeting Level,50-60%
2024/25,North Lanarkshire,Hilltop Primary School,P4,Writing - % Meeting Level,50-60%
2024/25,North Lanarkshire,Hilltop Primary School,P7,Listening & Talking - % Meeting Level,70-80%
2024/25,North Lanarkshire,Hilltop Primary School,P7,Numeracy - % Meeting Level,60-70%
2024/25,North Lanarkshire,Hilltop Primary School,P7,Reading - % Meeting Level,60-70%
2024/25,North Lanarkshire,Hilltop Primary School,P7,Writing - % Meeting Level,60-70%
2024/25,North Lanarkshire,Holy Cross Primary School,P1,Listening & Talking - % Meeting Level,90+%
2024/25,North Lanarkshire,Holy Cross Primary School,P1,Numeracy - % Meeting Level,90+%
2024/25,North Lanarkshire,Holy Cross Primary School,P1,Reading - % Meeting Level,90+%
2024/25,North Lanarkshire,Holy Cross Primary School,P1,Writing - % Meeting Level,80-90%
2024/25,North Lanarkshire,Holy Cross Primary School,"P1, P4 & P7 combined",Listening & Talking - % Meeting Level,90+%
2024/25,North Lanarkshire,Holy Cross Primary School,"P1, P4 & P7 combined",Numeracy - % Meeting Level,90+%
2024/25,North Lanarkshire,Holy Cross Primary School,"P1, P4 & P7 combined",Reading - % Meeting Level,90+%
2024/25,North Lanarkshire,Holy Cross Primary School,"P1, P4 & P7 combined",Writing - % Meeting Level,80-90%
2024/25,North Lanarkshire,Holy Cross Primary School,P4,Listening & Talking - % Meeting Level,90+%
2024/25,North Lanarkshire,Holy Cross Primary School,P4,Numeracy - % Meeting Level,90+%
2024/25,North Lanarkshire,Holy Cross Primary School,P4,Reading - % Meeting Level,80-90%
2024/25,North Lanarkshire,Holy Cross Primary School,P4,Writing - % Meeting Level,70-80%
2024/25,North Lanarkshire,Holy Cross Primary School,P7,Listening & Talking - % Meeting Level,90+%
2024/25,North Lanarkshire,Holy Cross Primary School,P7,Numeracy - % Meeting Level,90+%
2024/25,North Lanarkshire,Holy Cross Primary School,P7,Reading - % Meeting Level,90+%
2024/25,North Lanarkshire,Holy Cross Primary School,P7,Writing - % Meeting Level,90+%
2024/25,North Lanarkshire,Holy Family Primary School,P1,Listening & Talking - % Meeting Level,80-90%
2024/25,North Lanarkshire,Holy Family Primary School,P1,Numeracy - % Meeting Level,80-90%
2024/25,North Lanarkshire,Holy Family Primary School,P1,Reading - % Meeting Level,70-80%
2024/25,North Lanarkshire,Holy Family Primary School,P1,Writing - % Meeting Level,70-80%
2024/25,North Lanarkshire,Holy Family Primary School,"P1, P4 & P7 combined",Listening & Talking - % Meeting Level,80-90%
2024/25,North Lanarkshire,Holy Family Primary School,"P1, P4 & P7 combined",Numeracy - % Meeting Level,70-80%
2024/25,North Lanarkshire,Holy Family Primary School,"P1, P4 & P7 combined",Reading - % Meeting Level,70-80%
2024/25,North Lanarkshire,Holy Family Primary School,"P1, P4 & P7 combined",Writing - % Meeting Level,70-80%
2024/25,North Lanarkshire,Holy Family Primary School,P4,Listening & Talking - % Meeting Level,c
2024/25,North Lanarkshire,Holy Family Primary School,P4,Numeracy - % Meeting Level,c
2024/25,North Lanarkshire,Holy Family Primary School,P4,Reading - % Meeting Level,c
2024/25,North Lanarkshire,Holy Family Primary School,P4,Writing - % Meeting Level,c
2024/25,North Lanarkshire,Holy Family Primary School,P7,Listening & Talking - % Meeting Level,70-80%
2024/25,North Lanarkshire,Holy Family Primary School,P7,Numeracy - % Meeting Level,60-70%
2024/25,North Lanarkshire,Holy Family Primary School,P7,Reading - % Meeting Level,70-80%
2024/25,North Lanarkshire,Holy Family Primary School,P7,Writing - % Meeting Level,60-70%
2024/25,North Lanarkshire,Holytown Primary School,P1,Listening & Talking - % Meeting Level,90+%
2024/25,North Lanarkshire,Holytown Primary School,P1,Numeracy - % Meeting Level,90+%
2024/25,North Lanarkshire,Holytown Primary School,P1,Reading - % Meeting Level,80-90%
2024/25,North Lanarkshire,Holytown Primary School,P1,Writing - % Meeting Level,80-90%
2024/25,North Lanarkshire,Holytown Primary School,"P1, P4 & P7 combined",Listening & Talking - % Meeting Level,90+%
2024/25,North Lanarkshire,Holytown Primary School,"P1, P4 & P7 combined",Numeracy - % Meeting Level,80-90%
2024/25,North Lanarkshire,Holytown Primary School,"P1, P4 & P7 combined",Reading - % Meeting Level,80-90%
2024/25,North Lanarkshire,Holytown Primary School,"P1, P4 & P7 combined",Writing - % Meeting Level,70-80%
2024/25,North Lanarkshire,Holytown Primary School,P4,Listening & Talking - % Meeting Level,90+%
2024/25,North Lanarkshire,Holytown Primary School,P4,Numeracy - % Meeting Level,80-90%
2024/25,North Lanarkshire,Holytown Primary School,P4,Reading - % Meeting Level,80-90%
2024/25,North Lanarkshire,Holytown Primary School,P4,Writing - % Meeting Level,80-90%
2024/25,North Lanarkshire,Holytown Primary School,P7,Listening & Talking - % Meeting Level,90+%
2024/25,North Lanarkshire,Holytown Primary School,P7,Numeracy - % Meeting Level,90+%
2024/25,North Lanarkshire,Holytown Primary School,P7,Reading - % Meeting Level,80-90%
2024/25,North Lanarkshire,Holytown Primary School,P7,Writing - % Meeting Level,60-70%
2024/25,North Lanarkshire,Keir Hardie Memorial Primary,P1,Listening & Talking - % Meeting Level,80-90%
2024/25,North Lanarkshire,Keir Hardie Memorial Primary,P1,Numeracy - % Meeting Level,80-90%
2024/25,North Lanarkshire,Keir Hardie Memorial Primary,P1,Reading - % Meeting Level,80-90%
2024/25,North Lanarkshire,Keir Hardie Memorial Primary,P1,Writing - % Meeting Level,70-80%
2024/25,North Lanarkshire,Keir Hardie Memorial Primary,"P1, P4 & P7 combined",Listening & Talking - % Meeting Level,70-80%
2024/25,North Lanarkshire,Keir Hardie Memorial Primary,"P1, P4 & P7 combined",Numeracy - % Meeting Level,70-80%
2024/25,North Lanarkshire,Keir Hardie Memorial Primary,"P1, P4 & P7 combined",Reading - % Meeting Level,60-70%
2024/25,North Lanarkshire,Keir Hardie Memorial Primary,"P1, P4 & P7 combined",Writing - % Meeting Level,60-70%
2024/25,North Lanarkshire,Keir Hardie Memorial Primary,P4,Listening & Talking - % Meeting Level,50-60%
2024/25,North Lanarkshire,Keir Hardie Memorial Primary,P4,Numeracy - % Meeting Level,60-70%
2024/25,North Lanarkshire,Keir Hardie Memorial Primary,P4,Reading - % Meeting Level,40-50%
2024/25,North Lanarkshire,Keir Hardie Memorial Primary,P4,Writing - % Meeting Level,40-50%
2024/25,North Lanarkshire,Keir Hardie Memorial Primary,P7,Listening & Talking - % Meeting Level,70-80%
2024/25,North Lanarkshire,Keir Hardie Memorial Primary,P7,Numeracy - % Meeting Level,70-80%
2024/25,North Lanarkshire,Keir Hardie Memorial Primary,P7,Reading - % Meeting Level,60-70%
2024/25,North Lanarkshire,Keir Hardie Memorial Primary,P7,Writing - % Meeting Level,60-70%
2024/25,North Lanarkshire,Kildrum Primary School,P1,Listening & Talking - % Meeting Level,80-90%
2024/25,North Lanarkshire,Kildrum Primary School,P1,Numeracy - % Meeting Level,80-90%
2024/25,North Lanarkshire,Kildrum Primary School,P1,Reading - % Meeting Level,80-90%
2024/25,North Lanarkshire,Kildrum Primary School,P1,Writing - % Meeting Level,80-90%
2024/25,North Lanarkshire,Kildrum Primary School,"P1, P4 & P7 combined",Listening & Talking - % Meeting Level,80-90%
2024/25,North Lanarkshire,Kildrum Primary School,"P1, P4 & P7 combined",Numeracy - % Meeting Level,70-80%
2024/25,North Lanarkshire,Kildrum Primary School,"P1, P4 & P7 combined",Reading - % Meeting Level,70-80%
2024/25,North Lanarkshire,Kildrum Primary School,"P1, P4 & P7 combined",Writing - % Meeting Level,70-80%
2024/25,North Lanarkshire,Kildrum Primary School,P4,Listening & Talking - % Meeting Level,70-80%
2024/25,North Lanarkshire,Kildrum Primary School,P4,Numeracy - % Meeting Level,60-70%
2024/25,North Lanarkshire,Kildrum Primary School,P4,Reading - % Meeting Level,70-80%
2024/25,North Lanarkshire,Kildrum Primary School,P4,Writing - % Meeting Level,60-70%
2024/25,North Lanarkshire,Kildrum Primary School,P7,Listening & Talking - % Meeting Level,80-90%
2024/25,North Lanarkshire,Kildrum Primary School,P7,Numeracy - % Meeting Level,70-80%
2024/25,North Lanarkshire,Kildrum Primary School,P7,Reading - % Meeting Level,70-80%
2024/25,North Lanarkshire,Kildrum Primary School,P7,Writing - % Meeting Level,70-80%
2024/25,North Lanarkshire,Kilsyth Primary School,P1,Listening & Talking - % Meeting Level,c
2024/25,North Lanarkshire,Kilsyth Primary School,P1,Numeracy - % Meeting Level,c
2024/25,North Lanarkshire,Kilsyth Primary School,P1,Reading - % Meeting Level,c
2024/25,North Lanarkshire,Kilsyth Primary School,P1,Writing - % Meeting Level,c
2024/25,North Lanarkshire,Kilsyth Primary School,"P1, P4 & P7 combined",Listening & Talking - % Meeting Level,70-80%
2024/25,North Lanarkshire,Kilsyth Primary School,"P1, P4 & P7 combined",Numeracy - % Meeting Level,80-90%
2024/25,North Lanarkshire,Kilsyth Primary School,"P1, P4 & P7 combined",Reading - % Meeting Level,80-90%
2024/25,North Lanarkshire,Kilsyth Primary School,"P1, P4 & P7 combined",Writing - % Meeting Level,80-90%
2024/25,North Lanarkshire,Kilsyth Primary School,P4,Listening & Talking - % Meeting Level,c
2024/25,North Lanarkshire,Kilsyth Primary School,P4,Numeracy - % Meeting Level,c
2024/25,North Lanarkshire,Kilsyth Primary School,P4,Reading - % Meeting Level,c
2024/25,North Lanarkshire,Kilsyth Primary School,P4,Writing - % Meeting Level,c
2024/25,North Lanarkshire,Kilsyth Primary School,P7,Listening & Talking - % Meeting Level,c
2024/25,North Lanarkshire,Kilsyth Primary School,P7,Numeracy - % Meeting Level,c
2024/25,North Lanarkshire,Kilsyth Primary School,P7,Reading - % Meeting Level,c
2024/25,North Lanarkshire,Kilsyth Primary School,P7,Writing - % Meeting Level,c
2024/25,North Lanarkshire,Kirk O'Shotts Primary School,P1,Listening & Talking - % Meeting Level,c
2024/25,North Lanarkshire,Kirk O'Shotts Primary School,P1,Numeracy - % Meeting Level,c
2024/25,North Lanarkshire,Kirk O'Shotts Primary School,P1,Reading - % Meeting Level,c
2024/25,North Lanarkshire,Kirk O'Shotts Primary School,P1,Writing - % Meeting Level,c
2024/25,North Lanarkshire,Kirk O'Shotts Primary School,"P1, P4 & P7 combined",Listening & Talking - % Meeting Level,70-80%
2024/25,North Lanarkshire,Kirk O'Shotts Primary School,"P1, P4 & P7 combined",Numeracy - % Meeting Level,70-80%
2024/25,North Lanarkshire,Kirk O'Shotts Primary School,"P1, P4 & P7 combined",Reading - % Meeting Level,70-80%
2024/25,North Lanarkshire,Kirk O'Shotts Primary School,"P1, P4 & P7 combined",Writing - % Meeting Level,70-80%
2024/25,North Lanarkshire,Kirk O'Shotts Primary School,P4,Listening & Talking - % Meeting Level,c
2024/25,North Lanarkshire,Kirk O'Shotts Primary School,P4,Numeracy - % Meeting Level,c
2024/25,North Lanarkshire,Kirk O'Shotts Primary School,P4,Reading - % Meeting Level,c
2024/25,North Lanarkshire,Kirk O'Shotts Primary School,P4,Writing - % Meeting Level,c
2024/25,North Lanarkshire,Kirk O'Shotts Primary School,P7,Listening & Talking - % Meeting Level,c
2024/25,North Lanarkshire,Kirk O'Shotts Primary School,P7,Numeracy - % Meeting Level,c
2024/25,North Lanarkshire,Kirk O'Shotts Primary School,P7,Reading - % Meeting Level,c
2024/25,North Lanarkshire,Kirk O'Shotts Primary School,P7,Writing - % Meeting Level,c
2024/25,North Lanarkshire,Kirkshaws Primary School,P1,Listening & Talking - % Meeting Level,90+%
2024/25,North Lanarkshire,Kirkshaws Primary School,P1,Numeracy - % Meeting Level,90+%
2024/25,North Lanarkshire,Kirkshaws Primary School,P1,Reading - % Meeting Level,90+%
2024/25,North Lanarkshire,Kirkshaws Primary School,P1,Writing - % Meeting Level,90+%
2024/25,North Lanarkshire,Kirkshaws Primary School,"P1, P4 & P7 combined",Listening & Talking - % Meeting Level,90+%
2024/25,North Lanarkshire,Kirkshaws Primary School,"P1, P4 & P7 combined",Numeracy - % Meeting Level,80-90%
2024/25,North Lanarkshire,Kirkshaws Primary School,"P1, P4 & P7 combined",Reading - % Meeting Level,80-90%
2024/25,North Lanarkshire,Kirkshaws Primary School,"P1, P4 & P7 combined",Writing - % Meeting Level,80-90%
2024/25,North Lanarkshire,Kirkshaws Primary School,P4,Listening & Talking - % Meeting Level,80-90%
2024/25,North Lanarkshire,Kirkshaws Primary School,P4,Numeracy - % Meeting Level,70-80%
2024/25,North Lanarkshire,Kirkshaws Primary School,P4,Reading - % Meeting Level,60-70%
2024/25,North Lanarkshire,Kirkshaws Primary School,P4,Writing - % Meeting Level,60-70%
2024/25,North Lanarkshire,Kirkshaws Primary School,P7,Listening & Talking - % Meeting Level,90+%
2024/25,North Lanarkshire,Kirkshaws Primary School,P7,Numeracy - % Meeting Level,80-90%
2024/25,North Lanarkshire,Kirkshaws Primary School,P7,Reading - % Meeting Level,80-90%
2024/25,North Lanarkshire,Kirkshaws Primary School,P7,Writing - % Meeting Level,80-90%
2024/25,North Lanarkshire,Knowetop Primary School,P1,Listening & Talking - % Meeting Level,90+%
2024/25,North Lanarkshire,Knowetop Primary School,P1,Numeracy - % Meeting Level,90+%
2024/25,North Lanarkshire,Knowetop Primary School,P1,Reading - % Meeting Level,80-90%
2024/25,North Lanarkshire,Knowetop Primary School,P1,Writing - % Meeting Level,80-90%
2024/25,North Lanarkshire,Knowetop Primary School,"P1, P4 & P7 combined",Listening & Talking - % Meeting Level,90+%
2024/25,North Lanarkshire,Knowetop Primary School,"P1, P4 & P7 combined",Numeracy - % Meeting Level,80-90%
2024/25,North Lanarkshire,Knowetop Primary School,"P1, P4 & P7 combined",Reading - % Meeting Level,80-90%
2024/25,North Lanarkshire,Knowetop Primary School,"P1, P4 & P7 combined",Writing - % Meeting Level,80-90%
2024/25,North Lanarkshire,Knowetop Primary School,P4,Listening & Talking - % Meeting Level,90+%
2024/25,North Lanarkshire,Knowetop Primary School,P4,Numeracy - % Meeting Level,90+%
2024/25,North Lanarkshire,Knowetop Primary School,P4,Reading - % Meeting Level,80-90%
2024/25,North Lanarkshire,Knowetop Primary School,P4,Writing - % Meeting Level,80-90%
2024/25,North Lanarkshire,Knowetop Primary School,P7,Listening & Talking - % Meeting Level,90+%
2024/25,North Lanarkshire,Knowetop Primary School,P7,Numeracy - % Meeting Level,70-80%
2024/25,North Lanarkshire,Knowetop Primary School,P7,Reading - % Meeting Level,80-90%
2024/25,North Lanarkshire,Knowetop Primary School,P7,Writing - % Meeting Level,80-90%
2024/25,North Lanarkshire,Ladywell Primary School,P1,Listening & Talking - % Meeting Level,90+%
2024/25,North Lanarkshire,Ladywell Primary School,P1,Numeracy - % Meeting Level,90+%
2024/25,North Lanarkshire,Ladywell Primary School,P1,Reading - % Meeting Level,90+%
2024/25,North Lanarkshire,Ladywell Primary School,P1,Writing - % Meeting Level,90+%
2024/25,North Lanarkshire,Ladywell Primary School,"P1, P4 & P7 combined",Listening & Talking - % Meeting Level,90+%
2024/25,North Lanarkshire,Ladywell Primary School,"P1, P4 & P7 combined",Numeracy - % Meeting Level,80-90%
2024/25,North Lanarkshire,Ladywell Primary School,"P1, P4 & P7 combined",Reading - % Meeting Level,90+%
2024/25,North Lanarkshire,Ladywell Primary School,"P1, P4 & P7 combined",Writing - % Meeting Level,80-90%
2024/25,North Lanarkshire,Ladywell Primary School,P4,Listening & Talking - % Meeting Level,90+%
2024/25,North Lanarkshire,Ladywell Primary School,P4,Numeracy - % Meeting Level,80-90%
2024/25,North Lanarkshire,Ladywell Primary School,P4,Reading - % Meeting Level,90+%
2024/25,North Lanarkshire,Ladywell Primary School,P4,Writing - % Meeting Level,70-80%
2024/25,North Lanarkshire,Ladywell Primary School,P7,Listening & Talking - % Meeting Level,90+%
2024/25,North Lanarkshire,Ladywell Primary School,P7,Numeracy - % Meeting Level,80-90%
2024/25,North Lanarkshire,Ladywell Primary School,P7,Reading - % Meeting Level,90+%
2024/25,North Lanarkshire,Ladywell Primary School,P7,Writing - % Meeting Level,90+%
2024/25,North Lanarkshire,Langloan Primary School,P1,Listening & Talking - % Meeting Level,90+%
2024/25,North Lanarkshire,Langloan Primary School,P1,Numeracy - % Meeting Level,90+%
2024/25,North Lanarkshire,Langloan Primary School,P1,Reading - % Meeting Level,90+%
2024/25,North Lanarkshire,Langloan Primary School,P1,Writing - % Meeting Level,90+%
2024/25,North Lanarkshire,Langloan Primary School,"P1, P4 & P7 combined",Listening & Talking - % Meeting Level,90+%
2024/25,North Lanarkshire,Langloan Primary School,"P1, P4 & P7 combined",Numeracy - % Meeting Level,80-90%
2024/25,North Lanarkshire,Langloan Primary School,"P1, P4 & P7 combined",Reading - % Meeting Level,80-90%
2024/25,North Lanarkshire,Langloan Primary School,"P1, P4 & P7 combined",Writing - % Meeting Level,80-90%
2024/25,North Lanarkshire,Langloan Primary School,P4,Listening & Talking - % Meeting Level,80-90%
2024/25,North Lanarkshire,Langloan Primary School,P4,Numeracy - % Meeting Level,70-80%
2024/25,North Lanarkshire,Langloan Primary School,P4,Reading - % Meeting Level,60-70%
2024/25,North Lanarkshire,Langloan Primary School,P4,Writing - % Meeting Level,60-70%
2024/25,North Lanarkshire,Langloan Primary School,P7,Listening & Talking - % Meeting Level,90+%
2024/25,North Lanarkshire,Langloan Primary School,P7,Numeracy - % Meeting Level,80-90%
2024/25,North Lanarkshire,Langloan Primary School,P7,Reading - % Meeting Level,90+%
2024/25,North Lanarkshire,Langloan Primary School,P7,Writing - % Meeting Level,80-90%
2024/25,North Lanarkshire,Lawmuir Primary School,P1,Listening & Talking - % Meeting Level,90+%
2024/25,North Lanarkshire,Lawmuir Primary School,P1,Numeracy - % Meeting Level,90+%
2024/25,North Lanarkshire,Lawmuir Primary School,P1,Reading - % Meeting Level,90+%
2024/25,North Lanarkshire,Lawmuir Primary School,P1,Writing - % Meeting Level,70-80%
2024/25,North Lanarkshire,Lawmuir Primary School,"P1, P4 & P7 combined",Listening & Talking - % Meeting Level,80-90%
2024/25,North Lanarkshire,Lawmuir Primary School,"P1, P4 & P7 combined",Numeracy - % Meeting Level,80-90%
2024/25,North Lanarkshire,Lawmuir Primary School,"P1, P4 & P7 combined",Reading - % Meeting Level,80-90%
2024/25,North Lanarkshire,Lawmuir Primary School,"P1, P4 & P7 combined",Writing - % Meeting Level,70-80%
2024/25,North Lanarkshire,Lawmuir Primary School,P4,Listening & Talking - % Meeting Level,80-90%
2024/25,North Lanarkshire,Lawmuir Primary School,P4,Numeracy - % Meeting Level,70-80%
2024/25,North Lanarkshire,Lawmuir Primary School,P4,Reading - % Meeting Level,80-90%
2024/25,North Lanarkshire,Lawmuir Primary School,P4,Writing - % Meeting Level,70-80%
2024/25,North Lanarkshire,Lawmuir Primary School,P7,Listening & Talking - % Meeting Level,80-90%
2024/25,North Lanarkshire,Lawmuir Primary School,P7,Numeracy - % Meeting Level,70-80%
2024/25,North Lanarkshire,Lawmuir Primary School,P7,Reading - % Meeting Level,80-90%
2024/25,North Lanarkshire,Lawmuir Primary School,P7,Writing - % Meeting Level,70-80%
2024/25,North Lanarkshire,Logans Primary School,P1,Listening & Talking - % Meeting Level,c
2024/25,North Lanarkshire,Logans Primary School,P1,Numeracy - % Meeting Level,c
2024/25,North Lanarkshire,Logans Primary School,P1,Reading - % Meeting Level,c
2024/25,North Lanarkshire,Logans Primary School,P1,Writing - % Meeting Level,c
2024/25,North Lanarkshire,Logans Primary School,"P1, P4 & P7 combined",Listening & Talking - % Meeting Level,80-90%
2024/25,North Lanarkshire,Logans Primary School,"P1, P4 & P7 combined",Numeracy - % Meeting Level,70-80%
2024/25,North Lanarkshire,Logans Primary School,"P1, P4 & P7 combined",Reading - % Meeting Level,70-80%
2024/25,North Lanarkshire,Logans Primary School,"P1, P4 & P7 combined",Writing - % Meeting Level,60-70%
2024/25,North Lanarkshire,Logans Primary School,P4,Listening & Talking - % Meeting Level,c
2024/25,North Lanarkshire,Logans Primary School,P4,Numeracy - % Meeting Level,c
2024/25,North Lanarkshire,Logans Primary School,P4,Reading - % Meeting Level,c
2024/25,North Lanarkshire,Logans Primary School,P4,Writing - % Meeting Level,c
2024/25,North Lanarkshire,Logans Primary School,P7,Listening & Talking - % Meeting Level,c
2024/25,North Lanarkshire,Logans Primary School,P7,Numeracy - % Meeting Level,c
2024/25,North Lanarkshire,Logans Primary School,P7,Reading - % Meeting Level,c
2024/25,North Lanarkshire,Logans Primary School,P7,Writing - % Meeting Level,c
2024/25,North Lanarkshire,Morningside Primary School,P1,Listening & Talking - % Meeting Level,90+%
2024/25,North Lanarkshire,Morningside Primary School,P1,Numeracy - % Meeting Level,90+%
2024/25,North Lanarkshire,Morningside Primary School,P1,Reading - % Meeting Level,80-90%
2024/25,North Lanarkshire,Morningside Primary School,P1,Writing - % Meeting Level,60-70%
2024/25,North Lanarkshire,Morningside Primary School,"P1, P4 & P7 combined",Listening & Talking - % Meeting Level,90+%
2024/25,North Lanarkshire,Morningside Primary School,"P1, P4 & P7 combined",Numeracy - % Meeting Level,80-90%
2024/25,North Lanarkshire,Morningside Primary School,"P1, P4 & P7 combined",Reading - % Meeting Level,80-90%
2024/25,North Lanarkshire,Morningside Primary School,"P1, P4 & P7 combined",Writing - % Meeting Level,70-80%
2024/25,North Lanarkshire,Morningside Primary School,P4,Listening & Talking - % Meeting Level,80-90%
2024/25,North Lanarkshire,Morningside Primary School,P4,Numeracy - % Meeting Level,70-80%
2024/25,North Lanarkshire,Morningside Primary School,P4,Reading - % Meeting Level,60-70%
2024/25,North Lanarkshire,Morningside Primary School,P4,Writing - % Meeting Level,60-70%
2024/25,North Lanarkshire,Morningside Primary School,P7,Listening & Talking - % Meeting Level,90+%
2024/25,North Lanarkshire,Morningside Primary School,P7,Numeracy - % Meeting Level,90+%
2024/25,North Lanarkshire,Morningside Primary School,P7,Reading - % Meeting Level,90+%
2024/25,North Lanarkshire,Morningside Primary School,P7,Writing - % Meeting Level,80-90%
2024/25,North Lanarkshire,Mossend Primary School,P1,Listening & Talking - % Meeting Level,80-90%
2024/25,North Lanarkshire,Mossend Primary School,P1,Numeracy - % Meeting Level,80-90%
2024/25,North Lanarkshire,Mossend Primary School,P1,Reading - % Meeting Level,70-80%
2024/25,North Lanarkshire,Mossend Primary School,P1,Writing - % Meeting Level,70-80%
2024/25,North Lanarkshire,Mossend Primary School,"P1, P4 & P7 combined",Listening & Talking - % Meeting Level,80-90%
2024/25,North Lanarkshire,Mossend Primary School,"P1, P4 & P7 combined",Numeracy - % Meeting Level,70-80%
2024/25,North Lanarkshire,Mossend Primary School,"P1, P4 & P7 combined",Reading - % Meeting Level,70-80%
2024/25,North Lanarkshire,Mossend Primary School,"P1, P4 & P7 combined",Writing - % Meeting Level,70-80%
2024/25,North Lanarkshire,Mossend Primary School,P4,Listening & Talking - % Meeting Level,90+%
2024/25,North Lanarkshire,Mossend Primary School,P4,Numeracy - % Meeting Level,70-80%
2024/25,North Lanarkshire,Mossend Primary School,P4,Reading - % Meeting Level,70-80%
2024/25,North Lanarkshire,Mossend Primary School,P4,Writing - % Meeting Level,70-80%
2024/25,North Lanarkshire,Mossend Primary School,P7,Listening & Talking - % Meeting Level,80-90%
2024/25,North Lanarkshire,Mossend Primary School,P7,Numeracy - % Meeting Level,60-70%
2024/25,North Lanarkshire,Mossend Primary School,P7,Reading - % Meeting Level,80-90%
2024/25,North Lanarkshire,Mossend Primary School,P7,Writing - % Meeting Level,70-80%
2024/25,North Lanarkshire,Muir Street Primary School,P1,Listening & Talking - % Meeting Level,60-70%
2024/25,North Lanarkshire,Muir Street Primary School,P1,Numeracy - % Meeting Level,80-90%
2024/25,North Lanarkshire,Muir Street Primary School,P1,Reading - % Meeting Level,30-40%
2024/25,North Lanarkshire,Muir Street Primary School,P1,Writing - % Meeting Level,20-30%
2024/25,North Lanarkshire,Muir Street Primary School,"P1, P4 & P7 combined",Listening & Talking - % Meeting Level,60-70%
2024/25,North Lanarkshire,Muir Street Primary School,"P1, P4 & P7 combined",Numeracy - % Meeting Level,70-80%
2024/25,North Lanarkshire,Muir Street Primary School,"P1, P4 & P7 combined",Reading - % Meeting Level,50-60%
2024/25,North Lanarkshire,Muir Street Primary School,"P1, P4 & P7 combined",Writing - % Meeting Level,50-60%
2024/25,North Lanarkshire,Muir Street Primary School,P4,Listening & Talking - % Meeting Level,60-70%
2024/25,North Lanarkshire,Muir Street Primary School,P4,Numeracy - % Meeting Level,70-80%
2024/25,North Lanarkshire,Muir Street Primary School,P4,Reading - % Meeting Level,60-70%
2024/25,North Lanarkshire,Muir Street Primary School,P4,Writing - % Meeting Level,50-60%
2024/25,North Lanarkshire,Muir Street Primary School,P7,Listening & Talking - % Meeting Level,70-80%
2024/25,North Lanarkshire,Muir Street Primary School,P7,Numeracy - % Meeting Level,70-80%
2024/25,North Lanarkshire,Muir Street Primary School,P7,Reading - % Meeting Level,70-80%
2024/25,North Lanarkshire,Muir Street Primary School,P7,Writing - % Meeting Level,70-80%
2024/25,North Lanarkshire,Muirhouse Primary School,P1,Listening & Talking - % Meeting Level,80-90%
2024/25,North Lanarkshire,Muirhouse Primary School,P1,Numeracy - % Meeting Level,80-90%
2024/25,North Lanarkshire,Muirhouse Primary School,P1,Reading - % Meeting Level,60-70%
2024/25,North Lanarkshire,Muirhouse Primary School,P1,Writing - % Meeting Level,60-70%
2024/25,North Lanarkshire,Muirhouse Primary School,"P1, P4 & P7 combined",Listening & Talking - % Meeting Level,90+%
2024/25,North Lanarkshire,Muirhouse Primary School,"P1, P4 & P7 combined",Numeracy - % Meeting Level,70-80%
2024/25,North Lanarkshire,Muirhouse Primary School,"P1, P4 & P7 combined",Reading - % Meeting Level,70-80%
2024/25,North Lanarkshire,Muirhouse Primary School,"P1, P4 & P7 combined",Writing - % Meeting Level,60-70%
2024/25,North Lanarkshire,Muirhouse Primary School,P4,Listening & Talking - % Meeting Level,80-90%
2024/25,North Lanarkshire,Muirhouse Primary School,P4,Numeracy - % Meeting Level,60-70%
2024/25,North Lanarkshire,Muirhouse Primary School,P4,Reading - % Meeting Level,70-80%
2024/25,North Lanarkshire,Muirhouse Primary School,P4,Writing - % Meeting Level,50-60%
2024/25,North Lanarkshire,Muirhouse Primary School,P7,Listening & Talking - % Meeting Level,90+%
2024/25,North Lanarkshire,Muirhouse Primary School,P7,Numeracy - % Meeting Level,70-80%
2024/25,North Lanarkshire,Muirhouse Primary School,P7,Reading - % Meeting Level,80-90%
2024/25,North Lanarkshire,Muirhouse Primary School,P7,Writing - % Meeting Level,70-80%
2024/25,North Lanarkshire,Netherton Primary School,P1,Listening & Talking - % Meeting Level,90+%
2024/25,North Lanarkshire,Netherton Primary School,P1,Numeracy - % Meeting Level,90+%
2024/25,North Lanarkshire,Netherton Primary School,P1,Reading - % Meeting Level,90+%
2024/25,North Lanarkshire,Netherton Primary School,P1,Writing - % Meeting Level,90+%
2024/25,North Lanarkshire,Netherton Primary School,"P1, P4 & P7 combined",Listening & Talking - % Meeting Level,90+%
2024/25,North Lanarkshire,Netherton Primary School,"P1, P4 & P7 combined",Numeracy - % Meeting Level,80-90%
2024/25,North Lanarkshire,Netherton Primary School,"P1, P4 & P7 combined",Reading - % Meeting Level,80-90%
2024/25,North Lanarkshire,Netherton Primary School,"P1, P4 & P7 combined",Writing - % Meeting Level,80-90%
2024/25,North Lanarkshire,Netherton Primary School,P4,Listening & Talking - % Meeting Level,80-90%
2024/25,North Lanarkshire,Netherton Primary School,P4,Numeracy - % Meeting Level,60-70%
2024/25,North Lanarkshire,Netherton Primary School,P4,Reading - % Meeting Level,80-90%
2024/25,North Lanarkshire,Netherton Primary School,P4,Writing - % Meeting Level,80-90%
2024/25,North Lanarkshire,Netherton Primary School,P7,Listening & Talking - % Meeting Level,90+%
2024/25,North Lanarkshire,Netherton Primary School,P7,Numeracy - % Meeting Level,80-90%
2024/25,North Lanarkshire,Netherton Primary School,P7,Reading - % Meeting Level,80-90%
2024/25,North Lanarkshire,Netherton Primary School,P7,Writing - % Meeting Level,80-90%
2024/25,North Lanarkshire,New Monkland Primary School,P1,Listening & Talking - % Meeting Level,90+%
2024/25,North Lanarkshire,New Monkland Primary School,P1,Numeracy - % Meeting Level,90+%
2024/25,North Lanarkshire,New Monkland Primary School,P1,Reading - % Meeting Level,90+%
2024/25,North Lanarkshire,New Monkland Primary School,P1,Writing - % Meeting Level,90+%
2024/25,North Lanarkshire,New Monkland Primary School,"P1, P4 & P7 combined",Listening & Talking - % Meeting Level,90+%
2024/25,North Lanarkshire,New Monkland Primary School,"P1, P4 & P7 combined",Numeracy - % Meeting Level,80-90%
2024/25,North Lanarkshire,New Monkland Primary School,"P1, P4 & P7 combined",Reading - % Meeting Level,90+%
2024/25,North Lanarkshire,New Monkland Primary School,"P1, P4 & P7 combined",Writing - % Meeting Level,80-90%
2024/25,North Lanarkshire,New Monkland Primary School,P4,Listening & Talking - % Meeting Level,c
2024/25,North Lanarkshire,New Monkland Primary School,P4,Numeracy - % Meeting Level,c
2024/25,North Lanarkshire,New Monkland Primary School,P4,Reading - % Meeting Level,c
2024/25,North Lanarkshire,New Monkland Primary School,P4,Writing - % Meeting Level,c
2024/25,North Lanarkshire,New Monkland Primary School,P7,Listening & Talking - % Meeting Level,c
2024/25,North Lanarkshire,New Monkland Primary School,P7,Numeracy - % Meeting Level,c
2024/25,North Lanarkshire,New Monkland Primary School,P7,Reading - % Meeting Level,c
2024/25,North Lanarkshire,New Monkland Primary School,P7,Writing - % Meeting Level,c
2024/25,North Lanarkshire,New Stevenston Primary School,P1,Listening & Talking - % Meeting Level,60-70%
2024/25,North Lanarkshire,New Stevenston Primary School,P1,Numeracy - % Meeting Level,60-70%
2024/25,North Lanarkshire,New Stevenston Primary School,P1,Reading - % Meeting Level,50-60%
2024/25,North Lanarkshire,New Stevenston Primary School,P1,Writing - % Meeting Level,50-60%
2024/25,North Lanarkshire,New Stevenston Primary School,"P1, P4 & P7 combined",Listening & Talking - % Meeting Level,70-80%
2024/25,North Lanarkshire,New Stevenston Primary School,"P1, P4 & P7 combined",Numeracy - % Meeting Level,70-80%
2024/25,North Lanarkshire,New Stevenston Primary School,"P1, P4 & P7 combined",Reading - % Meeting Level,60-70%
2024/25,North Lanarkshire,New Stevenston Primary School,"P1, P4 & P7 combined",Writing - % Meeting Level,60-70%
2024/25,North Lanarkshire,New Stevenston Primary School,P4,Listening & Talking - % Meeting Level,80-90%
2024/25,North Lanarkshire,New Stevenston Primary School,P4,Numeracy - % Meeting Level,60-70%
2024/25,North Lanarkshire,New Stevenston Primary School,P4,Reading - % Meeting Level,70-80%
2024/25,North Lanarkshire,New Stevenston Primary School,P4,Writing - % Meeting Level,70-80%
2024/25,North Lanarkshire,New Stevenston Primary School,P7,Listening & Talking - % Meeting Level,80-90%
2024/25,North Lanarkshire,New Stevenston Primary School,P7,Numeracy - % Meeting Level,70-80%
2024/25,North Lanarkshire,New Stevenston Primary School,P7,Reading - % Meeting Level,70-80%
2024/25,North Lanarkshire,New Stevenston Primary School,P7,Writing - % Meeting Level,60-70%
2024/25,North Lanarkshire,Newarthill Primary School,P1,Listening & Talking - % Meeting Level,c
2024/25,North Lanarkshire,Newarthill Primary School,P1,Numeracy - % Meeting Level,c
2024/25,North Lanarkshire,Newarthill Primary School,P1,Reading - % Meeting Level,c
2024/25,North Lanarkshire,Newarthill Primary School,P1,Writing - % Meeting Level,c
2024/25,North Lanarkshire,Newarthill Primary School,"P1, P4 & P7 combined",Listening & Talking - % Meeting Level,90+%
2024/25,North Lanarkshire,Newarthill Primary School,"P1, P4 & P7 combined",Numeracy - % Meeting Level,80-90%
2024/25,North Lanarkshire,Newarthill Primary School,"P1, P4 & P7 combined",Reading - % Meeting Level,80-90%
2024/25,North Lanarkshire,Newarthill Primary School,"P1, P4 & P7 combined",Writing - % Meeting Level,70-80%
2024/25,North Lanarkshire,Newarthill Primary School,P4,Listening & Talking - % Meeting Level,c
2024/25,North Lanarkshire,Newarthill Primary School,P4,Numeracy - % Meeting Level,c
2024/25,North Lanarkshire,Newarthill Primary School,P4,Reading - % Meeting Level,c
2024/25,North Lanarkshire,Newarthill Primary School,P4,Writing - % Meeting Level,c
2024/25,North Lanarkshire,Newarthill Primary School,P7,Listening & Talking - % Meeting Level,c
2024/25,North Lanarkshire,Newarthill Primary School,P7,Numeracy - % Meeting Level,c
2024/25,North Lanarkshire,Newarthill Primary School,P7,Reading - % Meeting Level,c
2024/25,North Lanarkshire,Newarthill Primary School,P7,Writing - % Meeting Level,c
2024/25,North Lanarkshire,Newmains Primary School,P1,Listening & Talking - % Meeting Level,70-80%
2024/25,North Lanarkshire,Newmains Primary School,P1,Numeracy - % Meeting Level,70-80%
2024/25,North Lanarkshire,Newmains Primary School,P1,Reading - % Meeting Level,60-70%
2024/25,North Lanarkshire,Newmains Primary School,P1,Writing - % Meeting Level,50-60%
2024/25,North Lanarkshire,Newmains Primary School,"P1, P4 & P7 combined",Listening & Talking - % Meeting Level,80-90%
2024/25,North Lanarkshire,Newmains Primary School,"P1, P4 & P7 combined",Numeracy - % Meeting Level,70-80%
2024/25,North Lanarkshire,Newmains Primary School,"P1, P4 & P7 combined",Reading - % Meeting Level,70-80%
2024/25,North Lanarkshire,Newmains Primary School,"P1, P4 & P7 combined",Writing - % Meeting Level,60-70%
2024/25,North Lanarkshire,Newmains Primary School,P4,Listening & Talking - % Meeting Level,c
2024/25,North Lanarkshire,Newmains Primary School,P4,Numeracy - % Meeting Level,c
2024/25,North Lanarkshire,Newmains Primary School,P4,Reading - % Meeting Level,c
2024/25,North Lanarkshire,Newmains Primary School,P4,Writing - % Meeting Level,c
2024/25,North Lanarkshire,Newmains Primary School,P7,Listening & Talking - % Meeting Level,80-90%
2024/25,North Lanarkshire,Newmains Primary School,P7,Numeracy - % Meeting Level,70-80%
2024/25,North Lanarkshire,Newmains Primary School,P7,Reading - % Meeting Level,70-80%
2024/25,North Lanarkshire,Newmains Primary School,P7,Writing - % Meeting Level,60-70%
2024/25,North Lanarkshire,Noble Primary School,P1,Listening & Talking - % Meeting Level,90+%
2024/25,North Lanarkshire,Noble Primary School,P1,Numeracy - % Meeting Level,90+%
2024/25,North Lanarkshire,Noble Primary School,P1,Reading - % Meeting Level,70-80%
2024/25,North Lanarkshire,Noble Primary School,P1,Writing - % Meeting Level,70-80%
2024/25,North Lanarkshire,Noble Primary School,"P1, P4 & P7 combined",Listening & Talking - % Meeting Level,90+%
2024/25,North Lanarkshire,Noble Primary School,"P1, P4 & P7 combined",Numeracy - % Meeting Level,80-90%
2024/25,North Lanarkshire,Noble Primary School,"P1, P4 & P7 combined",Reading - % Meeting Level,70-80%
2024/25,North Lanarkshire,Noble Primary School,"P1, P4 & P7 combined",Writing - % Meeting Level,60-70%
2024/25,North Lanarkshire,Noble Primary School,P4,Listening & Talking - % Meeting Level,90+%
2024/25,North Lanarkshire,Noble Primary School,P4,Numeracy - % Meeting Level,60-70%
2024/25,North Lanarkshire,Noble Primary School,P4,Reading - % Meeting Level,60-70%
2024/25,North Lanarkshire,Noble Primary School,P4,Writing - % Meeting Level,50-60%
2024/25,North Lanarkshire,Noble Primary School,P7,Listening & Talking - % Meeting Level,90+%
2024/25,North Lanarkshire,Noble Primary School,P7,Numeracy - % Meeting Level,80-90%
2024/25,North Lanarkshire,Noble Primary School,P7,Reading - % Meeting Level,70-80%
2024/25,North Lanarkshire,Noble Primary School,P7,Writing - % Meeting Level,70-80%
2024/25,North Lanarkshire,Old Monkland Primary School,P1,Listening & Talking - % Meeting Level,80-90%
2024/25,North Lanarkshire,Old Monkland Primary School,P1,Numeracy - % Meeting Level,80-90%
2024/25,North Lanarkshire,Old Monkland Primary School,P1,Reading - % Meeting Level,80-90%
2024/25,North Lanarkshire,Old Monkland Primary School,P1,Writing - % Meeting Level,80-90%
2024/25,North Lanarkshire,Old Monkland Primary School,"P1, P4 & P7 combined",Listening & Talking - % Meeting Level,80-90%
2024/25,North Lanarkshire,Old Monkland Primary School,"P1, P4 & P7 combined",Numeracy - % Meeting Level,70-80%
2024/25,North Lanarkshire,Old Monkland Primary School,"P1, P4 & P7 combined",Reading - % Meeting Level,70-80%
2024/25,North Lanarkshire,Old Monkland Primary School,"P1, P4 & P7 combined",Writing - % Meeting Level,70-80%
2024/25,North Lanarkshire,Old Monkland Primary School,P4,Listening & Talking - % Meeting Level,c
2024/25,North Lanarkshire,Old Monkland Primary School,P4,Numeracy - % Meeting Level,c
2024/25,North Lanarkshire,Old Monkland Primary School,P4,Reading - % Meeting Level,c
2024/25,North Lanarkshire,Old Monkland Primary School,P4,Writing - % Meeting Level,c
2024/25,North Lanarkshire,Old Monkland Primary School,P7,Listening & Talking - % Meeting Level,90+%
2024/25,North Lanarkshire,Old Monkland Primary School,P7,Numeracy - % Meeting Level,60-70%
2024/25,North Lanarkshire,Old Monkland Primary School,P7,Reading - % Meeting Level,70-80%
2024/25,North Lanarkshire,Old Monkland Primary School,P7,Writing - % Meeting Level,70-80%
2024/25,North Lanarkshire,Orchard Primary,P1,Listening & Talking - % Meeting Level,40-50%
2024/25,North Lanarkshire,Orchard Primary,P1,Numeracy - % Meeting Level,40-50%
2024/25,North Lanarkshire,Orchard Primary,P1,Reading - % Meeting Level,50-60%
2024/25,North Lanarkshire,Orchard Primary,P1,Writing - % Meeting Level,50-60%
2024/25,North Lanarkshire,Orchard Primary,"P1, P4 & P7 combined",Listening & Talking - % Meeting Level,50-60%
2024/25,North Lanarkshire,Orchard Primary,"P1, P4 & P7 combined",Numeracy - % Meeting Level,40-50%
2024/25,North Lanarkshire,Orchard Primary,"P1, P4 & P7 combined",Reading - % Meeting Level,50-60%
2024/25,North Lanarkshire,Orchard Primary,"P1, P4 & P7 combined",Writing - % Meeting Level,40-50%
2024/25,North Lanarkshire,Orchard Primary,P4,Listening & Talking - % Meeting Level,40-50%
2024/25,North Lanarkshire,Orchard Primary,P4,Numeracy - % Meeting Level,40-50%
2024/25,North Lanarkshire,Orchard Primary,P4,Reading - % Meeting Level,40-50%
2024/25,North Lanarkshire,Orchard Primary,P4,Writing - % Meeting Level,40-50%
2024/25,North Lanarkshire,Orchard Primary,P7,Listening & Talking - % Meeting Level,50-60%
2024/25,North Lanarkshire,Orchard Primary,P7,Numeracy - % Meeting Level,50-60%
2024/25,North Lanarkshire,Orchard Primary,P7,Reading - % Meeting Level,50-60%
2024/25,North Lanarkshire,Orchard Primary,P7,Writing - % Meeting Level,50-60%
2024/25,North Lanarkshire,Our Lady & St Francis Primary School,P1,Listening & Talking - % Meeting Level,90+%
2024/25,North Lanarkshire,Our Lady & St Francis Primary School,P1,Numeracy - % Meeting Level,90+%
2024/25,North Lanarkshire,Our Lady & St Francis Primary School,P1,Reading - % Meeting Level,90+%
2024/25,North Lanarkshire,Our Lady & St Francis Primary School,P1,Writing - % Meeting Level,90+%
2024/25,North Lanarkshire,Our Lady & St Francis Primary School,"P1, P4 & P7 combined",Listening & Talking - % Meeting Level,90+%
2024/25,North Lanarkshire,Our Lady & St Francis Primary School,"P1, P4 & P7 combined",Numeracy - % Meeting Level,80-90%
2024/25,North Lanarkshire,Our Lady & St Francis Primary School,"P1, P4 & P7 combined",Reading - % Meeting Level,80-90%
2024/25,North Lanarkshire,Our Lady & St Francis Primary School,"P1, P4 & P7 combined",Writing - % Meeting Level,80-90%
2024/25,North Lanarkshire,Our Lady & St Francis Primary School,P4,Listening & Talking - % Meeting Level,90+%
2024/25,North Lanarkshire,Our Lady & St Francis Primary School,P4,Numeracy - % Meeting Level,70-80%
2024/25,North Lanarkshire,Our Lady & St Francis Primary School,P4,Reading - % Meeting Level,70-80%
2024/25,North Lanarkshire,Our Lady & St Francis Primary School,P4,Writing - % Meeting Level,70-80%
2024/25,North Lanarkshire,Our Lady & St Francis Primary School,P7,Listening & Talking - % Meeting Level,80-90%
2024/25,North Lanarkshire,Our Lady & St Francis Primary School,P7,Numeracy - % Meeting Level,80-90%
2024/25,North Lanarkshire,Our Lady & St Francis Primary School,P7,Reading - % Meeting Level,80-90%
2024/25,North Lanarkshire,Our Lady & St Francis Primary School,P7,Writing - % Meeting Level,80-90%
2024/25,North Lanarkshire,Our Lady & St Joseph's Primary School,P1,Listening & Talking - % Meeting Level,c
2024/25,North Lanarkshire,Our Lady & St Joseph's Primary School,P1,Numeracy - % Meeting Level,c
2024/25,North Lanarkshire,Our Lady & St Joseph's Primary School,P1,Reading - % Meeting Level,c
2024/25,North Lanarkshire,Our Lady & St Joseph's Primary School,P1,Writing - % Meeting Level,c
2024/25,North Lanarkshire,Our Lady & St Joseph's Primary School,"P1, P4 & P7 combined",Listening & Talking - % Meeting Level,90+%
2024/25,North Lanarkshire,Our Lady & St Joseph's Primary School,"P1, P4 & P7 combined",Numeracy - % Meeting Level,80-90%
2024/25,North Lanarkshire,Our Lady & St Joseph's Primary School,"P1, P4 & P7 combined",Reading - % Meeting Level,80-90%
2024/25,North Lanarkshire,Our Lady & St Joseph's Primary School,"P1, P4 & P7 combined",Writing - % Meeting Level,70-80%
2024/25,North Lanarkshire,Our Lady & St Joseph's Primary School,P4,Listening & Talking - % Meeting Level,c
2024/25,North Lanarkshire,Our Lady & St Joseph's Primary School,P4,Numeracy - % Meeting Level,c
2024/25,North Lanarkshire,Our Lady & St Joseph's Primary School,P4,Reading - % Meeting Level,c
2024/25,North Lanarkshire,Our Lady & St Joseph's Primary School,P4,Writing - % Meeting Level,c
2024/25,North Lanarkshire,Our Lady & St Joseph's Primary School,P7,Listening & Talking - % Meeting Level,c
2024/25,North Lanarkshire,Our Lady & St Joseph's Primary School,P7,Numeracy - % Meeting Level,c
2024/25,North Lanarkshire,Our Lady & St Joseph's Primary School,P7,Reading - % Meeting Level,c
2024/25,North Lanarkshire,Our Lady & St Joseph's Primary School,P7,Writing - % Meeting Level,c
2024/25,North Lanarkshire,Plains Primary School,P1,Listening & Talking - % Meeting Level,c
2024/25,North Lanarkshire,Plains Primary School,P1,Numeracy - % Meeting Level,c
2024/25,North Lanarkshire,Plains Primary School,P1,Reading - % Meeting Level,c
2024/25,North Lanarkshire,Plains Primary School,P1,Writing - % Meeting Level,c
2024/25,North Lanarkshire,Plains Primary School,"P1, P4 & P7 combined",Listening & Talking - % Meeting Level,80-90%
2024/25,North Lanarkshire,Plains Primary School,"P1, P4 & P7 combined",Numeracy - % Meeting Level,70-80%
2024/25,North Lanarkshire,Plains Primary School,"P1, P4 & P7 combined",Reading - % Meeting Level,70-80%
2024/25,North Lanarkshire,Plains Primary School,"P1, P4 & P7 combined",Writing - % Meeting Level,70-80%
2024/25,North Lanarkshire,Plains Primary School,P4,Listening & Talking - % Meeting Level,c
2024/25,North Lanarkshire,Plains Primary School,P4,Numeracy - % Meeting Level,c
2024/25,North Lanarkshire,Plains Primary School,P4,Reading - % Meeting Level,c
2024/25,North Lanarkshire,Plains Primary School,P4,Writing - % Meeting Level,c
2024/25,North Lanarkshire,Plains Primary School,P7,Listening & Talking - % Meeting Level,c
2024/25,North Lanarkshire,Plains Primary School,P7,Numeracy - % Meeting Level,c
2024/25,North Lanarkshire,Plains Primary School,P7,Reading - % Meeting Level,c
2024/25,North Lanarkshire,Plains Primary School,P7,Writing - % Meeting Level,c
2024/25,North Lanarkshire,Ravenswood Primary School,P1,Listening & Talking - % Meeting Level,90+%
2024/25,North Lanarkshire,Ravenswood Primary School,P1,Numeracy - % Meeting Level,80-90%
2024/25,North Lanarkshire,Ravenswood Primary School,P1,Reading - % Meeting Level,70-80%
2024/25,North Lanarkshire,Ravenswood Primary School,P1,Writing - % Meeting Level,80-90%
2024/25,North Lanarkshire,Ravenswood Primary School,"P1, P4 & P7 combined",Listening & Talking - % Meeting Level,90+%
2024/25,North Lanarkshire,Ravenswood Primary School,"P1, P4 & P7 combined",Numeracy - % Meeting Level,80-90%
2024/25,North Lanarkshire,Ravenswood Primary School,"P1, P4 & P7 combined",Reading - % Meeting Level,80-90%
2024/25,North Lanarkshire,Ravenswood Primary School,"P1, P4 & P7 combined",Writing - % Meeting Level,80-90%
2024/25,North Lanarkshire,Ravenswood Primary School,P4,Listening & Talking - % Meeting Level,80-90%
2024/25,North Lanarkshire,Ravenswood Primary School,P4,Numeracy - % Meeting Level,90+%
2024/25,North Lanarkshire,Ravenswood Primary School,P4,Reading - % Meeting Level,80-90%
2024/25,North Lanarkshire,Ravenswood Primary School,P4,Writing - % Meeting Level,70-80%
2024/25,North Lanarkshire,Ravenswood Primary School,P7,Listening & Talking - % Meeting Level,90+%
2024/25,North Lanarkshire,Ravenswood Primary School,P7,Numeracy - % Meeting Level,80-90%
2024/25,North Lanarkshire,Ravenswood Primary School,P7,Reading - % Meeting Level,90+%
2024/25,North Lanarkshire,Ravenswood Primary School,P7,Writing - % Meeting Level,80-90%
2024/25,North Lanarkshire,Riverbank Primary School,P1,Listening & Talking - % Meeting Level,80-90%
2024/25,North Lanarkshire,Riverbank Primary School,P1,Numeracy - % Meeting Level,70-80%
2024/25,North Lanarkshire,Riverbank Primary School,P1,Reading - % Meeting Level,60-70%
2024/25,North Lanarkshire,Riverbank Primary School,P1,Writing - % Meeting Level,60-70%
2024/25,North Lanarkshire,Riverbank Primary School,"P1, P4 & P7 combined",Listening & Talking - % Meeting Level,80-90%
2024/25,North Lanarkshire,Riverbank Primary School,"P1, P4 & P7 combined",Numeracy - % Meeting Level,80-90%
2024/25,North Lanarkshire,Riverbank Primary School,"P1, P4 & P7 combined",Reading - % Meeting Level,70-80%
2024/25,North Lanarkshire,Riverbank Primary School,"P1, P4 & P7 combined",Writing - % Meeting Level,70-80%
2024/25,North Lanarkshire,Riverbank Primary School,P4,Listening & Talking - % Meeting Level,80-90%
2024/25,North Lanarkshire,Riverbank Primary School,P4,Numeracy - % Meeting Level,80-90%
2024/25,North Lanarkshire,Riverbank Primary School,P4,Reading - % Meeting Level,80-90%
2024/25,North Lanarkshire,Riverbank Primary School,P4,Writing - % Meeting Level,70-80%
2024/25,North Lanarkshire,Riverbank Primary School,P7,Listening & Talking - % Meeting Level,80-90%
2024/25,North Lanarkshire,Riverbank Primary School,P7,Numeracy - % Meeting Level,80-90%
2024/25,North Lanarkshire,Riverbank Primary School,P7,Reading - % Meeting Level,70-80%
2024/25,North Lanarkshire,Riverbank Primary School,P7,Writing - % Meeting Level,70-80%
2024/25,North Lanarkshire,Rochsolloch Primary School,P1,Listening & Talking - % Meeting Level,90+%
2024/25,North Lanarkshire,Rochsolloch Primary School,P1,Numeracy - % Meeting Level,90+%
2024/25,North Lanarkshire,Rochsolloch Primary School,P1,Reading - % Meeting Level,80-90%
2024/25,North Lanarkshire,Rochsolloch Primary School,P1,Writing - % Meeting Level,80-90%
2024/25,North Lanarkshire,Rochsolloch Primary School,"P1, P4 & P7 combined",Listening & Talking - % Meeting Level,90+%
2024/25,North Lanarkshire,Rochsolloch Primary School,"P1, P4 & P7 combined",Numeracy - % Meeting Level,80-90%
2024/25,North Lanarkshire,Rochsolloch Primary School,"P1, P4 & P7 combined",Reading - % Meeting Level,80-90%
2024/25,North Lanarkshire,Rochsolloch Primary School,"P1, P4 & P7 combined",Writing - % Meeting Level,80-90%
2024/25,North Lanarkshire,Rochsolloch Primary School,P4,Listening & Talking - % Meeting Level,90+%
2024/25,North Lanarkshire,Rochsolloch Primary School,P4,Numeracy - % Meeting Level,70-80%
2024/25,North Lanarkshire,Rochsolloch Primary School,P4,Reading - % Meeting Level,80-90%
2024/25,North Lanarkshire,Rochsolloch Primary School,P4,Writing - % Meeting Level,70-80%
2024/25,North Lanarkshire,Rochsolloch Primary School,P7,Listening & Talking - % Meeting Level,90+%
2024/25,North Lanarkshire,Rochsolloch Primary School,P7,Numeracy - % Meeting Level,70-80%
2024/25,North Lanarkshire,Rochsolloch Primary School,P7,Reading - % Meeting Level,80-90%
2024/25,North Lanarkshire,Rochsolloch Primary School,P7,Writing - % Meeting Level,80-90%
2024/25,North Lanarkshire,Sacred Heart Primary School,P1,Listening & Talking - % Meeting Level,c
2024/25,North Lanarkshire,Sacred Heart Primary School,P1,Numeracy - % Meeting Level,c
2024/25,North Lanarkshire,Sacred Heart Primary School,P1,Reading - % Meeting Level,c
2024/25,North Lanarkshire,Sacred Heart Primary School,P1,Writing - % Meeting Level,c
2024/25,North Lanarkshire,Sacred Heart Primary School,"P1, P4 & P7 combined",Listening & Talking - % Meeting Level,80-90%
2024/25,North Lanarkshire,Sacred Heart Primary School,"P1, P4 & P7 combined",Numeracy - % Meeting Level,70-80%
2024/25,North Lanarkshire,Sacred Heart Primary School,"P1, P4 & P7 combined",Reading - % Meeting Level,70-80%
2024/25,North Lanarkshire,Sacred Heart Primary School,"P1, P4 & P7 combined",Writing - % Meeting Level,70-80%
2024/25,North Lanarkshire,Sacred Heart Primary School,P4,Listening & Talking - % Meeting Level,90+%
2024/25,North Lanarkshire,Sacred Heart Primary School,P4,Numeracy - % Meeting Level,70-80%
2024/25,North Lanarkshire,Sacred Heart Primary School,P4,Reading - % Meeting Level,60-70%
2024/25,North Lanarkshire,Sacred Heart Primary School,P4,Writing - % Meeting Level,50-60%
2024/25,North Lanarkshire,Sacred Heart Primary School,P7,Listening & Talking - % Meeting Level,80-90%
2024/25,North Lanarkshire,Sacred Heart Primary School,P7,Numeracy - % Meeting Level,80-90%
2024/25,North Lanarkshire,Sacred Heart Primary School,P7,Reading - % Meeting Level,80-90%
2024/25,North Lanarkshire,Sacred Heart Primary School,P7,Writing - % Meeting Level,80-90%
2024/25,North Lanarkshire,Shawhead Primary School,P1,Listening & Talking - % Meeting Level,c
2024/25,North Lanarkshire,Shawhead Primary School,P1,Numeracy - % Meeting Level,c
2024/25,North Lanarkshire,Shawhead Primary School,P1,Reading - % Meeting Level,c
2024/25,North Lanarkshire,Shawhead Primary School,P1,Writing - % Meeting Level,c
2024/25,North Lanarkshire,Shawhead Primary School,"P1, P4 & P7 combined",Listening & Talking - % Meeting Level,c
2024/25,North Lanarkshire,Shawhead Primary School,"P1, P4 & P7 combined",Numeracy - % Meeting Level,c
2024/25,North Lanarkshire,Shawhead Primary School,"P1, P4 & P7 combined",Reading - % Meeting Level,c
2024/25,North Lanarkshire,Shawhead Primary School,"P1, P4 & P7 combined",Writing - % Meeting Level,c
2024/25,North Lanarkshire,Shawhead Primary School,P4,Listening & Talking - % Meeting Level,c
2024/25,North Lanarkshire,Shawhead Primary School,P4,Numeracy - % Meeting Level,c
2024/25,North Lanarkshire,Shawhead Primary School,P4,Reading - % Meeting Level,c
2024/25,North Lanarkshire,Shawhead Primary School,P4,Writing - % Meeting Level,c
2024/25,North Lanarkshire,Shawhead Primary School,P7,Listening & Talking - % Meeting Level,c
2024/25,North Lanarkshire,Shawhead Primary School,P7,Numeracy - % Meeting Level,c
2024/25,North Lanarkshire,Shawhead Primary School,P7,Reading - % Meeting Level,c
2024/25,North Lanarkshire,Shawhead Primary School,P7,Writing - % Meeting Level,c
2024/25,North Lanarkshire,St Aidan's Primary School,P1,Listening & Talking - % Meeting Level,70-80%
2024/25,North Lanarkshire,St Aidan's Primary School,P1,Numeracy - % Meeting Level,70-80%
2024/25,North Lanarkshire,St Aidan's Primary School,P1,Reading - % Meeting Level,70-80%
2024/25,North Lanarkshire,St Aidan's Primary School,P1,Writing - % Meeting Level,70-80%
2024/25,North Lanarkshire,St Aidan's Primary School,"P1, P4 & P7 combined",Listening & Talking - % Meeting Level,80-90%
2024/25,North Lanarkshire,St Aidan's Primary School,"P1, P4 & P7 combined",Numeracy - % Meeting Level,80-90%
2024/25,North Lanarkshire,St Aidan's Primary School,"P1, P4 & P7 combined",Reading - % Meeting Level,80-90%
2024/25,North Lanarkshire,St Aidan's Primary School,"P1, P4 & P7 combined",Writing - % Meeting Level,70-80%
2024/25,North Lanarkshire,St Aidan's Primary School,P4,Listening & Talking - % Meeting Level,80-90%
2024/25,North Lanarkshire,St Aidan's Primary School,P4,Numeracy - % Meeting Level,80-90%
2024/25,North Lanarkshire,St Aidan's Primary School,P4,Reading - % Meeting Level,80-90%
2024/25,North Lanarkshire,St Aidan's Primary School,P4,Writing - % Meeting Level,70-80%
2024/25,North Lanarkshire,St Aidan's Primary School,P7,Listening & Talking - % Meeting Level,80-90%
2024/25,North Lanarkshire,St Aidan's Primary School,P7,Numeracy - % Meeting Level,80-90%
2024/25,North Lanarkshire,St Aidan's Primary School,P7,Reading - % Meeting Level,80-90%
2024/25,North Lanarkshire,St Aidan's Primary School,P7,Writing - % Meeting Level,60-70%
2024/25,North Lanarkshire,St Aloysius' Primary School,P1,Listening & Talking - % Meeting Level,80-90%
2024/25,North Lanarkshire,St Aloysius' Primary School,P1,Numeracy - % Meeting Level,80-90%
2024/25,North Lanarkshire,St Aloysius' Primary School,P1,Reading - % Meeting Level,80-90%
2024/25,North Lanarkshire,St Aloysius' Primary School,P1,Writing - % Meeting Level,70-80%
2024/25,North Lanarkshire,St Aloysius' Primary School,"P1, P4 & P7 combined",Listening & Talking - % Meeting Level,80-90%
2024/25,North Lanarkshire,St Aloysius' Primary School,"P1, P4 & P7 combined",Numeracy - % Meeting Level,80-90%
2024/25,North Lanarkshire,St Aloysius' Primary School,"P1, P4 & P7 combined",Reading - % Meeting Level,80-90%
2024/25,North Lanarkshire,St Aloysius' Primary School,"P1, P4 & P7 combined",Writing - % Meeting Level,80-90%
2024/25,North Lanarkshire,St Aloysius' Primary School,P4,Listening & Talking - % Meeting Level,80-90%
2024/25,North Lanarkshire,St Aloysius' Primary School,P4,Numeracy - % Meeting Level,70-80%
2024/25,North Lanarkshire,St Aloysius' Primary School,P4,Reading - % Meeting Level,70-80%
2024/25,North Lanarkshire,St Aloysius' Primary School,P4,Writing - % Meeting Level,70-80%
2024/25,North Lanarkshire,St Aloysius' Primary School,P7,Listening & Talking - % Meeting Level,80-90%
2024/25,North Lanarkshire,St Aloysius' Primary School,P7,Numeracy - % Meeting Level,80-90%
2024/25,North Lanarkshire,St Aloysius' Primary School,P7,Reading - % Meeting Level,80-90%
2024/25,North Lanarkshire,St Aloysius' Primary School,P7,Writing - % Meeting Level,80-90%
2024/25,North Lanarkshire,St Andrew's Primary School (Airdrie),P1,Listening & Talking - % Meeting Level,70-80%
2024/25,North Lanarkshire,St Andrew's Primary School (Airdrie),P1,Numeracy - % Meeting Level,70-80%
2024/25,North Lanarkshire,St Andrew's Primary School (Airdrie),P1,Reading - % Meeting Level,70-80%
2024/25,North Lanarkshire,St Andrew's Primary School (Airdrie),P1,Writing - % Meeting Level,60-70%
2024/25,North Lanarkshire,St Andrew's Primary School (Airdrie),"P1, P4 & P7 combined",Listening & Talking - % Meeting Level,80-90%
2024/25,North Lanarkshire,St Andrew's Primary School (Airdrie),"P1, P4 & P7 combined",Numeracy - % Meeting Level,80-90%
2024/25,North Lanarkshire,St Andrew's Primary School (Airdrie),"P1, P4 & P7 combined",Reading - % Meeting Level,70-80%
2024/25,North Lanarkshire,St Andrew's Primary School (Airdrie),"P1, P4 & P7 combined",Writing - % Meeting Level,70-80%
2024/25,North Lanarkshire,St Andrew's Primary School (Airdrie),P4,Listening & Talking - % Meeting Level,c
2024/25,North Lanarkshire,St Andrew's Primary School (Airdrie),P4,Numeracy - % Meeting Level,c
2024/25,North Lanarkshire,St Andrew's Primary School (Airdrie),P4,Reading - % Meeting Level,c
2024/25,North Lanarkshire,St Andrew's Primary School (Airdrie),P4,Writing - % Meeting Level,c
2024/25,North Lanarkshire,St Andrew's Primary School (Airdrie),P7,Listening & Talking - % Meeting Level,c
2024/25,North Lanarkshire,St Andrew's Primary School (Airdrie),P7,Numeracy - % Meeting Level,c
2024/25,North Lanarkshire,St Andrew's Primary School (Airdrie),P7,Reading - % Meeting Level,c
2024/25,North Lanarkshire,St Andrew's Primary School (Airdrie),P7,Writing - % Meeting Level,c
2024/25,North Lanarkshire,St Andrew's Primary School (Cumbernauld),P1,Listening & Talking - % Meeting Level,90+%
2024/25,North Lanarkshire,St Andrew's Primary School (Cumbernauld),P1,Numeracy - % Meeting Level,90+%
2024/25,North Lanarkshire,St Andrew's Primary School (Cumbernauld),P1,Reading - % Meeting Level,90+%
2024/25,North Lanarkshire,St Andrew's Primary School (Cumbernauld),P1,Writing - % Meeting Level,90+%
2024/25,North Lanarkshire,St Andrew's Primary School (Cumbernauld),"P1, P4 & P7 combined",Listening & Talking - % Meeting Level,90+%
2024/25,North Lanarkshire,St Andrew's Primary School (Cumbernauld),"P1, P4 & P7 combined",Numeracy - % Meeting Level,90+%
2024/25,North Lanarkshire,St Andrew's Primary School (Cumbernauld),"P1, P4 & P7 combined",Reading - % Meeting Level,90+%
2024/25,North Lanarkshire,St Andrew's Primary School (Cumbernauld),"P1, P4 & P7 combined",Writing - % Meeting Level,80-90%
2024/25,North Lanarkshire,St Andrew's Primary School (Cumbernauld),P4,Listening & Talking - % Meeting Level,80-90%
2024/25,North Lanarkshire,St Andrew's Primary School (Cumbernauld),P4,Numeracy - % Meeting Level,80-90%
2024/25,North Lanarkshire,St Andrew's Primary School (Cumbernauld),P4,Reading - % Meeting Level,90+%
2024/25,North Lanarkshire,St Andrew's Primary School (Cumbernauld),P4,Writing - % Meeting Level,80-90%
2024/25,North Lanarkshire,St Andrew's Primary School (Cumbernauld),P7,Listening & Talking - % Meeting Level,90+%
2024/25,North Lanarkshire,St Andrew's Primary School (Cumbernauld),P7,Numeracy - % Meeting Level,90+%
2024/25,North Lanarkshire,St Andrew's Primary School (Cumbernauld),P7,Reading - % Meeting Level,90+%
2024/25,North Lanarkshire,St Andrew's Primary School (Cumbernauld),P7,Writing - % Meeting Level,90+%
2024/25,North Lanarkshire,St Augustine's Primary School,P1,Listening & Talking - % Meeting Level,90+%
2024/25,North Lanarkshire,St Augustine's Primary School,P1,Numeracy - % Meeting Level,90+%
2024/25,North Lanarkshire,St Augustine's Primary School,P1,Reading - % Meeting Level,80-90%
2024/25,North Lanarkshire,St Augustine's Primary School,P1,Writing - % Meeting Level,70-80%
2024/25,North Lanarkshire,St Augustine's Primary School,"P1, P4 & P7 combined",Listening & Talking - % Meeting Level,90+%
2024/25,North Lanarkshire,St Augustine's Primary School,"P1, P4 & P7 combined",Numeracy - % Meeting Level,80-90%
2024/25,North Lanarkshire,St Augustine's Primary School,"P1, P4 & P7 combined",Reading - % Meeting Level,80-90%
2024/25,North Lanarkshire,St Augustine's Primary School,"P1, P4 & P7 combined",Writing - % Meeting Level,70-80%
2024/25,North Lanarkshire,St Augustine's Primary School,P4,Listening & Talking - % Meeting Level,90+%
2024/25,North Lanarkshire,St Augustine's Primary School,P4,Numeracy - % Meeting Level,80-90%
2024/25,North Lanarkshire,St Augustine's Primary School,P4,Reading - % Meeting Level,80-90%
2024/25,North Lanarkshire,St Augustine's Primary School,P4,Writing - % Meeting Level,80-90%
2024/25,North Lanarkshire,St Augustine's Primary School,P7,Listening & Talking - % Meeting Level,80-90%
2024/25,North Lanarkshire,St Augustine's Primary School,P7,Numeracy - % Meeting Level,70-80%
2024/25,North Lanarkshire,St Augustine's Primary School,P7,Reading - % Meeting Level,80-90%
2024/25,North Lanarkshire,St Augustine's Primary School,P7,Writing - % Meeting Level,70-80%
2024/25,North Lanarkshire,St Barbara's Primary School,P1,Listening & Talking - % Meeting Level,90+%
2024/25,North Lanarkshire,St Barbara's Primary School,P1,Numeracy - % Meeting Level,90+%
2024/25,North Lanarkshire,St Barbara's Primary School,P1,Reading - % Meeting Level,90+%
2024/25,North Lanarkshire,St Barbara's Primary School,P1,Writing - % Meeting Level,80-90%
2024/25,North Lanarkshire,St Barbara's Primary School,"P1, P4 & P7 combined",Listening & Talking - % Meeting Level,90+%
2024/25,North Lanarkshire,St Barbara's Primary School,"P1, P4 & P7 combined",Numeracy - % Meeting Level,80-90%
2024/25,North Lanarkshire,St Barbara's Primary School,"P1, P4 & P7 combined",Reading - % Meeting Level,80-90%
2024/25,North Lanarkshire,St Barbara's Primary School,"P1, P4 & P7 combined",Writing - % Meeting Level,80-90%
2024/25,North Lanarkshire,St Barbara's Primary School,P4,Listening & Talking - % Meeting Level,90+%
2024/25,North Lanarkshire,St Barbara's Primary School,P4,Numeracy - % Meeting Level,80-90%
2024/25,North Lanarkshire,St Barbara's Primary School,P4,Reading - % Meeting Level,80-90%
2024/25,North Lanarkshire,St Barbara's Primary School,P4,Writing - % Meeting Level,80-90%
2024/25,North Lanarkshire,St Barbara's Primary School,P7,Listening & Talking - % Meeting Level,90+%
2024/25,North Lanarkshire,St Barbara's Primary School,P7,Numeracy - % Meeting Level,80-90%
2024/25,North Lanarkshire,St Barbara's Primary School,P7,Reading - % Meeting Level,80-90%
2024/25,North Lanarkshire,St Barbara's Primary School,P7,Writing - % Meeting Level,80-90%
2024/25,North Lanarkshire,St Bartholomew's Primary School,P1,Listening & Talking - % Meeting Level,c
2024/25,North Lanarkshire,St Bartholomew's Primary School,P1,Numeracy - % Meeting Level,c
2024/25,North Lanarkshire,St Bartholomew's Primary School,P1,Reading - % Meeting Level,c
2024/25,North Lanarkshire,St Bartholomew's Primary School,P1,Writing - % Meeting Level,c
2024/25,North Lanarkshire,St Bartholomew's Primary School,"P1, P4 & P7 combined",Listening & Talking - % Meeting Level,90+%
2024/25,North Lanarkshire,St Bartholomew's Primary School,"P1, P4 & P7 combined",Numeracy - % Meeting Level,80-90%
2024/25,North Lanarkshire,St Bartholomew's Primary School,"P1, P4 & P7 combined",Reading - % Meeting Level,90+%
2024/25,North Lanarkshire,St Bartholomew's Primary School,"P1, P4 & P7 combined",Writing - % Meeting Level,80-90%
2024/25,North Lanarkshire,St Bartholomew's Primary School,P4,Listening & Talking - % Meeting Level,90+%
2024/25,North Lanarkshire,St Bartholomew's Primary School,P4,Numeracy - % Meeting Level,90+%
2024/25,North Lanarkshire,St Bartholomew's Primary School,P4,Reading - % Meeting Level,80-90%
2024/25,North Lanarkshire,St Bartholomew's Primary School,P4,Writing - % Meeting Level,80-90%
2024/25,North Lanarkshire,St Bartholomew's Primary School,P7,Listening & Talking - % Meeting Level,90+%
2024/25,North Lanarkshire,St Bartholomew's Primary School,P7,Numeracy - % Meeting Level,80-90%
2024/25,North Lanarkshire,St Bartholomew's Primary School,P7,Reading - % Meeting Level,90+%
2024/25,North Lanarkshire,St Bartholomew's Primary School,P7,Writing - % Meeting Level,80-90%
2024/25,North Lanarkshire,St Bernadette's Primary,P1,Listening & Talking - % Meeting Level,c
2024/25,North Lanarkshire,St Bernadette's Primary,P1,Numeracy - % Meeting Level,c
2024/25,North Lanarkshire,St Bernadette's Primary,P1,Reading - % Meeting Level,c
2024/25,North Lanarkshire,St Bernadette's Primary,P1,Writing - % Meeting Level,c
2024/25,North Lanarkshire,St Bernadette's Primary,"P1, P4 & P7 combined",Listening & Talking - % Meeting Level,90+%
2024/25,North Lanarkshire,St Bernadette's Primary,"P1, P4 & P7 combined",Numeracy - % Meeting Level,80-90%
2024/25,North Lanarkshire,St Bernadette's Primary,"P1, P4 & P7 combined",Reading - % Meeting Level,80-90%
2024/25,North Lanarkshire,St Bernadette's Primary,"P1, P4 & P7 combined",Writing - % Meeting Level,70-80%
2024/25,North Lanarkshire,St Bernadette's Primary,P4,Listening & Talking - % Meeting Level,90+%
2024/25,North Lanarkshire,St Bernadette's Primary,P4,Numeracy - % Meeting Level,70-80%
2024/25,North Lanarkshire,St Bernadette's Primary,P4,Reading - % Meeting Level,70-80%
2024/25,North Lanarkshire,St Bernadette's Primary,P4,Writing - % Meeting Level,70-80%
2024/25,North Lanarkshire,St Bernadette's Primary,P7,Listening & Talking - % Meeting Level,c
2024/25,North Lanarkshire,St Bernadette's Primary,P7,Numeracy - % Meeting Level,c
2024/25,North Lanarkshire,St Bernadette's Primary,P7,Reading - % Meeting Level,c
2024/25,North Lanarkshire,St Bernadette's Primary,P7,Writing - % Meeting Level,c
2024/25,North Lanarkshire,St Bernard's Primary School,P1,Listening & Talking - % Meeting Level,c
2024/25,North Lanarkshire,St Bernard's Primary School,P1,Numeracy - % Meeting Level,c
2024/25,North Lanarkshire,St Bernard's Primary School,P1,Reading - % Meeting Level,c
2024/25,North Lanarkshire,St Bernard's Primary School,P1,Writing - % Meeting Level,c
2024/25,North Lanarkshire,St Bernard's Primary School,"P1, P4 & P7 combined",Listening & Talking - % Meeting Level,80-90%
2024/25,North Lanarkshire,St Bernard's Primary School,"P1, P4 & P7 combined",Numeracy - % Meeting Level,70-80%
2024/25,North Lanarkshire,St Bernard's Primary School,"P1, P4 & P7 combined",Reading - % Meeting Level,70-80%
2024/25,North Lanarkshire,St Bernard's Primary School,"P1, P4 & P7 combined",Writing - % Meeting Level,60-70%
2024/25,North Lanarkshire,St Bernard's Primary School,P4,Listening & Talking - % Meeting Level,c
2024/25,North Lanarkshire,St Bernard's Primary School,P4,Numeracy - % Meeting Level,c
2024/25,North Lanarkshire,St Bernard's Primary School,P4,Reading - % Meeting Level,c
2024/25,North Lanarkshire,St Bernard's Primary School,P4,Writing - % Meeting Level,c
2024/25,North Lanarkshire,St Bernard's Primary School,P7,Listening & Talking - % Meeting Level,c
2024/25,North Lanarkshire,St Bernard's Primary School,P7,Numeracy - % Meeting Level,c
2024/25,North Lanarkshire,St Bernard's Primary School,P7,Reading - % Meeting Level,c
2024/25,North Lanarkshire,St Bernard's Primary School,P7,Writing - % Meeting Level,c
2024/25,North Lanarkshire,St Brendan's Primary School,P1,Listening & Talking - % Meeting Level,70-80%
2024/25,North Lanarkshire,St Brendan's Primary School,P1,Numeracy - % Meeting Level,80-90%
2024/25,North Lanarkshire,St Brendan's Primary School,P1,Reading - % Meeting Level,70-80%
2024/25,North Lanarkshire,St Brendan's Primary School,P1,Writing - % Meeting Level,70-80%
2024/25,North Lanarkshire,St Brendan's Primary School,"P1, P4 & P7 combined",Listening & Talking - % Meeting Level,80-90%
2024/25,North Lanarkshire,St Brendan's Primary School,"P1, P4 & P7 combined",Numeracy - % Meeting Level,80-90%
2024/25,North Lanarkshire,St Brendan's Primary School,"P1, P4 & P7 combined",Reading - % Meeting Level,80-90%
2024/25,North Lanarkshire,St Brendan's Primary School,"P1, P4 & P7 combined",Writing - % Meeting Level,70-80%
2024/25,North Lanarkshire,St Brendan's Primary School,P4,Listening & Talking - % Meeting Level,80-90%
2024/25,North Lanarkshire,St Brendan's Primary School,P4,Numeracy - % Meeting Level,80-90%
2024/25,North Lanarkshire,St Brendan's Primary School,P4,Reading - % Meeting Level,80-90%
2024/25,North Lanarkshire,St Brendan's Primary School,P4,Writing - % Meeting Level,70-80%
2024/25,North Lanarkshire,St Brendan's Primary School,P7,Listening & Talking - % Meeting Level,80-90%
2024/25,North Lanarkshire,St Brendan's Primary School,P7,Numeracy - % Meeting Level,80-90%
2024/25,North Lanarkshire,St Brendan's Primary School,P7,Reading - % Meeting Level,80-90%
2024/25,North Lanarkshire,St Brendan's Primary School,P7,Writing - % Meeting Level,70-80%
2024/25,North Lanarkshire,St Brigid's Primary School,P1,Listening & Talking - % Meeting Level,c
2024/25,North Lanarkshire,St Brigid's Primary School,P1,Numeracy - % Meeting Level,c
2024/25,North Lanarkshire,St Brigid's Primary School,P1,Reading - % Meeting Level,c
2024/25,North Lanarkshire,St Brigid's Primary School,P1,Writing - % Meeting Level,c
2024/25,North Lanarkshire,St Brigid's Primary School,"P1, P4 & P7 combined",Listening & Talking - % Meeting Level,80-90%
2024/25,North Lanarkshire,St Brigid's Primary School,"P1, P4 & P7 combined",Numeracy - % Meeting Level,70-80%
2024/25,North Lanarkshire,St Brigid's Primary School,"P1, P4 & P7 combined",Reading - % Meeting Level,70-80%
2024/25,North Lanarkshire,St Brigid's Primary School,"P1, P4 & P7 combined",Writing - % Meeting Level,70-80%
2024/25,North Lanarkshire,St Brigid's Primary School,P4,Listening & Talking - % Meeting Level,70-80%
2024/25,North Lanarkshire,St Brigid's Primary School,P4,Numeracy - % Meeting Level,80-90%
2024/25,North Lanarkshire,St Brigid's Primary School,P4,Reading - % Meeting Level,70-80%
2024/25,North Lanarkshire,St Brigid's Primary School,P4,Writing - % Meeting Level,70-80%
2024/25,North Lanarkshire,St Brigid's Primary School,P7,Listening & Talking - % Meeting Level,c
2024/25,North Lanarkshire,St Brigid's Primary School,P7,Numeracy - % Meeting Level,c
2024/25,North Lanarkshire,St Brigid's Primary School,P7,Reading - % Meeting Level,c
2024/25,North Lanarkshire,St Brigid's Primary School,P7,Writing - % Meeting Level,c
2024/25,North Lanarkshire,St David's Primary School,P1,Listening & Talking - % Meeting Level,c
2024/25,North Lanarkshire,St David's Primary School,P1,Numeracy - % Meeting Level,c
2024/25,North Lanarkshire,St David's Primary School,P1,Reading - % Meeting Level,c
2024/25,North Lanarkshire,St David's Primary School,P1,Writing - % Meeting Level,c
2024/25,North Lanarkshire,St David's Primary School,"P1, P4 & P7 combined",Listening & Talking - % Meeting Level,80-90%
2024/25,North Lanarkshire,St David's Primary School,"P1, P4 & P7 combined",Numeracy - % Meeting Level,70-80%
2024/25,North Lanarkshire,St David's Primary School,"P1, P4 & P7 combined",Reading - % Meeting Level,70-80%
2024/25,North Lanarkshire,St David's Primary School,"P1, P4 & P7 combined",Writing - % Meeting Level,60-70%
2024/25,North Lanarkshire,St David's Primary School,P4,Listening & Talking - % Meeting Level,c
2024/25,North Lanarkshire,St David's Primary School,P4,Numeracy - % Meeting Level,c
2024/25,North Lanarkshire,St David's Primary School,P4,Reading - % Meeting Level,c
2024/25,North Lanarkshire,St David's Primary School,P4,Writing - % Meeting Level,c
2024/25,North Lanarkshire,St David's Primary School,P7,Listening & Talking - % Meeting Level,c
2024/25,North Lanarkshire,St David's Primary School,P7,Numeracy - % Meeting Level,c
2024/25,North Lanarkshire,St David's Primary School,P7,Reading - % Meeting Level,c
2024/25,North Lanarkshire,St David's Primary School,P7,Writing - % Meeting Level,c
2024/25,North Lanarkshire,St Dominic's Primary School,P1,Listening & Talking - % Meeting Level,60-70%
2024/25,North Lanarkshire,St Dominic's Primary School,P1,Numeracy - % Meeting Level,70-80%
2024/25,North Lanarkshire,St Dominic's Primary School,P1,Reading - % Meeting Level,60-70%
2024/25,North Lanarkshire,St Dominic's Primary School,P1,Writing - % Meeting Level,60-70%
2024/25,North Lanarkshire,St Dominic's Primary School,"P1, P4 & P7 combined",Listening & Talking - % Meeting Level,70-80%
2024/25,North Lanarkshire,St Dominic's Primary School,"P1, P4 & P7 combined",Numeracy - % Meeting Level,70-80%
2024/25,North Lanarkshire,St Dominic's Primary School,"P1, P4 & P7 combined",Reading - % Meeting Level,70-80%
2024/25,North Lanarkshire,St Dominic's Primary School,"P1, P4 & P7 combined",Writing - % Meeting Level,70-80%
2024/25,North Lanarkshire,St Dominic's Primary School,P4,Listening & Talking - % Meeting Level,90+%
2024/25,North Lanarkshire,St Dominic's Primary School,P4,Numeracy - % Meeting Level,70-80%
2024/25,North Lanarkshire,St Dominic's Primary School,P4,Reading - % Meeting Level,90+%
2024/25,North Lanarkshire,St Dominic's Primary School,P4,Writing - % Meeting Level,90+%
2024/25,North Lanarkshire,St Dominic's Primary School,P7,Listening & Talking - % Meeting Level,80-90%
2024/25,North Lanarkshire,St Dominic's Primary School,P7,Numeracy - % Meeting Level,80-90%
2024/25,North Lanarkshire,St Dominic's Primary School,P7,Reading - % Meeting Level,70-80%
2024/25,North Lanarkshire,St Dominic's Primary School,P7,Writing - % Meeting Level,70-80%
2024/25,North Lanarkshire,St Edward's Primary School,P1,Listening & Talking - % Meeting Level,70-80%
2024/25,North Lanarkshire,St Edward's Primary School,P1,Numeracy - % Meeting Level,70-80%
2024/25,North Lanarkshire,St Edward's Primary School,P1,Reading - % Meeting Level,70-80%
2024/25,North Lanarkshire,St Edward's Primary School,P1,Writing - % Meeting Level,70-80%
2024/25,North Lanarkshire,St Edward's Primary School,"P1, P4 & P7 combined",Listening & Talking - % Meeting Level,80-90%
2024/25,North Lanarkshire,St Edward's Primary School,"P1, P4 & P7 combined",Numeracy - % Meeting Level,70-80%
2024/25,North Lanarkshire,St Edward's Primary School,"P1, P4 & P7 combined",Reading - % Meeting Level,70-80%
2024/25,North Lanarkshire,St Edward's Primary School,"P1, P4 & P7 combined",Writing - % Meeting Level,70-80%
2024/25,North Lanarkshire,St Edward's Primary School,P4,Listening & Talking - % Meeting Level,70-80%
2024/25,North Lanarkshire,St Edward's Primary School,P4,Numeracy - % Meeting Level,70-80%
2024/25,North Lanarkshire,St Edward's Primary School,P4,Reading - % Meeting Level,70-80%
2024/25,North Lanarkshire,St Edward's Primary School,P4,Writing - % Meeting Level,70-80%
2024/25,North Lanarkshire,St Edward's Primary School,P7,Listening & Talking - % Meeting Level,80-90%
2024/25,North Lanarkshire,St Edward's Primary School,P7,Numeracy - % Meeting Level,80-90%
2024/25,North Lanarkshire,St Edward's Primary School,P7,Reading - % Meeting Level,80-90%
2024/25,North Lanarkshire,St Edward's Primary School,P7,Writing - % Meeting Level,70-80%
2024/25,North Lanarkshire,St Gerard's Primary School,P1,Listening & Talking - % Meeting Level,70-80%
2024/25,North Lanarkshire,St Gerard's Primary School,P1,Numeracy - % Meeting Level,70-80%
2024/25,North Lanarkshire,St Gerard's Primary School,P1,Reading - % Meeting Level,70-80%
2024/25,North Lanarkshire,St Gerard's Primary School,P1,Writing - % Meeting Level,70-80%
2024/25,North Lanarkshire,St Gerard's Primary School,"P1, P4 & P7 combined",Listening & Talking - % Meeting Level,80-90%
2024/25,North Lanarkshire,St Gerard's Primary School,"P1, P4 & P7 combined",Numeracy - % Meeting Level,80-90%
2024/25,North Lanarkshire,St Gerard's Primary School,"P1, P4 & P7 combined",Reading - % Meeting Level,80-90%
2024/25,North Lanarkshire,St Gerard's Primary School,"P1, P4 & P7 combined",Writing - % Meeting Level,70-80%
2024/25,North Lanarkshire,St Gerard's Primary School,P4,Listening & Talking - % Meeting Level,90+%
2024/25,North Lanarkshire,St Gerard's Primary School,P4,Numeracy - % Meeting Level,80-90%
2024/25,North Lanarkshire,St Gerard's Primary School,P4,Reading - % Meeting Level,70-80%
2024/25,North Lanarkshire,St Gerard's Primary School,P4,Writing - % Meeting Level,60-70%
2024/25,North Lanarkshire,St Gerard's Primary School,P7,Listening & Talking - % Meeting Level,90+%
2024/25,North Lanarkshire,St Gerard's Primary School,P7,Numeracy - % Meeting Level,80-90%
2024/25,North Lanarkshire,St Gerard's Primary School,P7,Reading - % Meeting Level,80-90%
2024/25,North Lanarkshire,St Gerard's Primary School,P7,Writing - % Meeting Level,80-90%
2024/25,North Lanarkshire,St Helen's Primary School,P1,Listening & Talking - % Meeting Level,90+%
2024/25,North Lanarkshire,St Helen's Primary School,P1,Numeracy - % Meeting Level,90+%
2024/25,North Lanarkshire,St Helen's Primary School,P1,Reading - % Meeting Level,80-90%
2024/25,North Lanarkshire,St Helen's Primary School,P1,Writing - % Meeting Level,80-90%
2024/25,North Lanarkshire,St Helen's Primary School,"P1, P4 & P7 combined",Listening & Talking - % Meeting Level,90+%
2024/25,North Lanarkshire,St Helen's Primary School,"P1, P4 & P7 combined",Numeracy - % Meeting Level,80-90%
2024/25,North Lanarkshire,St Helen's Primary School,"P1, P4 & P7 combined",Reading - % Meeting Level,80-90%
2024/25,North Lanarkshire,St Helen's Primary School,"P1, P4 & P7 combined",Writing - % Meeting Level,70-80%
2024/25,North Lanarkshire,St Helen's Primary School,P4,Listening & Talking - % Meeting Level,90+%
2024/25,North Lanarkshire,St Helen's Primary School,P4,Numeracy - % Meeting Level,70-80%
2024/25,North Lanarkshire,St Helen's Primary School,P4,Reading - % Meeting Level,80-90%
2024/25,North Lanarkshire,St Helen's Primary School,P4,Writing - % Meeting Level,70-80%
2024/25,North Lanarkshire,St Helen's Primary School,P7,Listening & Talking - % Meeting Level,80-90%
2024/25,North Lanarkshire,St Helen's Primary School,P7,Numeracy - % Meeting Level,70-80%
2024/25,North Lanarkshire,St Helen's Primary School,P7,Reading - % Meeting Level,80-90%
2024/25,North Lanarkshire,St Helen's Primary School,P7,Writing - % Meeting Level,80-90%
2024/25,North Lanarkshire,St Ignatius' Primary School,P1,Listening & Talking - % Meeting Level,80-90%
2024/25,North Lanarkshire,St Ignatius' Primary School,P1,Numeracy - % Meeting Level,90+%
2024/25,North Lanarkshire,St Ignatius' Primary School,P1,Reading - % Meeting Level,80-90%
2024/25,North Lanarkshire,St Ignatius' Primary School,P1,Writing - % Meeting Level,80-90%
2024/25,North Lanarkshire,St Ignatius' Primary School,"P1, P4 & P7 combined",Listening & Talking - % Meeting Level,80-90%
2024/25,North Lanarkshire,St Ignatius' Primary School,"P1, P4 & P7 combined",Numeracy - % Meeting Level,80-90%
2024/25,North Lanarkshire,St Ignatius' Primary School,"P1, P4 & P7 combined",Reading - % Meeting Level,70-80%
2024/25,North Lanarkshire,St Ignatius' Primary School,"P1, P4 & P7 combined",Writing - % Meeting Level,70-80%
2024/25,North Lanarkshire,St Ignatius' Primary School,P4,Listening & Talking - % Meeting Level,90+%
2024/25,North Lanarkshire,St Ignatius' Primary School,P4,Numeracy - % Meeting Level,70-80%
2024/25,North Lanarkshire,St Ignatius' Primary School,P4,Reading - % Meeting Level,80-90%
2024/25,North Lanarkshire,St Ignatius' Primary School,P4,Writing - % Meeting Level,80-90%
2024/25,North Lanarkshire,St Ignatius' Primary School,P7,Listening & Talking - % Meeting Level,60-70%
2024/25,North Lanarkshire,St Ignatius' Primary School,P7,Numeracy - % Meeting Level,70-80%
2024/25,North Lanarkshire,St Ignatius' Primary School,P7,Reading - % Meeting Level,60-70%
2024/25,North Lanarkshire,St Ignatius' Primary School,P7,Writing - % Meeting Level,60-70%
2024/25,North Lanarkshire,St John Paul II Primary,P1,Listening & Talking - % Meeting Level,80-90%
2024/25,North Lanarkshire,St John Paul II Primary,P1,Numeracy - % Meeting Level,80-90%
2024/25,North Lanarkshire,St John Paul II Primary,P1,Reading - % Meeting Level,80-90%
2024/25,North Lanarkshire,St John Paul II Primary,P1,Writing - % Meeting Level,90+%
2024/25,North Lanarkshire,St John Paul II Primary,"P1, P4 & P7 combined",Listening & Talking - % Meeting Level,80-90%
2024/25,North Lanarkshire,St John Paul II Primary,"P1, P4 & P7 combined",Numeracy - % Meeting Level,70-80%
2024/25,North Lanarkshire,St John Paul II Primary,"P1, P4 & P7 combined",Reading - % Meeting Level,70-80%
2024/25,North Lanarkshire,St John Paul II Primary,"P1, P4 & P7 combined",Writing - % Meeting Level,60-70%
2024/25,North Lanarkshire,St John Paul II Primary,P4,Listening & Talking - % Meeting Level,70-80%
2024/25,North Lanarkshire,St John Paul II Primary,P4,Numeracy - % Meeting Level,60-70%
2024/25,North Lanarkshire,St John Paul II Primary,P4,Reading - % Meeting Level,70-80%
2024/25,North Lanarkshire,St John Paul II Primary,P4,Writing - % Meeting Level,50-60%
2024/25,North Lanarkshire,St John Paul II Primary,P7,Listening & Talking - % Meeting Level,80-90%
2024/25,North Lanarkshire,St John Paul II Primary,P7,Numeracy - % Meeting Level,60-70%
2024/25,North Lanarkshire,St John Paul II Primary,P7,Reading - % Meeting Level,70-80%
2024/25,North Lanarkshire,St John Paul II Primary,P7,Writing - % Meeting Level,60-70%
2024/25,North Lanarkshire,St Joseph's Primary School,P1,Listening & Talking - % Meeting Level,90+%
2024/25,North Lanarkshire,St Joseph's Primary School,P1,Numeracy - % Meeting Level,90+%
2024/25,North Lanarkshire,St Joseph's Primary School,P1,Reading - % Meeting Level,90+%
2024/25,North Lanarkshire,St Joseph's Primary School,P1,Writing - % Meeting Level,90+%
2024/25,North Lanarkshire,St Joseph's Primary School,"P1, P4 & P7 combined",Listening & Talking - % Meeting Level,90+%
2024/25,North Lanarkshire,St Joseph's Primary School,"P1, P4 & P7 combined",Numeracy - % Meeting Level,90+%
2024/25,North Lanarkshire,St Joseph's Primary School,"P1, P4 & P7 combined",Reading - % Meeting Level,90+%
2024/25,North Lanarkshire,St Joseph's Primary School,"P1, P4 & P7 combined",Writing - % Meeting Level,90+%
2024/25,North Lanarkshire,St Joseph's Primary School,P4,Listening & Talking - % Meeting Level,90+%
2024/25,North Lanarkshire,St Joseph's Primary School,P4,Numeracy - % Meeting Level,90+%
2024/25,North Lanarkshire,St Joseph's Primary School,P4,Reading - % Meeting Level,90+%
2024/25,North Lanarkshire,St Joseph's Primary School,P4,Writing - % Meeting Level,90+%
2024/25,North Lanarkshire,St Joseph's Primary School,P7,Listening & Talking - % Meeting Level,90+%
2024/25,North Lanarkshire,St Joseph's Primary School,P7,Numeracy - % Meeting Level,90+%
2024/25,North Lanarkshire,St Joseph's Primary School,P7,Reading - % Meeting Level,90+%
2024/25,North Lanarkshire,St Joseph's Primary School,P7,Writing - % Meeting Level,90+%
2024/25,North Lanarkshire,St Kevin's Primary School,P1,Listening & Talking - % Meeting Level,90+%
2024/25,North Lanarkshire,St Kevin's Primary School,P1,Numeracy - % Meeting Level,90+%
2024/25,North Lanarkshire,St Kevin's Primary School,P1,Reading - % Meeting Level,90+%
2024/25,North Lanarkshire,St Kevin's Primary School,P1,Writing - % Meeting Level,90+%
2024/25,North Lanarkshire,St Kevin's Primary School,"P1, P4 & P7 combined",Listening & Talking - % Meeting Level,90+%
2024/25,North Lanarkshire,St Kevin's Primary School,"P1, P4 & P7 combined",Numeracy - % Meeting Level,90+%
2024/25,North Lanarkshire,St Kevin's Primary School,"P1, P4 & P7 combined",Reading - % Meeting Level,90+%
2024/25,North Lanarkshire,St Kevin's Primary School,"P1, P4 & P7 combined",Writing - % Meeting Level,90+%
2024/25,North Lanarkshire,St Kevin's Primary School,P4,Listening & Talking - % Meeting Level,90+%
2024/25,North Lanarkshire,St Kevin's Primary School,P4,Numeracy - % Meeting Level,90+%
2024/25,North Lanarkshire,St Kevin's Primary School,P4,Reading - % Meeting Level,90+%
2024/25,North Lanarkshire,St Kevin's Primary School,P4,Writing - % Meeting Level,90+%
2024/25,North Lanarkshire,St Kevin's Primary School,P7,Listening & Talking - % Meeting Level,90+%
2024/25,North Lanarkshire,St Kevin's Primary School,P7,Numeracy - % Meeting Level,90+%
2024/25,North Lanarkshire,St Kevin's Primary School,P7,Reading - % Meeting Level,90+%
2024/25,North Lanarkshire,St Kevin's Primary School,P7,Writing - % Meeting Level,90+%
2024/25,North Lanarkshire,St Lucy's Primary School,P1,Listening & Talking - % Meeting Level,70-80%
2024/25,North Lanarkshire,St Lucy's Primary School,P1,Numeracy - % Meeting Level,70-80%
2024/25,North Lanarkshire,St Lucy's Primary School,P1,Reading - % Meeting Level,70-80%
2024/25,North Lanarkshire,St Lucy's Primary School,P1,Writing - % Meeting Level,60-70%
2024/25,North Lanarkshire,St Lucy's Primary School,"P1, P4 & P7 combined",Listening & Talking - % Meeting Level,80-90%
2024/25,North Lanarkshire,St Lucy's Primary School,"P1, P4 & P7 combined",Numeracy - % Meeting Level,60-70%
2024/25,North Lanarkshire,St Lucy's Primary School,"P1, P4 & P7 combined",Reading - % Meeting Level,60-70%
2024/25,North Lanarkshire,St Lucy's Primary School,"P1, P4 & P7 combined",Writing - % Meeting Level,60-70%
2024/25,North Lanarkshire,St Lucy's Primary School,P4,Listening & Talking - % Meeting Level,70-80%
2024/25,North Lanarkshire,St Lucy's Primary School,P4,Numeracy - % Meeting Level,50-60%
2024/25,North Lanarkshire,St Lucy's Primary School,P4,Reading - % Meeting Level,50-60%
2024/25,North Lanarkshire,St Lucy's Primary School,P4,Writing - % Meeting Level,50-60%
2024/25,North Lanarkshire,St Lucy's Primary School,P7,Listening & Talking - % Meeting Level,80-90%
2024/25,North Lanarkshire,St Lucy's Primary School,P7,Numeracy - % Meeting Level,50-60%
2024/25,North Lanarkshire,St Lucy's Primary School,P7,Reading - % Meeting Level,70-80%
2024/25,North Lanarkshire,St Lucy's Primary School,P7,Writing - % Meeting Level,60-70%
2024/25,North Lanarkshire,St Margaret of Scotland Primary School,P1,Listening & Talking - % Meeting Level,60-70%
2024/25,North Lanarkshire,St Margaret of Scotland Primary School,P1,Numeracy - % Meeting Level,60-70%
2024/25,North Lanarkshire,St Margaret of Scotland Primary School,P1,Reading - % Meeting Level,60-70%
2024/25,North Lanarkshire,St Margaret of Scotland Primary School,P1,Writing - % Meeting Level,60-70%
2024/25,North Lanarkshire,St Margaret of Scotland Primary School,"P1, P4 & P7 combined",Listening & Talking - % Meeting Level,70-80%
2024/25,North Lanarkshire,St Margaret of Scotland Primary School,"P1, P4 & P7 combined",Numeracy - % Meeting Level,70-80%
2024/25,North Lanarkshire,St Margaret of Scotland Primary School,"P1, P4 & P7 combined",Reading - % Meeting Level,70-80%
2024/25,North Lanarkshire,St Margaret of Scotland Primary School,"P1, P4 & P7 combined",Writing - % Meeting Level,60-70%
2024/25,North Lanarkshire,St Margaret of Scotland Primary School,P4,Listening & Talking - % Meeting Level,80-90%
2024/25,North Lanarkshire,St Margaret of Scotland Primary School,P4,Numeracy - % Meeting Level,70-80%
2024/25,North Lanarkshire,St Margaret of Scotland Primary School,P4,Reading - % Meeting Level,70-80%
2024/25,North Lanarkshire,St Margaret of Scotland Primary School,P4,Writing - % Meeting Level,70-80%
2024/25,North Lanarkshire,St Margaret of Scotland Primary School,P7,Listening & Talking - % Meeting Level,90+%
2024/25,North Lanarkshire,St Margaret of Scotland Primary School,P7,Numeracy - % Meeting Level,80-90%
2024/25,North Lanarkshire,St Margaret of Scotland Primary School,P7,Reading - % Meeting Level,70-80%
2024/25,North Lanarkshire,St Margaret of Scotland Primary School,P7,Writing - % Meeting Level,60-70%
2024/25,North Lanarkshire,St Mary's Primary School (Caldercruix),P1,Listening & Talking - % Meeting Level,c
2024/25,North Lanarkshire,St Mary's Primary School (Caldercruix),P1,Numeracy - % Meeting Level,c
2024/25,North Lanarkshire,St Mary's Primary School (Caldercruix),P1,Reading - % Meeting Level,c
2024/25,North Lanarkshire,St Mary's Primary School (Caldercruix),P1,Writing - % Meeting Level,c
2024/25,North Lanarkshire,St Mary's Primary School (Caldercruix),"P1, P4 & P7 combined",Listening & Talking - % Meeting Level,80-90%
2024/25,North Lanarkshire,St Mary's Primary School (Caldercruix),"P1, P4 & P7 combined",Numeracy - % Meeting Level,70-80%
2024/25,North Lanarkshire,St Mary's Primary School (Caldercruix),"P1, P4 & P7 combined",Reading - % Meeting Level,70-80%
2024/25,North Lanarkshire,St Mary's Primary School (Caldercruix),"P1, P4 & P7 combined",Writing - % Meeting Level,70-80%
2024/25,North Lanarkshire,St Mary's Primary School (Caldercruix),P4,Listening & Talking - % Meeting Level,c
2024/25,North Lanarkshire,St Mary's Primary School (Caldercruix),P4,Numeracy - % Meeting Level,c
2024/25,North Lanarkshire,St Mary's Primary School (Caldercruix),P4,Reading - % Meeting Level,c
2024/25,North Lanarkshire,St Mary's Primary School (Caldercruix),P4,Writing - % Meeting Level,c
2024/25,North Lanarkshire,St Mary's Primary School (Caldercruix),P7,Listening & Talking - % Meeting Level,c
2024/25,North Lanarkshire,St Mary's Primary School (Caldercruix),P7,Numeracy - % Meeting Level,c
2024/25,North Lanarkshire,St Mary's Primary School (Caldercruix),P7,Reading - % Meeting Level,c
2024/25,North Lanarkshire,St Mary's Primary School (Caldercruix),P7,Writing - % Meeting Level,c
2024/25,North Lanarkshire,St Mary's Primary School (Cleland),P1,Listening & Talking - % Meeting Level,c
2024/25,North Lanarkshire,St Mary's Primary School (Cleland),P1,Numeracy - % Meeting Level,c
2024/25,North Lanarkshire,St Mary's Primary School (Cleland),P1,Reading - % Meeting Level,c
2024/25,North Lanarkshire,St Mary's Primary School (Cleland),P1,Writing - % Meeting Level,c
2024/25,North Lanarkshire,St Mary's Primary School (Cleland),"P1, P4 & P7 combined",Listening & Talking - % Meeting Level,70-80%
2024/25,North Lanarkshire,St Mary's Primary School (Cleland),"P1, P4 & P7 combined",Numeracy - % Meeting Level,60-70%
2024/25,North Lanarkshire,St Mary's Primary School (Cleland),"P1, P4 & P7 combined",Reading - % Meeting Level,70-80%
2024/25,North Lanarkshire,St Mary's Primary School (Cleland),"P1, P4 & P7 combined",Writing - % Meeting Level,60-70%
2024/25,North Lanarkshire,St Mary's Primary School (Cleland),P4,Listening & Talking - % Meeting Level,c
2024/25,North Lanarkshire,St Mary's Primary School (Cleland),P4,Numeracy - % Meeting Level,c
2024/25,North Lanarkshire,St Mary's Primary School (Cleland),P4,Reading - % Meeting Level,c
2024/25,North Lanarkshire,St Mary's Primary School (Cleland),P4,Writing - % Meeting Level,c
2024/25,North Lanarkshire,St Mary's Primary School (Cleland),P7,Listening & Talking - % Meeting Level,c
2024/25,North Lanarkshire,St Mary's Primary School (Cleland),P7,Numeracy - % Meeting Level,c
2024/25,North Lanarkshire,St Mary's Primary School (Cleland),P7,Reading - % Meeting Level,c
2024/25,North Lanarkshire,St Mary's Primary School (Cleland),P7,Writing - % Meeting Level,c
2024/25,North Lanarkshire,St Mary's Primary School (Coatbridge),P1,Listening & Talking - % Meeting Level,90+%
2024/25,North Lanarkshire,St Mary's Primary School (Coatbridge),P1,Numeracy - % Meeting Level,90+%
2024/25,North Lanarkshire,St Mary's Primary School (Coatbridge),P1,Reading - % Meeting Level,80-90%
2024/25,North Lanarkshire,St Mary's Primary School (Coatbridge),P1,Writing - % Meeting Level,80-90%
2024/25,North Lanarkshire,St Mary's Primary School (Coatbridge),"P1, P4 & P7 combined",Listening & Talking - % Meeting Level,90+%
2024/25,North Lanarkshire,St Mary's Primary School (Coatbridge),"P1, P4 & P7 combined",Numeracy - % Meeting Level,90+%
2024/25,North Lanarkshire,St Mary's Primary School (Coatbridge),"P1, P4 & P7 combined",Reading - % Meeting Level,90+%
2024/25,North Lanarkshire,St Mary's Primary School (Coatbridge),"P1, P4 & P7 combined",Writing - % Meeting Level,80-90%
2024/25,North Lanarkshire,St Mary's Primary School (Coatbridge),P4,Listening & Talking - % Meeting Level,90+%
2024/25,North Lanarkshire,St Mary's Primary School (Coatbridge),P4,Numeracy - % Meeting Level,80-90%
2024/25,North Lanarkshire,St Mary's Primary School (Coatbridge),P4,Reading - % Meeting Level,90+%
2024/25,North Lanarkshire,St Mary's Primary School (Coatbridge),P4,Writing - % Meeting Level,80-90%
2024/25,North Lanarkshire,St Mary's Primary School (Coatbridge),P7,Listening & Talking - % Meeting Level,90+%
2024/25,North Lanarkshire,St Mary's Primary School (Coatbridge),P7,Numeracy - % Meeting Level,90+%
2024/25,North Lanarkshire,St Mary's Primary School (Coatbridge),P7,Reading - % Meeting Level,90+%
2024/25,North Lanarkshire,St Mary's Primary School (Coatbridge),P7,Writing - % Meeting Level,90+%
2024/25,North Lanarkshire,St Mary's Primary School (Cumbernauld),P1,Listening & Talking - % Meeting Level,c
2024/25,North Lanarkshire,St Mary's Primary School (Cumbernauld),P1,Numeracy - % Meeting Level,c
2024/25,North Lanarkshire,St Mary's Primary School (Cumbernauld),P1,Reading - % Meeting Level,c
2024/25,North Lanarkshire,St Mary's Primary School (Cumbernauld),P1,Writing - % Meeting Level,c
2024/25,North Lanarkshire,St Mary's Primary School (Cumbernauld),"P1, P4 & P7 combined",Listening & Talking - % Meeting Level,90+%
2024/25,North Lanarkshire,St Mary's Primary School (Cumbernauld),"P1, P4 & P7 combined",Numeracy - % Meeting Level,80-90%
2024/25,North Lanarkshire,St Mary's Primary School (Cumbernauld),"P1, P4 & P7 combined",Reading - % Meeting Level,90+%
2024/25,North Lanarkshire,St Mary's Primary School (Cumbernauld),"P1, P4 & P7 combined",Writing - % Meeting Level,80-90%
2024/25,North Lanarkshire,St Mary's Primary School (Cumbernauld),P4,Listening & Talking - % Meeting Level,c
2024/25,North Lanarkshire,St Mary's Primary School (Cumbernauld),P4,Numeracy - % Meeting Level,c
2024/25,North Lanarkshire,St Mary's Primary School (Cumbernauld),P4,Reading - % Meeting Level,c
2024/25,North Lanarkshire,St Mary's Primary School (Cumbernauld),P4,Writing - % Meeting Level,c
2024/25,North Lanarkshire,St Mary's Primary School (Cumbernauld),P7,Listening & Talking - % Meeting Level,c
2024/25,North Lanarkshire,St Mary's Primary School (Cumbernauld),P7,Numeracy - % Meeting Level,c
2024/25,North Lanarkshire,St Mary's Primary School (Cumbernauld),P7,Reading - % Meeting Level,c
2024/25,North Lanarkshire,St Mary's Primary School (Cumbernauld),P7,Writing - % Meeting Level,c
2024/25,North Lanarkshire,St Michael's Primary School,P1,Listening & Talking - % Meeting Level,90+%
2024/25,North Lanarkshire,St Michael's Primary School,P1,Numeracy - % Meeting Level,90+%
2024/25,North Lanarkshire,St Michael's Primary School,P1,Reading - % Meeting Level,90+%
2024/25,North Lanarkshire,St Michael's Primary School,P1,Writing - % Meeting Level,90+%
2024/25,North Lanarkshire,St Michael's Primary School,"P1, P4 & P7 combined",Listening & Talking - % Meeting Level,90+%
2024/25,North Lanarkshire,St Michael's Primary School,"P1, P4 & P7 combined",Numeracy - % Meeting Level,80-90%
2024/25,North Lanarkshire,St Michael's Primary School,"P1, P4 & P7 combined",Reading - % Meeting Level,90+%
2024/25,North Lanarkshire,St Michael's Primary School,"P1, P4 & P7 combined",Writing - % Meeting Level,80-90%
2024/25,North Lanarkshire,St Michael's Primary School,P4,Listening & Talking - % Meeting Level,90+%
2024/25,North Lanarkshire,St Michael's Primary School,P4,Numeracy - % Meeting Level,70-80%
2024/25,North Lanarkshire,St Michael's Primary School,P4,Reading - % Meeting Level,90+%
2024/25,North Lanarkshire,St Michael's Primary School,P4,Writing - % Meeting Level,70-80%
2024/25,North Lanarkshire,St Michael's Primary School,P7,Listening & Talking - % Meeting Level,90+%
2024/25,North Lanarkshire,St Michael's Primary School,P7,Numeracy - % Meeting Level,80-90%
2024/25,North Lanarkshire,St Michael's Primary School,P7,Reading - % Meeting Level,90+%
2024/25,North Lanarkshire,St Michael's Primary School,P7,Writing - % Meeting Level,80-90%
2024/25,North Lanarkshire,St Monica's Primary School,P1,Listening & Talking - % Meeting Level,c
2024/25,North Lanarkshire,St Monica's Primary School,P1,Numeracy - % Meeting Level,c
2024/25,North Lanarkshire,St Monica's Primary School,P1,Reading - % Meeting Level,c
2024/25,North Lanarkshire,St Monica's Primary School,P1,Writing - % Meeting Level,c
2024/25,North Lanarkshire,St Monica's Primary School,"P1, P4 & P7 combined",Listening & Talking - % Meeting Level,80-90%
2024/25,North Lanarkshire,St Monica's Primary School,"P1, P4 & P7 combined",Numeracy - % Meeting Level,70-80%
2024/25,North Lanarkshire,St Monica's Primary School,"P1, P4 & P7 combined",Reading - % Meeting Level,70-80%
2024/25,North Lanarkshire,St Monica's Primary School,"P1, P4 & P7 combined",Writing - % Meeting Level,70-80%
2024/25,North Lanarkshire,St Monica's Primary School,P4,Listening & Talking - % Meeting Level,90+%
2024/25,North Lanarkshire,St Monica's Primary School,P4,Numeracy - % Meeting Level,80-90%
2024/25,North Lanarkshire,St Monica's Primary School,P4,Reading - % Meeting Level,60-70%
2024/25,North Lanarkshire,St Monica's Primary School,P4,Writing - % Meeting Level,70-80%
2024/25,North Lanarkshire,St Monica's Primary School,P7,Listening & Talking - % Meeting Level,90+%
2024/25,North Lanarkshire,St Monica's Primary School,P7,Numeracy - % Meeting Level,70-80%
2024/25,North Lanarkshire,St Monica's Primary School,P7,Reading - % Meeting Level,80-90%
2024/25,North Lanarkshire,St Monica's Primary School,P7,Writing - % Meeting Level,70-80%
2024/25,North Lanarkshire,St Patrick's Primary School (Coatbridge),P1,Listening & Talking - % Meeting Level,80-90%
2024/25,North Lanarkshire,St Patrick's Primary School (Coatbridge),P1,Numeracy - % Meeting Level,80-90%
2024/25,North Lanarkshire,St Patrick's Primary School (Coatbridge),P1,Reading - % Meeting Level,80-90%
2024/25,North Lanarkshire,St Patrick's Primary School (Coatbridge),P1,Writing - % Meeting Level,80-90%
2024/25,North Lanarkshire,St Patrick's Primary School (Coatbridge),"P1, P4 & P7 combined",Listening & Talking - % Meeting Level,80-90%
2024/25,North Lanarkshire,St Patrick's Primary School (Coatbridge),"P1, P4 & P7 combined",Numeracy - % Meeting Level,80-90%
2024/25,North Lanarkshire,St Patrick's Primary School (Coatbridge),"P1, P4 & P7 combined",Reading - % Meeting Level,80-90%
2024/25,North Lanarkshire,St Patrick's Primary School (Coatbridge),"P1, P4 & P7 combined",Writing - % Meeting Level,80-90%
2024/25,North Lanarkshire,St Patrick's Primary School (Coatbridge),P4,Listening & Talking - % Meeting Level,80-90%
2024/25,North Lanarkshire,St Patrick's Primary School (Coatbridge),P4,Numeracy - % Meeting Level,80-90%
2024/25,North Lanarkshire,St Patrick's Primary School (Coatbridge),P4,Reading - % Meeting Level,80-90%
2024/25,North Lanarkshire,St Patrick's Primary School (Coatbridge),P4,Writing - % Meeting Level,70-80%
2024/25,North Lanarkshire,St Patrick's Primary School (Coatbridge),P7,Listening & Talking - % Meeting Level,80-90%
2024/25,North Lanarkshire,St Patrick's Primary School (Coatbridge),P7,Numeracy - % Meeting Level,80-90%
2024/25,North Lanarkshire,St Patrick's Primary School (Coatbridge),P7,Reading - % Meeting Level,90+%
2024/25,North Lanarkshire,St Patrick's Primary School (Coatbridge),P7,Writing - % Meeting Level,90+%
2024/25,North Lanarkshire,St Patrick's Primary School (Kilsyth),P1,Listening & Talking - % Meeting Level,70-80%
2024/25,North Lanarkshire,St Patrick's Primary School (Kilsyth),P1,Numeracy - % Meeting Level,70-80%
2024/25,North Lanarkshire,St Patrick's Primary School (Kilsyth),P1,Reading - % Meeting Level,80-90%
2024/25,North Lanarkshire,St Patrick's Primary School (Kilsyth),P1,Writing - % Meeting Level,70-80%
2024/25,North Lanarkshire,St Patrick's Primary School (Kilsyth),"P1, P4 & P7 combined",Listening & Talking - % Meeting Level,80-90%
2024/25,North Lanarkshire,St Patrick's Primary School (Kilsyth),"P1, P4 & P7 combined",Numeracy - % Meeting Level,70-80%
2024/25,North Lanarkshire,St Patrick's Primary School (Kilsyth),"P1, P4 & P7 combined",Reading - % Meeting Level,70-80%
2024/25,North Lanarkshire,St Patrick's Primary School (Kilsyth),"P1, P4 & P7 combined",Writing - % Meeting Level,60-70%
2024/25,North Lanarkshire,St Patrick's Primary School (Kilsyth),P4,Listening & Talking - % Meeting Level,70-80%
2024/25,North Lanarkshire,St Patrick's Primary School (Kilsyth),P4,Numeracy - % Meeting Level,60-70%
2024/25,North Lanarkshire,St Patrick's Primary School (Kilsyth),P4,Reading - % Meeting Level,50-60%
2024/25,North Lanarkshire,St Patrick's Primary School (Kilsyth),P4,Writing - % Meeting Level,50-60%
2024/25,North Lanarkshire,St Patrick's Primary School (Kilsyth),P7,Listening & Talking - % Meeting Level,90+%
2024/25,North Lanarkshire,St Patrick's Primary School (Kilsyth),P7,Numeracy - % Meeting Level,80-90%
2024/25,North Lanarkshire,St Patrick's Primary School (Kilsyth),P7,Reading - % Meeting Level,90+%
2024/25,North Lanarkshire,St Patrick's Primary School (Kilsyth),P7,Writing - % Meeting Level,80-90%
2024/25,North Lanarkshire,St Patrick's Primary School (New Stevenston),P1,Listening & Talking - % Meeting Level,c
2024/25,North Lanarkshire,St Patrick's Primary School (New Stevenston),P1,Numeracy - % Meeting Level,c
2024/25,North Lanarkshire,St Patrick's Primary School (New Stevenston),P1,Reading - % Meeting Level,c
2024/25,North Lanarkshire,St Patrick's Primary School (New Stevenston),P1,Writing - % Meeting Level,c
2024/25,North Lanarkshire,St Patrick's Primary School (New Stevenston),"P1, P4 & P7 combined",Listening & Talking - % Meeting Level,80-90%
2024/25,North Lanarkshire,St Patrick's Primary School (New Stevenston),"P1, P4 & P7 combined",Numeracy - % Meeting Level,80-90%
2024/25,North Lanarkshire,St Patrick's Primary School (New Stevenston),"P1, P4 & P7 combined",Reading - % Meeting Level,80-90%
2024/25,North Lanarkshire,St Patrick's Primary School (New Stevenston),"P1, P4 & P7 combined",Writing - % Meeting Level,70-80%
2024/25,North Lanarkshire,St Patrick's Primary School (New Stevenston),P4,Listening & Talking - % Meeting Level,80-90%
2024/25,North Lanarkshire,St Patrick's Primary School (New Stevenston),P4,Numeracy - % Meeting Level,80-90%
2024/25,North Lanarkshire,St Patrick's Primary School (New Stevenston),P4,Reading - % Meeting Level,80-90%
2024/25,North Lanarkshire,St Patrick's Primary School (New Stevenston),P4,Writing - % Meeting Level,80-90%
2024/25,North Lanarkshire,St Patrick's Primary School (New Stevenston),P7,Listening & Talking - % Meeting Level,80-90%
2024/25,North Lanarkshire,St Patrick's Primary School (New Stevenston),P7,Numeracy - % Meeting Level,70-80%
2024/25,North Lanarkshire,St Patrick's Primary School (New Stevenston),P7,Reading - % Meeting Level,80-90%
2024/25,North Lanarkshire,St Patrick's Primary School (New Stevenston),P7,Writing - % Meeting Level,70-80%
2024/25,North Lanarkshire,St Patrick's Primary School (Shotts),P1,Listening & Talking - % Meeting Level,80-90%
2024/25,North Lanarkshire,St Patrick's Primary School (Shotts),P1,Numeracy - % Meeting Level,80-90%
2024/25,North Lanarkshire,St Patrick's Primary School (Shotts),P1,Reading - % Meeting Level,70-80%
2024/25,North Lanarkshire,St Patrick's Primary School (Shotts),P1,Writing - % Meeting Level,70-80%
2024/25,North Lanarkshire,St Patrick's Primary School (Shotts),"P1, P4 & P7 combined",Listening & Talking - % Meeting Level,90+%
2024/25,North Lanarkshire,St Patrick's Primary School (Shotts),"P1, P4 & P7 combined",Numeracy - % Meeting Level,90+%
2024/25,North Lanarkshire,St Patrick's Primary School (Shotts),"P1, P4 & P7 combined",Reading - % Meeting Level,80-90%
2024/25,North Lanarkshire,St Patrick's Primary School (Shotts),"P1, P4 & P7 combined",Writing - % Meeting Level,80-90%
2024/25,North Lanarkshire,St Patrick's Primary School (Shotts),P4,Listening & Talking - % Meeting Level,90+%
2024/25,North Lanarkshire,St Patrick's Primary School (Shotts),P4,Numeracy - % Meeting Level,90+%
2024/25,North Lanarkshire,St Patrick's Primary School (Shotts),P4,Reading - % Meeting Level,70-80%
2024/25,North Lanarkshire,St Patrick's Primary School (Shotts),P4,Writing - % Meeting Level,70-80%
2024/25,North Lanarkshire,St Patrick's Primary School (Shotts),P7,Listening & Talking - % Meeting Level,90+%
2024/25,North Lanarkshire,St Patrick's Primary School (Shotts),P7,Numeracy - % Meeting Level,90+%
2024/25,North Lanarkshire,St Patrick's Primary School (Shotts),P7,Reading - % Meeting Level,90+%
2024/25,North Lanarkshire,St Patrick's Primary School (Shotts),P7,Writing - % Meeting Level,90+%
2024/25,North Lanarkshire,St Serf's Primary School,P1,Listening & Talking - % Meeting Level,c
2024/25,North Lanarkshire,St Serf's Primary School,P1,Numeracy - % Meeting Level,c
2024/25,North Lanarkshire,St Serf's Primary School,P1,Reading - % Meeting Level,c
2024/25,North Lanarkshire,St Serf's Primary School,P1,Writing - % Meeting Level,c
2024/25,North Lanarkshire,St Serf's Primary School,"P1, P4 & P7 combined",Listening & Talking - % Meeting Level,90+%
2024/25,North Lanarkshire,St Serf's Primary School,"P1, P4 & P7 combined",Numeracy - % Meeting Level,70-80%
2024/25,North Lanarkshire,St Serf's Primary School,"P1, P4 & P7 combined",Reading - % Meeting Level,70-80%
2024/25,North Lanarkshire,St Serf's Primary School,"P1, P4 & P7 combined",Writing - % Meeting Level,70-80%
2024/25,North Lanarkshire,St Serf's Primary School,P4,Listening & Talking - % Meeting Level,90+%
2024/25,North Lanarkshire,St Serf's Primary School,P4,Numeracy - % Meeting Level,80-90%
2024/25,North Lanarkshire,St Serf's Primary School,P4,Reading - % Meeting Level,70-80%
2024/25,North Lanarkshire,St Serf's Primary School,P4,Writing - % Meeting Level,70-80%
2024/25,North Lanarkshire,St Serf's Primary School,P7,Listening & Talking - % Meeting Level,90+%
2024/25,North Lanarkshire,St Serf's Primary School,P7,Numeracy - % Meeting Level,70-80%
2024/25,North Lanarkshire,St Serf's Primary School,P7,Reading - % Meeting Level,80-90%
2024/25,North Lanarkshire,St Serf's Primary School,P7,Writing - % Meeting Level,80-90%
2024/25,North Lanarkshire,St Stephen's Primary School,P1,Listening & Talking - % Meeting Level,60-70%
2024/25,North Lanarkshire,St Stephen's Primary School,P1,Numeracy - % Meeting Level,60-70%
2024/25,North Lanarkshire,St Stephen's Primary School,P1,Reading - % Meeting Level,60-70%
2024/25,North Lanarkshire,St Stephen's Primary School,P1,Writing - % Meeting Level,60-70%
2024/25,North Lanarkshire,St Stephen's Primary School,"P1, P4 & P7 combined",Listening & Talking - % Meeting Level,70-80%
2024/25,North Lanarkshire,St Stephen's Primary School,"P1, P4 & P7 combined",Numeracy - % Meeting Level,60-70%
2024/25,North Lanarkshire,St Stephen's Primary School,"P1, P4 & P7 combined",Reading - % Meeting Level,60-70%
2024/25,North Lanarkshire,St Stephen's Primary School,"P1, P4 & P7 combined",Writing - % Meeting Level,60-70%
2024/25,North Lanarkshire,St Stephen's Primary School,P4,Listening & Talking - % Meeting Level,70-80%
2024/25,North Lanarkshire,St Stephen's Primary School,P4,Numeracy - % Meeting Level,60-70%
2024/25,North Lanarkshire,St Stephen's Primary School,P4,Reading - % Meeting Level,70-80%
2024/25,North Lanarkshire,St Stephen's Primary School,P4,Writing - % Meeting Level,60-70%
2024/25,North Lanarkshire,St Stephen's Primary School,P7,Listening & Talking - % Meeting Level,80-90%
2024/25,North Lanarkshire,St Stephen's Primary School,P7,Numeracy - % Meeting Level,70-80%
2024/25,North Lanarkshire,St Stephen's Primary School,P7,Reading - % Meeting Level,60-70%
2024/25,North Lanarkshire,St Stephen's Primary School,P7,Writing - % Meeting Level,60-70%
2024/25,North Lanarkshire,St Teresa's Primary School,P1,Listening & Talking - % Meeting Level,80-90%
2024/25,North Lanarkshire,St Teresa's Primary School,P1,Numeracy - % Meeting Level,90+%
2024/25,North Lanarkshire,St Teresa's Primary School,P1,Reading - % Meeting Level,70-80%
2024/25,North Lanarkshire,St Teresa's Primary School,P1,Writing - % Meeting Level,70-80%
2024/25,North Lanarkshire,St Teresa's Primary School,"P1, P4 & P7 combined",Listening & Talking - % Meeting Level,80-90%
2024/25,North Lanarkshire,St Teresa's Primary School,"P1, P4 & P7 combined",Numeracy - % Meeting Level,70-80%
2024/25,North Lanarkshire,St Teresa's Primary School,"P1, P4 & P7 combined",Reading - % Meeting Level,70-80%
2024/25,North Lanarkshire,St Teresa's Primary School,"P1, P4 & P7 combined",Writing - % Meeting Level,70-80%
2024/25,North Lanarkshire,St Teresa's Primary School,P4,Listening & Talking - % Meeting Level,80-90%
2024/25,North Lanarkshire,St Teresa's Primary School,P4,Numeracy - % Meeting Level,60-70%
2024/25,North Lanarkshire,St Teresa's Primary School,P4,Reading - % Meeting Level,60-70%
2024/25,North Lanarkshire,St Teresa's Primary School,P4,Writing - % Meeting Level,70-80%
2024/25,North Lanarkshire,St Teresa's Primary School,P7,Listening & Talking - % Meeting Level,70-80%
2024/25,North Lanarkshire,St Teresa's Primary School,P7,Numeracy - % Meeting Level,60-70%
2024/25,North Lanarkshire,St Teresa's Primary School,P7,Reading - % Meeting Level,70-80%
2024/25,North Lanarkshire,St Teresa's Primary School,P7,Writing - % Meeting Level,70-80%
2024/25,North Lanarkshire,St Thomas' Primary School,P1,Listening & Talking - % Meeting Level,70-80%
2024/25,North Lanarkshire,St Thomas' Primary School,P1,Numeracy - % Meeting Level,80-90%
2024/25,North Lanarkshire,St Thomas' Primary School,P1,Reading - % Meeting Level,70-80%
2024/25,North Lanarkshire,St Thomas' Primary School,P1,Writing - % Meeting Level,70-80%
2024/25,North Lanarkshire,St Thomas' Primary School,"P1, P4 & P7 combined",Listening & Talking - % Meeting Level,80-90%
2024/25,North Lanarkshire,St Thomas' Primary School,"P1, P4 & P7 combined",Numeracy - % Meeting Level,80-90%
2024/25,North Lanarkshire,St Thomas' Primary School,"P1, P4 & P7 combined",Reading - % Meeting Level,80-90%
2024/25,North Lanarkshire,St Thomas' Primary School,"P1, P4 & P7 combined",Writing - % Meeting Level,70-80%
2024/25,North Lanarkshire,St Thomas' Primary School,P4,Listening & Talking - % Meeting Level,90+%
2024/25,North Lanarkshire,St Thomas' Primary School,P4,Numeracy - % Meeting Level,70-80%
2024/25,North Lanarkshire,St Thomas' Primary School,P4,Reading - % Meeting Level,80-90%
2024/25,North Lanarkshire,St Thomas' Primary School,P4,Writing - % Meeting Level,70-80%
2024/25,North Lanarkshire,St Thomas' Primary School,P7,Listening & Talking - % Meeting Level,90+%
2024/25,North Lanarkshire,St Thomas' Primary School,P7,Numeracy - % Meeting Level,80-90%
2024/25,North Lanarkshire,St Thomas' Primary School,P7,Reading - % Meeting Level,90+%
2024/25,North Lanarkshire,St Thomas' Primary School,P7,Writing - % Meeting Level,70-80%
2024/25,North Lanarkshire,St Timothy's Primary School,P1,Listening & Talking - % Meeting Level,80-90%
2024/25,North Lanarkshire,St Timothy's Primary School,P1,Numeracy - % Meeting Level,80-90%
2024/25,North Lanarkshire,St Timothy's Primary School,P1,Reading - % Meeting Level,80-90%
2024/25,North Lanarkshire,St Timothy's Primary School,P1,Writing - % Meeting Level,70-80%
2024/25,North Lanarkshire,St Timothy's Primary School,"P1, P4 & P7 combined",Listening & Talking - % Meeting Level,80-90%
2024/25,North Lanarkshire,St Timothy's Primary School,"P1, P4 & P7 combined",Numeracy - % Meeting Level,70-80%
2024/25,North Lanarkshire,St Timothy's Primary School,"P1, P4 & P7 combined",Reading - % Meeting Level,70-80%
2024/25,North Lanarkshire,St Timothy's Primary School,"P1, P4 & P7 combined",Writing - % Meeting Level,70-80%
2024/25,North Lanarkshire,St Timothy's Primary School,P4,Listening & Talking - % Meeting Level,70-80%
2024/25,North Lanarkshire,St Timothy's Primary School,P4,Numeracy - % Meeting Level,60-70%
2024/25,North Lanarkshire,St Timothy's Primary School,P4,Reading - % Meeting Level,70-80%
2024/25,North Lanarkshire,St Timothy's Primary School,P4,Writing - % Meeting Level,60-70%
2024/25,North Lanarkshire,St Timothy's Primary School,P7,Listening & Talking - % Meeting Level,80-90%
2024/25,North Lanarkshire,St Timothy's Primary School,P7,Numeracy - % Meeting Level,80-90%
2024/25,North Lanarkshire,St Timothy's Primary School,P7,Reading - % Meeting Level,80-90%
2024/25,North Lanarkshire,St Timothy's Primary School,P7,Writing - % Meeting Level,80-90%
2024/25,North Lanarkshire,Stane Primary School,P1,Listening & Talking - % Meeting Level,90+%
2024/25,North Lanarkshire,Stane Primary School,P1,Numeracy - % Meeting Level,80-90%
2024/25,North Lanarkshire,Stane Primary School,P1,Reading - % Meeting Level,80-90%
2024/25,North Lanarkshire,Stane Primary School,P1,Writing - % Meeting Level,80-90%
2024/25,North Lanarkshire,Stane Primary School,"P1, P4 & P7 combined",Listening & Talking - % Meeting Level,90+%
2024/25,North Lanarkshire,Stane Primary School,"P1, P4 & P7 combined",Numeracy - % Meeting Level,80-90%
2024/25,North Lanarkshire,Stane Primary School,"P1, P4 & P7 combined",Reading - % Meeting Level,80-90%
2024/25,North Lanarkshire,Stane Primary School,"P1, P4 & P7 combined",Writing - % Meeting Level,80-90%
2024/25,North Lanarkshire,Stane Primary School,P4,Listening & Talking - % Meeting Level,90+%
2024/25,North Lanarkshire,Stane Primary School,P4,Numeracy - % Meeting Level,80-90%
2024/25,North Lanarkshire,Stane Primary School,P4,Reading - % Meeting Level,80-90%
2024/25,North Lanarkshire,Stane Primary School,P4,Writing - % Meeting Level,80-90%
2024/25,North Lanarkshire,Stane Primary School,P7,Listening & Talking - % Meeting Level,90+%
2024/25,North Lanarkshire,Stane Primary School,P7,Numeracy - % Meeting Level,80-90%
2024/25,North Lanarkshire,Stane Primary School,P7,Reading - % Meeting Level,80-90%
2024/25,North Lanarkshire,Stane Primary School,P7,Writing - % Meeting Level,80-90%
2024/25,North Lanarkshire,Stepps Primary School,P1,Listening & Talking - % Meeting Level,80-90%
2024/25,North Lanarkshire,Stepps Primary School,P1,Numeracy - % Meeting Level,90+%
2024/25,North Lanarkshire,Stepps Primary School,P1,Reading - % Meeting Level,80-90%
2024/25,North Lanarkshire,Stepps Primary School,P1,Writing - % Meeting Level,90+%
2024/25,North Lanarkshire,Stepps Primary School,"P1, P4 & P7 combined",Listening & Talking - % Meeting Level,80-90%
2024/25,North Lanarkshire,Stepps Primary School,"P1, P4 & P7 combined",Numeracy - % Meeting Level,80-90%
2024/25,North Lanarkshire,Stepps Primary School,"P1, P4 & P7 combined",Reading - % Meeting Level,70-80%
2024/25,North Lanarkshire,Stepps Primary School,"P1, P4 & P7 combined",Writing - % Meeting Level,70-80%
2024/25,North Lanarkshire,Stepps Primary School,P4,Listening & Talking - % Meeting Level,80-90%
2024/25,North Lanarkshire,Stepps Primary School,P4,Numeracy - % Meeting Level,70-80%
2024/25,North Lanarkshire,Stepps Primary School,P4,Reading - % Meeting Level,70-80%
2024/25,North Lanarkshire,Stepps Primary School,P4,Writing - % Meeting Level,70-80%
2024/25,North Lanarkshire,Stepps Primary School,P7,Listening & Talking - % Meeting Level,80-90%
2024/25,North Lanarkshire,Stepps Primary School,P7,Numeracy - % Meeting Level,80-90%
2024/25,North Lanarkshire,Stepps Primary School,P7,Reading - % Meeting Level,80-90%
2024/25,North Lanarkshire,Stepps Primary School,P7,Writing - % Meeting Level,60-70%
2024/25,North Lanarkshire,Tannochside Primary School,P1,Listening & Talking - % Meeting Level,80-90%
2024/25,North Lanarkshire,Tannochside Primary School,P1,Numeracy - % Meeting Level,80-90%
2024/25,North Lanarkshire,Tannochside Primary School,P1,Reading - % Meeting Level,70-80%
2024/25,North Lanarkshire,Tannochside Primary School,P1,Writing - % Meeting Level,70-80%
2024/25,North Lanarkshire,Tannochside Primary School,"P1, P4 & P7 combined",Listening & Talking - % Meeting Level,90+%
2024/25,North Lanarkshire,Tannochside Primary School,"P1, P4 & P7 combined",Numeracy - % Meeting Level,80-90%
2024/25,North Lanarkshire,Tannochside Primary School,"P1, P4 & P7 combined",Reading - % Meeting Level,80-90%
2024/25,North Lanarkshire,Tannochside Primary School,"P1, P4 & P7 combined",Writing - % Meeting Level,80-90%
2024/25,North Lanarkshire,Tannochside Primary School,P4,Listening & Talking - % Meeting Level,80-90%
2024/25,North Lanarkshire,Tannochside Primary School,P4,Numeracy - % Meeting Level,60-70%
2024/25,North Lanarkshire,Tannochside Primary School,P4,Reading - % Meeting Level,80-90%
2024/25,North Lanarkshire,Tannochside Primary School,P4,Writing - % Meeting Level,70-80%
2024/25,North Lanarkshire,Tannochside Primary School,P7,Listening & Talking - % Meeting Level,90+%
2024/25,North Lanarkshire,Tannochside Primary School,P7,Numeracy - % Meeting Level,90+%
2024/25,North Lanarkshire,Tannochside Primary School,P7,Reading - % Meeting Level,90+%
2024/25,North Lanarkshire,Tannochside Primary School,P7,Writing - % Meeting Level,90+%
2024/25,North Lanarkshire,Thornlie Primary School,P1,Listening & Talking - % Meeting Level,c
2024/25,North Lanarkshire,Thornlie Primary School,P1,Numeracy - % Meeting Level,c
2024/25,North Lanarkshire,Thornlie Primary School,P1,Reading - % Meeting Level,c
2024/25,North Lanarkshire,Thornlie Primary School,P1,Writing - % Meeting Level,c
2024/25,North Lanarkshire,Thornlie Primary School,"P1, P4 & P7 combined",Listening & Talking - % Meeting Level,80-90%
2024/25,North Lanarkshire,Thornlie Primary School,"P1, P4 & P7 combined",Numeracy - % Meeting Level,70-80%
2024/25,North Lanarkshire,Thornlie Primary School,"P1, P4 & P7 combined",Reading - % Meeting Level,70-80%
2024/25,North Lanarkshire,Thornlie Primary School,"P1, P4 & P7 combined",Writing - % Meeting Level,60-70%
2024/25,North Lanarkshire,Thornlie Primary School,P4,Listening & Talking - % Meeting Level,80-90%
2024/25,North Lanarkshire,Thornlie Primary School,P4,Numeracy - % Meeting Level,60-70%
2024/25,North Lanarkshire,Thornlie Primary School,P4,Reading - % Meeting Level,60-70%
2024/25,North Lanarkshire,Thornlie Primary School,P4,Writing - % Meeting Level,40-50%
2024/25,North Lanarkshire,Thornlie Primary School,P7,Listening & Talking - % Meeting Level,c
2024/25,North Lanarkshire,Thornlie Primary School,P7,Numeracy - % Meeting Level,c
2024/25,North Lanarkshire,Thornlie Primary School,P7,Reading - % Meeting Level,c
2024/25,North Lanarkshire,Thornlie Primary School,P7,Writing - % Meeting Level,c
2024/25,North Lanarkshire,Tollbrae Primary School,P1,Listening & Talking - % Meeting Level,90+%
2024/25,North Lanarkshire,Tollbrae Primary School,P1,Numeracy - % Meeting Level,90+%
2024/25,North Lanarkshire,Tollbrae Primary School,P1,Reading - % Meeting Level,90+%
2024/25,North Lanarkshire,Tollbrae Primary School,P1,Writing - % Meeting Level,90+%
2024/25,North Lanarkshire,Tollbrae Primary School,"P1, P4 & P7 combined",Listening & Talking - % Meeting Level,90+%
2024/25,North Lanarkshire,Tollbrae Primary School,"P1, P4 & P7 combined",Numeracy - % Meeting Level,80-90%
2024/25,North Lanarkshire,Tollbrae Primary School,"P1, P4 & P7 combined",Reading - % Meeting Level,80-90%
2024/25,North Lanarkshire,Tollbrae Primary School,"P1, P4 & P7 combined",Writing - % Meeting Level,80-90%
2024/25,North Lanarkshire,Tollbrae Primary School,P4,Listening & Talking - % Meeting Level,90+%
2024/25,North Lanarkshire,Tollbrae Primary School,P4,Numeracy - % Meeting Level,70-80%
2024/25,North Lanarkshire,Tollbrae Primary School,P4,Reading - % Meeting Level,80-90%
2024/25,North Lanarkshire,Tollbrae Primary School,P4,Writing - % Meeting Level,80-90%
2024/25,North Lanarkshire,Tollbrae Primary School,P7,Listening & Talking - % Meeting Level,90+%
2024/25,North Lanarkshire,Tollbrae Primary School,P7,Numeracy - % Meeting Level,80-90%
2024/25,North Lanarkshire,Tollbrae Primary School,P7,Reading - % Meeting Level,80-90%
2024/25,North Lanarkshire,Tollbrae Primary School,P7,Writing - % Meeting Level,80-90%
2024/25,North Lanarkshire,Townhead Primary School,P1,Listening & Talking - % Meeting Level,c
2024/25,North Lanarkshire,Townhead Primary School,P1,Numeracy - % Meeting Level,c
2024/25,North Lanarkshire,Townhead Primary School,P1,Reading - % Meeting Level,c
2024/25,North Lanarkshire,Townhead Primary School,P1,Writing - % Meeting Level,c
2024/25,North Lanarkshire,Townhead Primary School,"P1, P4 & P7 combined",Listening & Talking - % Meeting Level,90+%
2024/25,North Lanarkshire,Townhead Primary School,"P1, P4 & P7 combined",Numeracy - % Meeting Level,70-80%
2024/25,North Lanarkshire,Townhead Primary School,"P1, P4 & P7 combined",Reading - % Meeting Level,70-80%
2024/25,North Lanarkshire,Townhead Primary School,"P1, P4 & P7 combined",Writing - % Meeting Level,70-80%
2024/25,North Lanarkshire,Townhead Primary School,P4,Listening & Talking - % Meeting Level,c
2024/25,North Lanarkshire,Townhead Primary School,P4,Numeracy - % Meeting Level,c
2024/25,North Lanarkshire,Townhead Primary School,P4,Reading - % Meeting Level,c
2024/25,North Lanarkshire,Townhead Primary School,P4,Writing - % Meeting Level,c
2024/25,North Lanarkshire,Townhead Primary School,P7,Listening & Talking - % Meeting Level,90+%
2024/25,North Lanarkshire,Townhead Primary School,P7,Numeracy - % Meeting Level,70-80%
2024/25,North Lanarkshire,Townhead Primary School,P7,Reading - % Meeting Level,70-80%
2024/25,North Lanarkshire,Townhead Primary School,P7,Writing - % Meeting Level,70-80%
2024/25,North Lanarkshire,Victoria Primary School,P1,Listening & Talking - % Meeting Level,80-90%
2024/25,North Lanarkshire,Victoria Primary School,P1,Numeracy - % Meeting Level,80-90%
2024/25,North Lanarkshire,Victoria Primary School,P1,Reading - % Meeting Level,60-70%
2024/25,North Lanarkshire,Victoria Primary School,P1,Writing - % Meeting Level,60-70%
2024/25,North Lanarkshire,Victoria Primary School,"P1, P4 & P7 combined",Listening & Talking - % Meeting Level,80-90%
2024/25,North Lanarkshire,Victoria Primary School,"P1, P4 & P7 combined",Numeracy - % Meeting Level,70-80%
2024/25,North Lanarkshire,Victoria Primary School,"P1, P4 & P7 combined",Reading - % Meeting Level,70-80%
2024/25,North Lanarkshire,Victoria Primary School,"P1, P4 & P7 combined",Writing - % Meeting Level,70-80%
2024/25,North Lanarkshire,Victoria Primary School,P4,Listening & Talking - % Meeting Level,c
2024/25,North Lanarkshire,Victoria Primary School,P4,Numeracy - % Meeting Level,c
2024/25,North Lanarkshire,Victoria Primary School,P4,Reading - % Meeting Level,c
2024/25,North Lanarkshire,Victoria Primary School,P4,Writing - % Meeting Level,c
2024/25,North Lanarkshire,Victoria Primary School,P7,Listening & Talking - % Meeting Level,90+%
2024/25,North Lanarkshire,Victoria Primary School,P7,Numeracy - % Meeting Level,70-80%
2024/25,North Lanarkshire,Victoria Primary School,P7,Reading - % Meeting Level,80-90%
2024/25,North Lanarkshire,Victoria Primary School,P7,Writing - % Meeting Level,80-90%
2024/25,North Lanarkshire,Westfield Primary School,P1,Listening & Talking - % Meeting Level,90+%
2024/25,North Lanarkshire,Westfield Primary School,P1,Numeracy - % Meeting Level,90+%
2024/25,North Lanarkshire,Westfield Primary School,P1,Reading - % Meeting Level,70-80%
2024/25,North Lanarkshire,Westfield Primary School,P1,Writing - % Meeting Level,70-80%
2024/25,North Lanarkshire,Westfield Primary School,"P1, P4 & P7 combined",Listening & Talking - % Meeting Level,90+%
2024/25,North Lanarkshire,Westfield Primary School,"P1, P4 & P7 combined",Numeracy - % Meeting Level,80-90%
2024/25,North Lanarkshire,Westfield Primary School,"P1, P4 & P7 combined",Reading - % Meeting Level,80-90%
2024/25,North Lanarkshire,Westfield Primary School,"P1, P4 & P7 combined",Writing - % Meeting Level,70-80%
2024/25,North Lanarkshire,Westfield Primary School,P4,Listening & Talking - % Meeting Level,90+%
2024/25,North Lanarkshire,Westfield Primary School,P4,Numeracy - % Meeting Level,80-90%
2024/25,North Lanarkshire,Westfield Primary School,P4,Reading - % Meeting Level,70-80%
2024/25,North Lanarkshire,Westfield Primary School,P4,Writing - % Meeting Level,70-80%
2024/25,North Lanarkshire,Westfield Primary School,P7,Listening & Talking - % Meeting Level,90+%
2024/25,North Lanarkshire,Westfield Primary School,P7,Numeracy - % Meeting Level,70-80%
2024/25,North Lanarkshire,Westfield Primary School,P7,Reading - % Meeting Level,90+%
2024/25,North Lanarkshire,Westfield Primary School,P7,Writing - % Meeting Level,80-90%
2024/25,North Lanarkshire,Whitelees Primary School,P1,Listening & Talking - % Meeting Level,90+%
2024/25,North Lanarkshire,Whitelees Primary School,P1,Numeracy - % Meeting Level,90+%
2024/25,North Lanarkshire,Whitelees Primary School,P1,Reading - % Meeting Level,90+%
2024/25,North Lanarkshire,Whitelees Primary School,P1,Writing - % Meeting Level,90+%
2024/25,North Lanarkshire,Whitelees Primary School,"P1, P4 & P7 combined",Listening & Talking - % Meeting Level,90+%
2024/25,North Lanarkshire,Whitelees Primary School,"P1, P4 & P7 combined",Numeracy - % Meeting Level,90+%
2024/25,North Lanarkshire,Whitelees Primary School,"P1, P4 & P7 combined",Reading - % Meeting Level,90+%
2024/25,North Lanarkshire,Whitelees Primary School,"P1, P4 & P7 combined",Writing - % Meeting Level,90+%
2024/25,North Lanarkshire,Whitelees Primary School,P4,Listening & Talking - % Meeting Level,80-90%
2024/25,North Lanarkshire,Whitelees Primary School,P4,Numeracy - % Meeting Level,90+%
2024/25,North Lanarkshire,Whitelees Primary School,P4,Reading - % Meeting Level,80-90%
2024/25,North Lanarkshire,Whitelees Primary School,P4,Writing - % Meeting Level,80-90%
2024/25,North Lanarkshire,Whitelees Primary School,P7,Listening & Talking - % Meeting Level,90+%
2024/25,North Lanarkshire,Whitelees Primary School,P7,Numeracy - % Meeting Level,90+%
2024/25,North Lanarkshire,Whitelees Primary School,P7,Reading - % Meeting Level,90+%
2024/25,North Lanarkshire,Whitelees Primary School,P7,Writing - % Meeting Level,90+%
2024/25,North Lanarkshire,Wishaw Academy Primary School,P1,Listening & Talking - % Meeting Level,90+%
2024/25,North Lanarkshire,Wishaw Academy Primary School,P1,Numeracy - % Meeting Level,70-80%
2024/25,North Lanarkshire,Wishaw Academy Primary School,P1,Reading - % Meeting Level,50-60%
2024/25,North Lanarkshire,Wishaw Academy Primary School,P1,Writing - % Meeting Level,50-60%
2024/25,North Lanarkshire,Wishaw Academy Primary School,"P1, P4 & P7 combined",Listening & Talking - % Meeting Level,90+%
2024/25,North Lanarkshire,Wishaw Academy Primary School,"P1, P4 & P7 combined",Numeracy - % Meeting Level,70-80%
2024/25,North Lanarkshire,Wishaw Academy Primary School,"P1, P4 & P7 combined",Reading - % Meeting Level,60-70%
2024/25,North Lanarkshire,Wishaw Academy Primary School,"P1, P4 & P7 combined",Writing - % Meeting Level,60-70%
2024/25,North Lanarkshire,Wishaw Academy Primary School,P4,Listening & Talking - % Meeting Level,90+%
2024/25,North Lanarkshire,Wishaw Academy Primary School,P4,Numeracy - % Meeting Level,70-80%
2024/25,North Lanarkshire,Wishaw Academy Primary School,P4,Reading - % Meeting Level,60-70%
2024/25,North Lanarkshire,Wishaw Academy Primary School,P4,Writing - % Meeting Level,70-80%
2024/25,North Lanarkshire,Wishaw Academy Primary School,P7,Listening & Talking - % Meeting Level,90+%
2024/25,North Lanarkshire,Wishaw Academy Primary School,P7,Numeracy - % Meeting Level,60-70%
2024/25,North Lanarkshire,Wishaw Academy Primary School,P7,Reading - % Meeting Level,70-80%
2024/25,North Lanarkshire,Wishaw Academy Primary School,P7,Writing - % Meeting Level,70-80%
2024/25,North Lanarkshire,Woodlands Primary School,P1,Listening & Talking - % Meeting Level,80-90%
2024/25,North Lanarkshire,Woodlands Primary School,P1,Numeracy - % Meeting Level,80-90%
2024/25,North Lanarkshire,Woodlands Primary School,P1,Reading - % Meeting Level,80-90%
2024/25,North Lanarkshire,Woodlands Primary School,P1,Writing - % Meeting Level,80-90%
2024/25,North Lanarkshire,Woodlands Primary School,"P1, P4 & P7 combined",Listening & Talking - % Meeting Level,80-90%
2024/25,North Lanarkshire,Woodlands Primary School,"P1, P4 & P7 combined",Numeracy - % Meeting Level,70-80%
2024/25,North Lanarkshire,Woodlands Primary School,"P1, P4 & P7 combined",Reading - % Meeting Level,70-80%
2024/25,North Lanarkshire,Woodlands Primary School,"P1, P4 & P7 combined",Writing - % Meeting Level,70-80%
2024/25,North Lanarkshire,Woodlands Primary School,P4,Listening & Talking - % Meeting Level,80-90%
2024/25,North Lanarkshire,Woodlands Primary School,P4,Numeracy - % Meeting Level,80-90%
2024/25,North Lanarkshire,Woodlands Primary School,P4,Reading - % Meeting Level,80-90%
2024/25,North Lanarkshire,Woodlands Primary School,P4,Writing - % Meeting Level,80-90%
2024/25,North Lanarkshire,Woodlands Primary School,P7,Listening & Talking - % Meeting Level,80-90%
2024/25,North Lanarkshire,Woodlands Primary School,P7,Numeracy - % Meeting Level,70-80%
2024/25,North Lanarkshire,Woodlands Primary School,P7,Reading - % Meeting Level,70-80%
2024/25,North Lanarkshire,Woodlands Primary School,P7,Writing - % Meeting Level,70-80%
