year,la_name,school_name,stage,measure,value_label
2024/25,Scotland,All publicly funded schools,P1,Listening & Talking - % Meeting Level,86.5%
2024/25,Scotland,All publicly funded schools,P1,Numeracy - % Meeting Level,84.6%
2024/25,Scotland,All publicly funded schools,P1,Reading - % Meeting Level,80.6%
2024/25,Scotland,All publicly funded schools,P1,Writing - % Meeting Level,78.7%
2024/25,Scotland,All publicly funded schools,"P1, P4 & P7 combined",Listening & Talking - % Meeting Level,87.5%
2024/25,Scotland,All publicly funded schools,"P1, P4 & P7 combined",Numeracy - % Meeting Level,80.3%
2024/25,Scotland,All publicly funded schools,"P1, P4 & P7 combined",Reading - % Meeting Level,80.6%
2024/25,Scotland,All publicly funded schools,"P1, P4 & P7 combined",Writing - % Meeting Level,76.5%
2024/25,Scotland,All publicly funded schools,P4,Listening & Talking - % Meeting Level,87.4%
2024/25,Scotland,All publicly funded schools,P4,Numeracy - % Meeting Level,77.9%
2024/25,Scotland,All publicly funded schools,P4,Reading - % Meeting Level,79.1%
2024/25,Scotland,All publicly funded schools,P4,Writing - % Meeting Level,74.2%
2024/25,Scotland,All publicly funded schools,P7,Listening & Talking - % Meeting Level,88.5%
2024/25,Scotland,All publicly funded schools,P7,Numeracy - % Meeting Level,78.9%
2024/25,Scotland,All publicly funded schools,P7,Reading - % Meeting Level,82%
2024/25,Scotland,All publicly funded schools,P7,Writing - % Meeting Level,76.9%
2024/25,Perth & Kinross,All publicly funded schools,P1,Listening & Talking - % Meeting Level,86.7%
2024/25,Perth & Kinross,All publicly funded schools,P1,Numeracy - % Meeting Level,84%
2024/25,Perth & Kinross,All publicly funded schools,P1,Reading - % Meeting Level,80.4%
2024/25,Perth & Kinross,All publicly funded schools,P1,Writing - % Meeting Level,77.6%
2024/25,Perth & Kinross,All publicly funded schools,"P1, P4 & P7 combined",Listening & Talking - % Meeting Level,88.3%
2024/25,Perth & Kinross,All publicly funded schools,"P1, P4 & P7 combined",Numeracy - % Meeting Level,81.2%
2024/25,Perth & Kinross,All publicly funded schools,"P1, P4 & P7 combined",Reading - % Meeting Level,81.8%
2024/25,Perth & Kinross,All publicly funded schools,"P1, P4 & P7 combined",Writing - % Meeting Level,76.9%
2024/25,Perth & Kinross,All publicly funded schools,P4,Listening & Talking - % Meeting Level,88.3%
2024/25,Perth & Kinross,All publicly funded schools,P4,Numeracy - % Meeting Level,79.5%
2024/25,Perth & Kinross,All publicly funded schools,P4,Reading - % Meeting Level,80.2%
2024/25,Perth & Kinross,All publicly funded schools,P4,Writing - % Meeting Level,75.2%
2024/25,Perth & Kinross,All publicly funded schools,P7,Listening & Talking - % Meeting Level,89.8%
2024/25,Perth & Kinross,All publicly funded schools,P7,Numeracy - % Meeting Level,80.4%
2024/25,Perth & Kinross,All publicly funded schools,P7,Reading - % Meeting Level,84.7%
2024/25,Perth & Kinross,All publicly funded schools,P7,Writing - % Meeting Level,78%
2024/25,Perth & Kinross,Abernethy Primary School,P1,Listening & Talking - % Meeting Level,c
2024/25,Perth & Kinross,Abernethy Primary School,P1,Numeracy - % Meeting Level,c
2024/25,Perth & Kinross,Abernethy Primary School,P1,Reading - % Meeting Level,c
2024/25,Perth & Kinross,Abernethy Primary School,P1,Writing - % Meeting Level,c
2024/25,Perth & Kinross,Abernethy Primary School,"P1, P4 & P7 combined",Listening & Talking - % Meeting Level,90+%
2024/25,Perth & Kinross,Abernethy Primary School,"P1, P4 & P7 combined",Numeracy - % Meeting Level,80-90%
2024/25,Perth & Kinross,Abernethy Primary School,"P1, P4 & P7 combined",Reading - % Meeting Level,90+%
2024/25,Perth & Kinross,Abernethy Primary School,"P1, P4 & P7 combined",Writing - % Meeting Level,80-90%
2024/25,Perth & Kinross,Abernethy Primary School,P4,Listening & Talking - % Meeting Level,c
2024/25,Perth & Kinross,Abernethy Primary School,P4,Numeracy - % Meeting Level,c
2024/25,Perth & Kinross,Abernethy Primary School,P4,Reading - % Meeting Level,c
2024/25,Perth & Kinross,Abernethy Primary School,P4,Writing - % Meeting Level,c
2024/25,Perth & Kinross,Abernethy Primary School,P7,Listening & Talking - % Meeting Level,90+%
2024/25,Perth & Kinross,Abernethy Primary School,P7,Numeracy - % Meeting Level,80-90%
2024/25,Perth & Kinross,Abernethy Primary School,P7,Reading - % Meeting Level,90+%
2024/25,Perth & Kinross,Abernethy Primary School,P7,Writing - % Meeting Level,70-80%
2024/25,Perth & Kinross,Abernyte Primary School,P1,Listening & Talking - % Meeting Level,c
2024/25,Perth & Kinross,Abernyte Primary School,P1,Numeracy - % Meeting Level,c
2024/25,Perth & Kinross,Abernyte Primary School,P1,Reading - % Meeting Level,c
2024/25,Perth & Kinross,Abernyte Primary School,P1,Writing - % Meeting Level,c
2024/25,Perth & Kinross,Abernyte Primary School,"P1, P4 & P7 combined",Listening & Talking - % Meeting Level,c
2024/25,Perth & Kinross,Abernyte Primary School,"P1, P4 & P7 combined",Numeracy - % Meeting Level,c
2024/25,Perth & Kinross,Abernyte Primary School,"P1, P4 & P7 combined",Reading - % Meeting Level,c
2024/25,Perth & Kinross,Abernyte Primary School,"P1, P4 & P7 combined",Writing - % Meeting Level,c
2024/25,Perth & Kinross,Abernyte Primary School,P4,Listening & Talking - % Meeting Level,c
2024/25,Perth & Kinross,Abernyte Primary School,P4,Numeracy - % Meeting Level,c
2024/25,Perth & Kinross,Abernyte Primary School,P4,Reading - % Meeting Level,c
2024/25,Perth & Kinross,Abernyte Primary School,P4,Writing - % Meeting Level,c
2024/25,Perth & Kinross,Abernyte Primary School,P7,Listening & Talking - % Meeting Level,c
2024/25,Perth & Kinross,Abernyte Primary School,P7,Numeracy - % Meeting Level,c
2024/25,Perth & Kinross,Abernyte Primary School,P7,Reading - % Meeting Level,c
2024/25,Perth & Kinross,Abernyte Primary School,P7,Writing - % Meeting Level,c
2024/25,Perth & Kinross,Aberuthven Primary School,P1,Listening & Talking - % Meeting Level,c
2024/25,Perth & Kinross,Aberuthven Primary School,P1,Numeracy - % Meeting Level,c
2024/25,Perth & Kinross,Aberuthven Primary School,P1,Reading - % Meeting Level,c
2024/25,Perth & Kinross,Aberuthven Primary School,P1,Writing - % Meeting Level,c
2024/25,Perth & Kinross,Aberuthven Primary School,"P1, P4 & P7 combined",Listening & Talking - % Meeting Level,c
2024/25,Perth & Kinross,Aberuthven Primary School,"P1, P4 & P7 combined",Numeracy - % Meeting Level,c
2024/25,Perth & Kinross,Aberuthven Primary School,"P1, P4 & P7 combined",Reading - % Meeting Level,c
2024/25,Perth & Kinross,Aberuthven Primary School,"P1, P4 & P7 combined",Writing - % Meeting Level,c
2024/25,Perth & Kinross,Aberuthven Primary School,P4,Listening & Talking - % Meeting Level,c
2024/25,Perth & Kinross,Aberuthven Primary School,P4,Numeracy - % Meeting Level,c
2024/25,Perth & Kinross,Aberuthven Primary School,P4,Reading - % Meeting Level,c
2024/25,Perth & Kinross,Aberuthven Primary School,P4,Writing - % Meeting Level,c
2024/25,Perth & Kinross,Aberuthven Primary School,P7,Listening & Talking - % Meeting Level,c
2024/25,Perth & Kinross,Aberuthven Primary School,P7,Numeracy - % Meeting Level,c
2024/25,Perth & Kinross,Aberuthven Primary School,P7,Reading - % Meeting Level,c
2024/25,Perth & Kinross,Aberuthven Primary School,P7,Writing - % Meeting Level,c
2024/25,Perth & Kinross,Alyth Primary School,P1,Listening & Talking - % Meeting Level,c
2024/25,Perth & Kinross,Alyth Primary School,P1,Numeracy - % Meeting Level,c
2024/25,Perth & Kinross,Alyth Primary School,P1,Reading - % Meeting Level,c
2024/25,Perth & Kinross,Alyth Primary School,P1,Writing - % Meeting Level,c
2024/25,Perth & Kinross,Alyth Primary School,"P1, P4 & P7 combined",Listening & Talking - % Meeting Level,70-80%
2024/25,Perth & Kinross,Alyth Primary School,"P1, P4 & P7 combined",Numeracy - % Meeting Level,70-80%
2024/25,Perth & Kinross,Alyth Primary School,"P1, P4 & P7 combined",Reading - % Meeting Level,70-80%
2024/25,Perth & Kinross,Alyth Primary School,"P1, P4 & P7 combined",Writing - % Meeting Level,60-70%
2024/25,Perth & Kinross,Alyth Primary School,P4,Listening & Talking - % Meeting Level,70-80%
2024/25,Perth & Kinross,Alyth Primary School,P4,Numeracy - % Meeting Level,50-60%
2024/25,Perth & Kinross,Alyth Primary School,P4,Reading - % Meeting Level,60-70%
2024/25,Perth & Kinross,Alyth Primary School,P4,Writing - % Meeting Level,60-70%
2024/25,Perth & Kinross,Alyth Primary School,P7,Listening & Talking - % Meeting Level,80-90%
2024/25,Perth & Kinross,Alyth Primary School,P7,Numeracy - % Meeting Level,80-90%
2024/25,Perth & Kinross,Alyth Primary School,P7,Reading - % Meeting Level,80-90%
2024/25,Perth & Kinross,Alyth Primary School,P7,Writing - % Meeting Level,70-80%
2024/25,Perth & Kinross,Arngask Primary School,P1,Listening & Talking - % Meeting Level,c
2024/25,Perth & Kinross,Arngask Primary School,P1,Numeracy - % Meeting Level,c
2024/25,Perth & Kinross,Arngask Primary School,P1,Reading - % Meeting Level,c
2024/25,Perth & Kinross,Arngask Primary School,P1,Writing - % Meeting Level,c
2024/25,Perth & Kinross,Arngask Primary School,"P1, P4 & P7 combined",Listening & Talking - % Meeting Level,90+%
2024/25,Perth & Kinross,Arngask Primary School,"P1, P4 & P7 combined",Numeracy - % Meeting Level,90+%
2024/25,Perth & Kinross,Arngask Primary School,"P1, P4 & P7 combined",Reading - % Meeting Level,90+%
2024/25,Perth & Kinross,Arngask Primary School,"P1, P4 & P7 combined",Writing - % Meeting Level,90+%
2024/25,Perth & Kinross,Arngask Primary School,P4,Listening & Talking - % Meeting Level,c
2024/25,Perth & Kinross,Arngask Primary School,P4,Numeracy - % Meeting Level,c
2024/25,Perth & Kinross,Arngask Primary School,P4,Reading - % Meeting Level,c
2024/25,Perth & Kinross,Arngask Primary School,P4,Writing - % Meeting Level,c
2024/25,Perth & Kinross,Arngask Primary School,P7,Listening & Talking - % Meeting Level,c
2024/25,Perth & Kinross,Arngask Primary School,P7,Numeracy - % Meeting Level,c
2024/25,Perth & Kinross,Arngask Primary School,P7,Reading - % Meeting Level,c
2024/25,Perth & Kinross,Arngask Primary School,P7,Writing - % Meeting Level,c
2024/25,Perth & Kinross,Auchtergaven Primary School,P1,Listening & Talking - % Meeting Level,c
2024/25,Perth & Kinross,Auchtergaven Primary School,P1,Numeracy - % Meeting Level,c
2024/25,Perth & Kinross,Auchtergaven Primary School,P1,Reading - % Meeting Level,c
2024/25,Perth & Kinross,Auchtergaven Primary School,P1,Writing - % Meeting Level,c
2024/25,Perth & Kinross,Auchtergaven Primary School,"P1, P4 & P7 combined",Listening & Talking - % Meeting Level,80-90%
2024/25,Perth & Kinross,Auchtergaven Primary School,"P1, P4 & P7 combined",Numeracy - % Meeting Level,80-90%
2024/25,Perth & Kinross,Auchtergaven Primary School,"P1, P4 & P7 combined",Reading - % Meeting Level,80-90%
2024/25,Perth & Kinross,Auchtergaven Primary School,"P1, P4 & P7 combined",Writing - % Meeting Level,80-90%
2024/25,Perth & Kinross,Auchtergaven Primary School,P4,Listening & Talking - % Meeting Level,c
2024/25,Perth & Kinross,Auchtergaven Primary School,P4,Numeracy - % Meeting Level,c
2024/25,Perth & Kinross,Auchtergaven Primary School,P4,Reading - % Meeting Level,c
2024/25,Perth & Kinross,Auchtergaven Primary School,P4,Writing - % Meeting Level,c
2024/25,Perth & Kinross,Auchtergaven Primary School,P7,Listening & Talking - % Meeting Level,c
2024/25,Perth & Kinross,Auchtergaven Primary School,P7,Numeracy - % Meeting Level,c
2024/25,Perth & Kinross,Auchtergaven Primary School,P7,Reading - % Meeting Level,c
2024/25,Perth & Kinross,Auchtergaven Primary School,P7,Writing - % Meeting Level,c
2024/25,Perth & Kinross,Balbeggie Primary School,P1,Listening & Talking - % Meeting Level,c
2024/25,Perth & Kinross,Balbeggie Primary School,P1,Numeracy - % Meeting Level,c
2024/25,Perth & Kinross,Balbeggie Primary School,P1,Reading - % Meeting Level,c
2024/25,Perth & Kinross,Balbeggie Primary School,P1,Writing - % Meeting Level,c
2024/25,Perth & Kinross,Balbeggie Primary School,"P1, P4 & P7 combined",Listening & Talking - % Meeting Level,c
2024/25,Perth & Kinross,Balbeggie Primary School,"P1, P4 & P7 combined",Numeracy - % Meeting Level,c
2024/25,Perth & Kinross,Balbeggie Primary School,"P1, P4 & P7 combined",Reading - % Meeting Level,c
2024/25,Perth & Kinross,Balbeggie Primary School,"P1, P4 & P7 combined",Writing - % Meeting Level,c
2024/25,Perth & Kinross,Balbeggie Primary School,P4,Listening & Talking - % Meeting Level,c
2024/25,Perth & Kinross,Balbeggie Primary School,P4,Numeracy - % Meeting Level,c
2024/25,Perth & Kinross,Balbeggie Primary School,P4,Reading - % Meeting Level,c
2024/25,Perth & Kinross,Balbeggie Primary School,P4,Writing - % Meeting Level,c
2024/25,Perth & Kinross,Balbeggie Primary School,P7,Listening & Talking - % Meeting Level,c
2024/25,Perth & Kinross,Balbeggie Primary School,P7,Numeracy - % Meeting Level,c
2024/25,Perth & Kinross,Balbeggie Primary School,P7,Reading - % Meeting Level,c
2024/25,Perth & Kinross,Balbeggie Primary School,P7,Writing - % Meeting Level,c
2024/25,Perth & Kinross,Blackford Primary School,P1,Listening & Talking - % Meeting Level,c
2024/25,Perth & Kinross,Blackford Primary School,P1,Numeracy - % Meeting Level,c
2024/25,Perth & Kinross,Blackford Primary School,P1,Reading - % Meeting Level,c
2024/25,Perth & Kinross,Blackford Primary School,P1,Writing - % Meeting Level,c
2024/25,Perth & Kinross,Blackford Primary School,"P1, P4 & P7 combined",Listening & Talking - % Meeting Level,90+%
2024/25,Perth & Kinross,Blackford Primary School,"P1, P4 & P7 combined",Numeracy - % Meeting Level,70-80%
2024/25,Perth & Kinross,Blackford Primary School,"P1, P4 & P7 combined",Reading - % Meeting Level,80-90%
2024/25,Perth & Kinross,Blackford Primary School,"P1, P4 & P7 combined",Writing - % Meeting Level,70-80%
2024/25,Perth & Kinross,Blackford Primary School,P4,Listening & Talking - % Meeting Level,c
2024/25,Perth & Kinross,Blackford Primary School,P4,Numeracy - % Meeting Level,c
2024/25,Perth & Kinross,Blackford Primary School,P4,Reading - % Meeting Level,c
2024/25,Perth & Kinross,Blackford Primary School,P4,Writing - % Meeting Level,c
2024/25,Perth & Kinross,Blackford Primary School,P7,Listening & Talking - % Meeting Level,c
2024/25,Perth & Kinross,Blackford Primary School,P7,Numeracy - % Meeting Level,c
2024/25,Perth & Kinross,Blackford Primary School,P7,Reading - % Meeting Level,c
2024/25,Perth & Kinross,Blackford Primary School,P7,Writing - % Meeting Level,c
2024/25,Perth & Kinross,Blair Atholl Primary School,P1,Listening & Talking - % Meeting Level,c
2024/25,Perth & Kinross,Blair Atholl Primary School,P1,Numeracy - % Meeting Level,c
2024/25,Perth & Kinross,Blair Atholl Primary School,P1,Reading - % Meeting Level,c
2024/25,Perth & Kinross,Blair Atholl Primary School,P1,Writing - % Meeting Level,c
2024/25,Perth & Kinross,Blair Atholl Primary School,"P1, P4 & P7 combined",Listening & Talking - % Meeting Level,c
2024/25,Perth & Kinross,Blair Atholl Primary School,"P1, P4 & P7 combined",Numeracy - % Meeting Level,c
2024/25,Perth & Kinross,Blair Atholl Primary School,"P1, P4 & P7 combined",Reading - % Meeting Level,c
2024/25,Perth & Kinross,Blair Atholl Primary School,"P1, P4 & P7 combined",Writing - % Meeting Level,c
2024/25,Perth & Kinross,Blair Atholl Primary School,P4,Listening & Talking - % Meeting Level,c
2024/25,Perth & Kinross,Blair Atholl Primary School,P4,Numeracy - % Meeting Level,c
2024/25,Perth & Kinross,Blair Atholl Primary School,P4,Reading - % Meeting Level,c
2024/25,Perth & Kinross,Blair Atholl Primary School,P4,Writing - % Meeting Level,c
2024/25,Perth & Kinross,Blair Atholl Primary School,P7,Listening & Talking - % Meeting Level,c
2024/25,Perth & Kinross,Blair Atholl Primary School,P7,Numeracy - % Meeting Level,c
2024/25,Perth & Kinross,Blair Atholl Primary School,P7,Reading - % Meeting Level,c
2024/25,Perth & Kinross,Blair Atholl Primary School,P7,Writing - % Meeting Level,c
2024/25,Perth & Kinross,Braco Primary School,P1,Listening & Talking - % Meeting Level,c
2024/25,Perth & Kinross,Braco Primary School,P1,Numeracy - % Meeting Level,c
2024/25,Perth & Kinross,Braco Primary School,P1,Reading - % Meeting Level,c
2024/25,Perth & Kinross,Braco Primary School,P1,Writing - % Meeting Level,c
2024/25,Perth & Kinross,Braco Primary School,"P1, P4 & P7 combined",Listening & Talking - % Meeting Level,c
2024/25,Perth & Kinross,Braco Primary School,"P1, P4 & P7 combined",Numeracy - % Meeting Level,c
2024/25,Perth & Kinross,Braco Primary School,"P1, P4 & P7 combined",Reading - % Meeting Level,c
2024/25,Perth & Kinross,Braco Primary School,"P1, P4 & P7 combined",Writing - % Meeting Level,c
2024/25,Perth & Kinross,Braco Primary School,P4,Listening & Talking - % Meeting Level,c
2024/25,Perth & Kinross,Braco Primary School,P4,Numeracy - % Meeting Level,c
2024/25,Perth & Kinross,Braco Primary School,P4,Reading - % Meeting Level,c
2024/25,Perth & Kinross,Braco Primary School,P4,Writing - % Meeting Level,c
2024/25,Perth & Kinross,Braco Primary School,P7,Listening & Talking - % Meeting Level,c
2024/25,Perth & Kinross,Braco Primary School,P7,Numeracy - % Meeting Level,c
2024/25,Perth & Kinross,Braco Primary School,P7,Reading - % Meeting Level,c
2024/25,Perth & Kinross,Braco Primary School,P7,Writing - % Meeting Level,c
2024/25,Perth & Kinross,Breadalbane Academy,P1,Listening & Talking - % Meeting Level,c
2024/25,Perth & Kinross,Breadalbane Academy,P1,Numeracy - % Meeting Level,c
2024/25,Perth & Kinross,Breadalbane Academy,P1,Reading - % Meeting Level,c
2024/25,Perth & Kinross,Breadalbane Academy,P1,Writing - % Meeting Level,c
2024/25,Perth & Kinross,Breadalbane Academy,"P1, P4 & P7 combined",Listening & Talking - % Meeting Level,80-90%
2024/25,Perth & Kinross,Breadalbane Academy,"P1, P4 & P7 combined",Numeracy - % Meeting Level,70-80%
2024/25,Perth & Kinross,Breadalbane Academy,"P1, P4 & P7 combined",Reading - % Meeting Level,80-90%
2024/25,Perth & Kinross,Breadalbane Academy,"P1, P4 & P7 combined",Writing - % Meeting Level,70-80%
2024/25,Perth & Kinross,Breadalbane Academy,P4,Listening & Talking - % Meeting Level,c
2024/25,Perth & Kinross,Breadalbane Academy,P4,Numeracy - % Meeting Level,c
2024/25,Perth & Kinross,Breadalbane Academy,P4,Reading - % Meeting Level,c
2024/25,Perth & Kinross,Breadalbane Academy,P4,Writing - % Meeting Level,c
2024/25,Perth & Kinross,Breadalbane Academy,P7,Listening & Talking - % Meeting Level,70-80%
2024/25,Perth & Kinross,Breadalbane Academy,P7,Numeracy - % Meeting Level,60-70%
2024/25,Perth & Kinross,Breadalbane Academy,P7,Reading - % Meeting Level,70-80%
2024/25,Perth & Kinross,Breadalbane Academy,P7,Writing - % Meeting Level,60-70%
2024/25,Perth & Kinross,Burrelton Primary School,P1,Listening & Talking - % Meeting Level,c
2024/25,Perth & Kinross,Burrelton Primary School,P1,Numeracy - % Meeting Level,c
2024/25,Perth & Kinross,Burrelton Primary School,P1,Reading - % Meeting Level,c
2024/25,Perth & Kinross,Burrelton Primary School,P1,Writing - % Meeting Level,c
2024/25,Perth & Kinross,Burrelton Primary School,"P1, P4 & P7 combined",Listening & Talking - % Meeting Level,90+%
2024/25,Perth & Kinross,Burrelton Primary School,"P1, P4 & P7 combined",Numeracy - % Meeting Level,70-80%
2024/25,Perth & Kinross,Burrelton Primary School,"P1, P4 & P7 combined",Reading - % Meeting Level,70-80%
2024/25,Perth & Kinross,Burrelton Primary School,"P1, P4 & P7 combined",Writing - % Meeting Level,70-80%
2024/25,Perth & Kinross,Burrelton Primary School,P4,Listening & Talking - % Meeting Level,c
2024/25,Perth & Kinross,Burrelton Primary School,P4,Numeracy - % Meeting Level,c
2024/25,Perth & Kinross,Burrelton Primary School,P4,Reading - % Meeting Level,c
2024/25,Perth & Kinross,Burrelton Primary School,P4,Writing - % Meeting Level,c
2024/25,Perth & Kinross,Burrelton Primary School,P7,Listening & Talking - % Meeting Level,c
2024/25,Perth & Kinross,Burrelton Primary School,P7,Numeracy - % Meeting Level,c
2024/25,Perth & Kinross,Burrelton Primary School,P7,Reading - % Meeting Level,c
2024/25,Perth & Kinross,Burrelton Primary School,P7,Writing - % Meeting Level,c
2024/25,Perth & Kinross,Cleish Primary School,P1,Listening & Talking - % Meeting Level,c
2024/25,Perth & Kinross,Cleish Primary School,P1,Numeracy - % Meeting Level,c
2024/25,Perth & Kinross,Cleish Primary School,P1,Reading - % Meeting Level,c
2024/25,Perth & Kinross,Cleish Primary School,P1,Writing - % Meeting Level,c
2024/25,Perth & Kinross,Cleish Primary School,"P1, P4 & P7 combined",Listening & Talking - % Meeting Level,c
2024/25,Perth & Kinross,Cleish Primary School,"P1, P4 & P7 combined",Numeracy - % Meeting Level,c
2024/25,Perth & Kinross,Cleish Primary School,"P1, P4 & P7 combined",Reading - % Meeting Level,c
2024/25,Perth & Kinross,Cleish Primary School,"P1, P4 & P7 combined",Writing - % Meeting Level,c
2024/25,Perth & Kinross,Cleish Primary School,P4,Listening & Talking - % Meeting Level,c
2024/25,Perth & Kinross,Cleish Primary School,P4,Numeracy - % Meeting Level,c
2024/25,Perth & Kinross,Cleish Primary School,P4,Reading - % Meeting Level,c
2024/25,Perth & Kinross,Cleish Primary School,P4,Writing - % Meeting Level,c
2024/25,Perth & Kinross,Cleish Primary School,P7,Listening & Talking - % Meeting Level,c
2024/25,Perth & Kinross,Cleish Primary School,P7,Numeracy - % Meeting Level,c
2024/25,Perth & Kinross,Cleish Primary School,P7,Reading - % Meeting Level,c
2024/25,Perth & Kinross,Cleish Primary School,P7,Writing - % Meeting Level,c
2024/25,Perth & Kinross,Collace Primary School,P1,Listening & Talking - % Meeting Level,c
2024/25,Perth & Kinross,Collace Primary School,P1,Numeracy - % Meeting Level,c
2024/25,Perth & Kinross,Collace Primary School,P1,Reading - % Meeting Level,c
2024/25,Perth & Kinross,Collace Primary School,P1,Writing - % Meeting Level,c
2024/25,Perth & Kinross,Collace Primary School,"P1, P4 & P7 combined",Listening & Talking - % Meeting Level,c
2024/25,Perth & Kinross,Collace Primary School,"P1, P4 & P7 combined",Numeracy - % Meeting Level,c
2024/25,Perth & Kinross,Collace Primary School,"P1, P4 & P7 combined",Reading - % Meeting Level,c
2024/25,Perth & Kinross,Collace Primary School,"P1, P4 & P7 combined",Writing - % Meeting Level,c
2024/25,Perth & Kinross,Collace Primary School,P4,Listening & Talking - % Meeting Level,c
2024/25,Perth & Kinross,Collace Primary School,P4,Numeracy - % Meeting Level,c
2024/25,Perth & Kinross,Collace Primary School,P4,Reading - % Meeting Level,c
2024/25,Perth & Kinross,Collace Primary School,P4,Writing - % Meeting Level,c
2024/25,Perth & Kinross,Collace Primary School,P7,Listening & Talking - % Meeting Level,c
2024/25,Perth & Kinross,Collace Primary School,P7,Numeracy - % Meeting Level,c
2024/25,Perth & Kinross,Collace Primary School,P7,Reading - % Meeting Level,c
2024/25,Perth & Kinross,Collace Primary School,P7,Writing - % Meeting Level,c
2024/25,Perth & Kinross,Comrie Primary School,P1,Listening & Talking - % Meeting Level,c
2024/25,Perth & Kinross,Comrie Primary School,P1,Numeracy - % Meeting Level,c
2024/25,Perth & Kinross,Comrie Primary School,P1,Reading - % Meeting Level,c
2024/25,Perth & Kinross,Comrie Primary School,P1,Writing - % Meeting Level,c
2024/25,Perth & Kinross,Comrie Primary School,"P1, P4 & P7 combined",Listening & Talking - % Meeting Level,80-90%
2024/25,Perth & Kinross,Comrie Primary School,"P1, P4 & P7 combined",Numeracy - % Meeting Level,80-90%
2024/25,Perth & Kinross,Comrie Primary School,"P1, P4 & P7 combined",Reading - % Meeting Level,90+%
2024/25,Perth & Kinross,Comrie Primary School,"P1, P4 & P7 combined",Writing - % Meeting Level,80-90%
2024/25,Perth & Kinross,Comrie Primary School,P4,Listening & Talking - % Meeting Level,c
2024/25,Perth & Kinross,Comrie Primary School,P4,Numeracy - % Meeting Level,c
2024/25,Perth & Kinross,Comrie Primary School,P4,Reading - % Meeting Level,c
2024/25,Perth & Kinross,Comrie Primary School,P4,Writing - % Meeting Level,c
2024/25,Perth & Kinross,Comrie Primary School,P7,Listening & Talking - % Meeting Level,c
2024/25,Perth & Kinross,Comrie Primary School,P7,Numeracy - % Meeting Level,c
2024/25,Perth & Kinross,Comrie Primary School,P7,Reading - % Meeting Level,c
2024/25,Perth & Kinross,Comrie Primary School,P7,Writing - % Meeting Level,c
2024/25,Perth & Kinross,Coupar Angus Primary School,P1,Listening & Talking - % Meeting Level,c
2024/25,Perth & Kinross,Coupar Angus Primary School,P1,Numeracy - % Meeting Level,c
2024/25,Perth & Kinross,Coupar Angus Primary School,P1,Reading - % Meeting Level,c
2024/25,Perth & Kinross,Coupar Angus Primary School,P1,Writing - % Meeting Level,c
2024/25,Perth & Kinross,Coupar Angus Primary School,"P1, P4 & P7 combined",Listening & Talking - % Meeting Level,70-80%
2024/25,Perth & Kinross,Coupar Angus Primary School,"P1, P4 & P7 combined",Numeracy - % Meeting Level,70-80%
2024/25,Perth & Kinross,Coupar Angus Primary School,"P1, P4 & P7 combined",Reading - % Meeting Level,60-70%
2024/25,Perth & Kinross,Coupar Angus Primary School,"P1, P4 & P7 combined",Writing - % Meeting Level,50-60%
2024/25,Perth & Kinross,Coupar Angus Primary School,P4,Listening & Talking - % Meeting Level,50-60%
2024/25,Perth & Kinross,Coupar Angus Primary School,P4,Numeracy - % Meeting Level,60-70%
2024/25,Perth & Kinross,Coupar Angus Primary School,P4,Reading - % Meeting Level,50-60%
2024/25,Perth & Kinross,Coupar Angus Primary School,P4,Writing - % Meeting Level,50-60%
2024/25,Perth & Kinross,Coupar Angus Primary School,P7,Listening & Talking - % Meeting Level,90+%
2024/25,Perth & Kinross,Coupar Angus Primary School,P7,Numeracy - % Meeting Level,70-80%
2024/25,Perth & Kinross,Coupar Angus Primary School,P7,Reading - % Meeting Level,70-80%
2024/25,Perth & Kinross,Coupar Angus Primary School,P7,Writing - % Meeting Level,60-70%
2024/25,Perth & Kinross,Craigie Primary School,P1,Listening & Talking - % Meeting Level,80-90%
2024/25,Perth & Kinross,Craigie Primary School,P1,Numeracy - % Meeting Level,70-80%
2024/25,Perth & Kinross,Craigie Primary School,P1,Reading - % Meeting Level,80-90%
2024/25,Perth & Kinross,Craigie Primary School,P1,Writing - % Meeting Level,70-80%
2024/25,Perth & Kinross,Craigie Primary School,"P1, P4 & P7 combined",Listening & Talking - % Meeting Level,80-90%
2024/25,Perth & Kinross,Craigie Primary School,"P1, P4 & P7 combined",Numeracy - % Meeting Level,80-90%
2024/25,Perth & Kinross,Craigie Primary School,"P1, P4 & P7 combined",Reading - % Meeting Level,80-90%
2024/25,Perth & Kinross,Craigie Primary School,"P1, P4 & P7 combined",Writing - % Meeting Level,70-80%
2024/25,Perth & Kinross,Craigie Primary School,P4,Listening & Talking - % Meeting Level,80-90%
2024/25,Perth & Kinross,Craigie Primary School,P4,Numeracy - % Meeting Level,70-80%
2024/25,Perth & Kinross,Craigie Primary School,P4,Reading - % Meeting Level,80-90%
2024/25,Perth & Kinross,Craigie Primary School,P4,Writing - % Meeting Level,70-80%
2024/25,Perth & Kinross,Craigie Primary School,P7,Listening & Talking - % Meeting Level,90+%
2024/25,Perth & Kinross,Craigie Primary School,P7,Numeracy - % Meeting Level,90+%
2024/25,Perth & Kinross,Craigie Primary School,P7,Reading - % Meeting Level,90+%
2024/25,Perth & Kinross,Craigie Primary School,P7,Writing - % Meeting Level,80-90%
2024/25,Perth & Kinross,Crieff Primary School,P1,Listening & Talking - % Meeting Level,90+%
2024/25,Perth & Kinross,Crieff Primary School,P1,Numeracy - % Meeting Level,80-90%
2024/25,Perth & Kinross,Crieff Primary School,P1,Reading - % Meeting Level,70-80%
2024/25,Perth & Kinross,Crieff Primary School,P1,Writing - % Meeting Level,70-80%
2024/25,Perth & Kinross,Crieff Primary School,"P1, P4 & P7 combined",Listening & Talking - % Meeting Level,90+%
2024/25,Perth & Kinross,Crieff Primary School,"P1, P4 & P7 combined",Numeracy - % Meeting Level,80-90%
2024/25,Perth & Kinross,Crieff Primary School,"P1, P4 & P7 combined",Reading - % Meeting Level,80-90%
2024/25,Perth & Kinross,Crieff Primary School,"P1, P4 & P7 combined",Writing - % Meeting Level,70-80%
2024/25,Perth & Kinross,Crieff Primary School,P4,Listening & Talking - % Meeting Level,90+%
2024/25,Perth & Kinross,Crieff Primary School,P4,Numeracy - % Meeting Level,80-90%
2024/25,Perth & Kinross,Crieff Primary School,P4,Reading - % Meeting Level,70-80%
2024/25,Perth & Kinross,Crieff Primary School,P4,Writing - % Meeting Level,70-80%
2024/25,Perth & Kinross,Crieff Primary School,P7,Listening & Talking - % Meeting Level,80-90%
2024/25,Perth & Kinross,Crieff Primary School,P7,Numeracy - % Meeting Level,80-90%
2024/25,Perth & Kinross,Crieff Primary School,P7,Reading - % Meeting Level,80-90%
2024/25,Perth & Kinross,Crieff Primary School,P7,Writing - % Meeting Level,80-90%
2024/25,Perth & Kinross,Dunbarney Primary School,P1,Listening & Talking - % Meeting Level,90+%
2024/25,Perth & Kinross,Dunbarney Primary School,P1,Numeracy - % Meeting Level,90+%
2024/25,Perth & Kinross,Dunbarney Primary School,P1,Reading - % Meeting Level,90+%
2024/25,Perth & Kinross,Dunbarney Primary School,P1,Writing - % Meeting Level,80-90%
2024/25,Perth & Kinross,Dunbarney Primary School,"P1, P4 & P7 combined",Listening & Talking - % Meeting Level,90+%
2024/25,Perth & Kinross,Dunbarney Primary School,"P1, P4 & P7 combined",Numeracy - % Meeting Level,90+%
2024/25,Perth & Kinross,Dunbarney Primary School,"P1, P4 & P7 combined",Reading - % Meeting Level,90+%
2024/25,Perth & Kinross,Dunbarney Primary School,"P1, P4 & P7 combined",Writing - % Meeting Level,80-90%
2024/25,Perth & Kinross,Dunbarney Primary School,P4,Listening & Talking - % Meeting Level,90+%
2024/25,Perth & Kinross,Dunbarney Primary School,P4,Numeracy - % Meeting Level,80-90%
2024/25,Perth & Kinross,Dunbarney Primary School,P4,Reading - % Meeting Level,90+%
2024/25,Perth & Kinross,Dunbarney Primary School,P4,Writing - % Meeting Level,70-80%
2024/25,Perth & Kinross,Dunbarney Primary School,P7,Listening & Talking - % Meeting Level,90+%
2024/25,Perth & Kinross,Dunbarney Primary School,P7,Numeracy - % Meeting Level,90+%
2024/25,Perth & Kinross,Dunbarney Primary School,P7,Reading - % Meeting Level,90+%
2024/25,Perth & Kinross,Dunbarney Primary School,P7,Writing - % Meeting Level,90+%
2024/25,Perth & Kinross,Dunning Primary School,P1,Listening & Talking - % Meeting Level,c
2024/25,Perth & Kinross,Dunning Primary School,P1,Numeracy - % Meeting Level,c
2024/25,Perth & Kinross,Dunning Primary School,P1,Reading - % Meeting Level,c
2024/25,Perth & Kinross,Dunning Primary School,P1,Writing - % Meeting Level,c
2024/25,Perth & Kinross,Dunning Primary School,"P1, P4 & P7 combined",Listening & Talking - % Meeting Level,90+%
2024/25,Perth & Kinross,Dunning Primary School,"P1, P4 & P7 combined",Numeracy - % Meeting Level,90+%
2024/25,Perth & Kinross,Dunning Primary School,"P1, P4 & P7 combined",Reading - % Meeting Level,90+%
2024/25,Perth & Kinross,Dunning Primary School,"P1, P4 & P7 combined",Writing - % Meeting Level,90+%
2024/25,Perth & Kinross,Dunning Primary School,P4,Listening & Talking - % Meeting Level,c
2024/25,Perth & Kinross,Dunning Primary School,P4,Numeracy - % Meeting Level,c
2024/25,Perth & Kinross,Dunning Primary School,P4,Reading - % Meeting Level,c
2024/25,Perth & Kinross,Dunning Primary School,P4,Writing - % Meeting Level,c
2024/25,Perth & Kinross,Dunning Primary School,P7,Listening & Talking - % Meeting Level,c
2024/25,Perth & Kinross,Dunning Primary School,P7,Numeracy - % Meeting Level,c
2024/25,Perth & Kinross,Dunning Primary School,P7,Reading - % Meeting Level,c
2024/25,Perth & Kinross,Dunning Primary School,P7,Writing - % Meeting Level,c
2024/25,Perth & Kinross,Errol Primary School,P1,Listening & Talking - % Meeting Level,80-90%
2024/25,Perth & Kinross,Errol Primary School,P1,Numeracy - % Meeting Level,80-90%
2024/25,Perth & Kinross,Errol Primary School,P1,Reading - % Meeting Level,70-80%
2024/25,Perth & Kinross,Errol Primary School,P1,Writing - % Meeting Level,80-90%
2024/25,Perth & Kinross,Errol Primary School,"P1, P4 & P7 combined",Listening & Talking - % Meeting Level,80-90%
2024/25,Perth & Kinross,Errol Primary School,"P1, P4 & P7 combined",Numeracy - % Meeting Level,80-90%
2024/25,Perth & Kinross,Errol Primary School,"P1, P4 & P7 combined",Reading - % Meeting Level,80-90%
2024/25,Perth & Kinross,Errol Primary School,"P1, P4 & P7 combined",Writing - % Meeting Level,70-80%
2024/25,Perth & Kinross,Errol Primary School,P4,Listening & Talking - % Meeting Level,c
2024/25,Perth & Kinross,Errol Primary School,P4,Numeracy - % Meeting Level,c
2024/25,Perth & Kinross,Errol Primary School,P4,Reading - % Meeting Level,c
2024/25,Perth & Kinross,Errol Primary School,P4,Writing - % Meeting Level,c
2024/25,Perth & Kinross,Errol Primary School,P7,Listening & Talking - % Meeting Level,c
2024/25,Perth & Kinross,Errol Primary School,P7,Numeracy - % Meeting Level,c
2024/25,Perth & Kinross,Errol Primary School,P7,Reading - % Meeting Level,c
2024/25,Perth & Kinross,Errol Primary School,P7,Writing - % Meeting Level,c
2024/25,Perth & Kinross,Forgandenny Primary School,P1,Listening & Talking - % Meeting Level,c
2024/25,Perth & Kinross,Forgandenny Primary School,P1,Numeracy - % Meeting Level,c
2024/25,Perth & Kinross,Forgandenny Primary School,P1,Reading - % Meeting Level,c
2024/25,Perth & Kinross,Forgandenny Primary School,P1,Writing - % Meeting Level,c
2024/25,Perth & Kinross,Forgandenny Primary School,"P1, P4 & P7 combined",Listening & Talking - % Meeting Level,80-90%
2024/25,Perth & Kinross,Forgandenny Primary School,"P1, P4 & P7 combined",Numeracy - % Meeting Level,90+%
2024/25,Perth & Kinross,Forgandenny Primary School,"P1, P4 & P7 combined",Reading - % Meeting Level,80-90%
2024/25,Perth & Kinross,Forgandenny Primary School,"P1, P4 & P7 combined",Writing - % Meeting Level,70-80%
2024/25,Perth & Kinross,Forgandenny Primary School,P4,Listening & Talking - % Meeting Level,c
2024/25,Perth & Kinross,Forgandenny Primary School,P4,Numeracy - % Meeting Level,c
2024/25,Perth & Kinross,Forgandenny Primary School,P4,Reading - % Meeting Level,c
2024/25,Perth & Kinross,Forgandenny Primary School,P4,Writing - % Meeting Level,c
2024/25,Perth & Kinross,Forgandenny Primary School,P7,Listening & Talking - % Meeting Level,c
2024/25,Perth & Kinross,Forgandenny Primary School,P7,Numeracy - % Meeting Level,c
2024/25,Perth & Kinross,Forgandenny Primary School,P7,Reading - % Meeting Level,c
2024/25,Perth & Kinross,Forgandenny Primary School,P7,Writing - % Meeting Level,c
2024/25,Perth & Kinross,Fossoway Primary School,P1,Listening & Talking - % Meeting Level,c
2024/25,Perth & Kinross,Fossoway Primary School,P1,Numeracy - % Meeting Level,c
2024/25,Perth & Kinross,Fossoway Primary School,P1,Reading - % Meeting Level,c
2024/25,Perth & Kinross,Fossoway Primary School,P1,Writing - % Meeting Level,c
2024/25,Perth & Kinross,Fossoway Primary School,"P1, P4 & P7 combined",Listening & Talking - % Meeting Level,80-90%
2024/25,Perth & Kinross,Fossoway Primary School,"P1, P4 & P7 combined",Numeracy - % Meeting Level,80-90%
2024/25,Perth & Kinross,Fossoway Primary School,"P1, P4 & P7 combined",Reading - % Meeting Level,80-90%
2024/25,Perth & Kinross,Fossoway Primary School,"P1, P4 & P7 combined",Writing - % Meeting Level,80-90%
2024/25,Perth & Kinross,Fossoway Primary School,P4,Listening & Talking - % Meeting Level,c
2024/25,Perth & Kinross,Fossoway Primary School,P4,Numeracy - % Meeting Level,c
2024/25,Perth & Kinross,Fossoway Primary School,P4,Reading - % Meeting Level,c
2024/25,Perth & Kinross,Fossoway Primary School,P4,Writing - % Meeting Level,c
2024/25,Perth & Kinross,Fossoway Primary School,P7,Listening & Talking - % Meeting Level,c
2024/25,Perth & Kinross,Fossoway Primary School,P7,Numeracy - % Meeting Level,c
2024/25,Perth & Kinross,Fossoway Primary School,P7,Reading - % Meeting Level,c
2024/25,Perth & Kinross,Fossoway Primary School,P7,Writing - % Meeting Level,c
2024/25,Perth & Kinross,Glendelvine Primary School,P1,Listening & Talking - % Meeting Level,c
2024/25,Perth & Kinross,Glendelvine Primary School,P1,Numeracy - % Meeting Level,c
2024/25,Perth & Kinross,Glendelvine Primary School,P1,Reading - % Meeting Level,c
2024/25,Perth & Kinross,Glendelvine Primary School,P1,Writing - % Meeting Level,c
2024/25,Perth & Kinross,Glendelvine Primary School,"P1, P4 & P7 combined",Listening & Talking - % Meeting Level,c
2024/25,Perth & Kinross,Glendelvine Primary School,"P1, P4 & P7 combined",Numeracy - % Meeting Level,c
2024/25,Perth & Kinross,Glendelvine Primary School,"P1, P4 & P7 combined",Reading - % Meeting Level,c
2024/25,Perth & Kinross,Glendelvine Primary School,"P1, P4 & P7 combined",Writing - % Meeting Level,c
2024/25,Perth & Kinross,Glendelvine Primary School,P4,Listening & Talking - % Meeting Level,c
2024/25,Perth & Kinross,Glendelvine Primary School,P4,Numeracy - % Meeting Level,c
2024/25,Perth & Kinross,Glendelvine Primary School,P4,Reading - % Meeting Level,c
2024/25,Perth & Kinross,Glendelvine Primary School,P4,Writing - % Meeting Level,c
2024/25,Perth & Kinross,Glendelvine Primary School,P7,Listening & Talking - % Meeting Level,c
2024/25,Perth & Kinross,Glendelvine Primary School,P7,Numeracy - % Meeting Level,c
2024/25,Perth & Kinross,Glendelvine Primary School,P7,Reading - % Meeting Level,c
2024/25,Perth & Kinross,Glendelvine Primary School,P7,Writing - % Meeting Level,c
2024/25,Perth & Kinross,Glenlyon Primary School,P1,Listening & Talking - % Meeting Level,c
2024/25,Perth & Kinross,Glenlyon Primary School,P1,Numeracy - % Meeting Level,c
2024/25,Perth & Kinross,Glenlyon Primary School,P1,Reading - % Meeting Level,c
2024/25,Perth & Kinross,Glenlyon Primary School,P1,Writing - % Meeting Level,c
2024/25,Perth & Kinross,Glenlyon Primary School,"P1, P4 & P7 combined",Listening & Talking - % Meeting Level,c
2024/25,Perth & Kinross,Glenlyon Primary School,"P1, P4 & P7 combined",Numeracy - % Meeting Level,c
2024/25,Perth & Kinross,Glenlyon Primary School,"P1, P4 & P7 combined",Reading - % Meeting Level,c
2024/25,Perth & Kinross,Glenlyon Primary School,"P1, P4 & P7 combined",Writing - % Meeting Level,c
2024/25,Perth & Kinross,Glenlyon Primary School,P4,Listening & Talking - % Meeting Level,c
2024/25,Perth & Kinross,Glenlyon Primary School,P4,Numeracy - % Meeting Level,c
2024/25,Perth & Kinross,Glenlyon Primary School,P4,Reading - % Meeting Level,c
2024/25,Perth & Kinross,Glenlyon Primary School,P4,Writing - % Meeting Level,c
2024/25,Perth & Kinross,Goodlyburn Primary School,P1,Listening & Talking - % Meeting Level,70-80%
2024/25,Perth & Kinross,Goodlyburn Primary School,P1,Numeracy - % Meeting Level,60-70%
2024/25,Perth & Kinross,Goodlyburn Primary School,P1,Reading - % Meeting Level,60-70%
2024/25,Perth & Kinross,Goodlyburn Primary School,P1,Writing - % Meeting Level,60-70%
2024/25,Perth & Kinross,Goodlyburn Primary School,"P1, P4 & P7 combined",Listening & Talking - % Meeting Level,70-80%
2024/25,Perth & Kinross,Goodlyburn Primary School,"P1, P4 & P7 combined",Numeracy - % Meeting Level,60-70%
2024/25,Perth & Kinross,Goodlyburn Primary School,"P1, P4 & P7 combined",Reading - % Meeting Level,60-70%
2024/25,Perth & Kinross,Goodlyburn Primary School,"P1, P4 & P7 combined",Writing - % Meeting Level,60-70%
2024/25,Perth & Kinross,Goodlyburn Primary School,P4,Listening & Talking - % Meeting Level,70-80%
2024/25,Perth & Kinross,Goodlyburn Primary School,P4,Numeracy - % Meeting Level,60-70%
2024/25,Perth & Kinross,Goodlyburn Primary School,P4,Reading - % Meeting Level,60-70%
2024/25,Perth & Kinross,Goodlyburn Primary School,P4,Writing - % Meeting Level,60-70%
2024/25,Perth & Kinross,Goodlyburn Primary School,P7,Listening & Talking - % Meeting Level,70-80%
2024/25,Perth & Kinross,Goodlyburn Primary School,P7,Numeracy - % Meeting Level,50-60%
2024/25,Perth & Kinross,Goodlyburn Primary School,P7,Reading - % Meeting Level,70-80%
2024/25,Perth & Kinross,Goodlyburn Primary School,P7,Writing - % Meeting Level,50-60%
2024/25,Perth & Kinross,Grandtully Primary School,P1,Listening & Talking - % Meeting Level,c
2024/25,Perth & Kinross,Grandtully Primary School,P1,Numeracy - % Meeting Level,c
2024/25,Perth & Kinross,Grandtully Primary School,P1,Reading - % Meeting Level,c
2024/25,Perth & Kinross,Grandtully Primary School,P1,Writing - % Meeting Level,c
2024/25,Perth & Kinross,Grandtully Primary School,"P1, P4 & P7 combined",Listening & Talking - % Meeting Level,c
2024/25,Perth & Kinross,Grandtully Primary School,"P1, P4 & P7 combined",Numeracy - % Meeting Level,c
2024/25,Perth & Kinross,Grandtully Primary School,"P1, P4 & P7 combined",Reading - % Meeting Level,c
2024/25,Perth & Kinross,Grandtully Primary School,"P1, P4 & P7 combined",Writing - % Meeting Level,c
2024/25,Perth & Kinross,Grandtully Primary School,P4,Listening & Talking - % Meeting Level,c
2024/25,Perth & Kinross,Grandtully Primary School,P4,Numeracy - % Meeting Level,c
2024/25,Perth & Kinross,Grandtully Primary School,P4,Reading - % Meeting Level,c
2024/25,Perth & Kinross,Grandtully Primary School,P4,Writing - % Meeting Level,c
2024/25,Perth & Kinross,Grandtully Primary School,P7,Listening & Talking - % Meeting Level,c
2024/25,Perth & Kinross,Grandtully Primary School,P7,Numeracy - % Meeting Level,c
2024/25,Perth & Kinross,Grandtully Primary School,P7,Reading - % Meeting Level,c
2024/25,Perth & Kinross,Grandtully Primary School,P7,Writing - % Meeting Level,c
2024/25,Perth & Kinross,Guildtown Primary School,P1,Listening & Talking - % Meeting Level,c
2024/25,Perth & Kinross,Guildtown Primary School,P1,Numeracy - % Meeting Level,c
2024/25,Perth & Kinross,Guildtown Primary School,P1,Reading - % Meeting Level,c
2024/25,Perth & Kinross,Guildtown Primary School,P1,Writing - % Meeting Level,c
2024/25,Perth & Kinross,Guildtown Primary School,"P1, P4 & P7 combined",Listening & Talking - % Meeting Level,c
2024/25,Perth & Kinross,Guildtown Primary School,"P1, P4 & P7 combined",Numeracy - % Meeting Level,c
2024/25,Perth & Kinross,Guildtown Primary School,"P1, P4 & P7 combined",Reading - % Meeting Level,c
2024/25,Perth & Kinross,Guildtown Primary School,"P1, P4 & P7 combined",Writing - % Meeting Level,c
2024/25,Perth & Kinross,Guildtown Primary School,P4,Listening & Talking - % Meeting Level,c
2024/25,Perth & Kinross,Guildtown Primary School,P4,Numeracy - % Meeting Level,c
2024/25,Perth & Kinross,Guildtown Primary School,P4,Reading - % Meeting Level,c
2024/25,Perth & Kinross,Guildtown Primary School,P4,Writing - % Meeting Level,c
2024/25,Perth & Kinross,Guildtown Primary School,P7,Listening & Talking - % Meeting Level,c
2024/25,Perth & Kinross,Guildtown Primary School,P7,Numeracy - % Meeting Level,c
2024/25,Perth & Kinross,Guildtown Primary School,P7,Reading - % Meeting Level,c
2024/25,Perth & Kinross,Guildtown Primary School,P7,Writing - % Meeting Level,c
2024/25,Perth & Kinross,Inch View Primary and Nursery School,P1,Listening & Talking - % Meeting Level,70-80%
2024/25,Perth & Kinross,Inch View Primary and Nursery School,P1,Numeracy - % Meeting Level,60-70%
2024/25,Perth & Kinross,Inch View Primary and Nursery School,P1,Reading - % Meeting Level,50-60%
2024/25,Perth & Kinross,Inch View Primary and Nursery School,P1,Writing - % Meeting Level,50-60%
2024/25,Perth & Kinross,Inch View Primary and Nursery School,"P1, P4 & P7 combined",Listening & Talking - % Meeting Level,60-70%
2024/25,Perth & Kinross,Inch View Primary and Nursery School,"P1, P4 & P7 combined",Numeracy - % Meeting Level,50-60%
2024/25,Perth & Kinross,Inch View Primary and Nursery School,"P1, P4 & P7 combined",Reading - % Meeting Level,50-60%
2024/25,Perth & Kinross,Inch View Primary and Nursery School,"P1, P4 & P7 combined",Writing - % Meeting Level,50-60%
2024/25,Perth & Kinross,Inch View Primary and Nursery School,P4,Listening & Talking - % Meeting Level,60-70%
2024/25,Perth & Kinross,Inch View Primary and Nursery School,P4,Numeracy - % Meeting Level,40-50%
2024/25,Perth & Kinross,Inch View Primary and Nursery School,P4,Reading - % Meeting Level,40-50%
2024/25,Perth & Kinross,Inch View Primary and Nursery School,P4,Writing - % Meeting Level,40-50%
2024/25,Perth & Kinross,Inch View Primary and Nursery School,P7,Listening & Talking - % Meeting Level,70-80%
2024/25,Perth & Kinross,Inch View Primary and Nursery School,P7,Numeracy - % Meeting Level,70-80%
2024/25,Perth & Kinross,Inch View Primary and Nursery School,P7,Reading - % Meeting Level,70-80%
2024/25,Perth & Kinross,Inch View Primary and Nursery School,P7,Writing - % Meeting Level,60-70%
2024/25,Perth & Kinross,Inchture Primary School,P1,Listening & Talking - % Meeting Level,90+%
2024/25,Perth & Kinross,Inchture Primary School,P1,Numeracy - % Meeting Level,90+%
2024/25,Perth & Kinross,Inchture Primary School,P1,Reading - % Meeting Level,90+%
2024/25,Perth & Kinross,Inchture Primary School,P1,Writing - % Meeting Level,90+%
2024/25,Perth & Kinross,Inchture Primary School,"P1, P4 & P7 combined",Listening & Talking - % Meeting Level,90+%
2024/25,Perth & Kinross,Inchture Primary School,"P1, P4 & P7 combined",Numeracy - % Meeting Level,90+%
2024/25,Perth & Kinross,Inchture Primary School,"P1, P4 & P7 combined",Reading - % Meeting Level,90+%
2024/25,Perth & Kinross,Inchture Primary School,"P1, P4 & P7 combined",Writing - % Meeting Level,80-90%
2024/25,Perth & Kinross,Inchture Primary School,P4,Listening & Talking - % Meeting Level,80-90%
2024/25,Perth & Kinross,Inchture Primary School,P4,Numeracy - % Meeting Level,90+%
2024/25,Perth & Kinross,Inchture Primary School,P4,Reading - % Meeting Level,80-90%
2024/25,Perth & Kinross,Inchture Primary School,P4,Writing - % Meeting Level,70-80%
2024/25,Perth & Kinross,Inchture Primary School,P7,Listening & Talking - % Meeting Level,90+%
2024/25,Perth & Kinross,Inchture Primary School,P7,Numeracy - % Meeting Level,90+%
2024/25,Perth & Kinross,Inchture Primary School,P7,Reading - % Meeting Level,90+%
2024/25,Perth & Kinross,Inchture Primary School,P7,Writing - % Meeting Level,70-80%
2024/25,Perth & Kinross,Invergowrie Primary School,P1,Listening & Talking - % Meeting Level,90+%
2024/25,Perth & Kinross,Invergowrie Primary School,P1,Numeracy - % Meeting Level,90+%
2024/25,Perth & Kinross,Invergowrie Primary School,P1,Reading - % Meeting Level,90+%
2024/25,Perth & Kinross,Invergowrie Primary School,P1,Writing - % Meeting Level,90+%
2024/25,Perth & Kinross,Invergowrie Primary School,"P1, P4 & P7 combined",Listening & Talking - % Meeting Level,90+%
2024/25,Perth & Kinross,Invergowrie Primary School,"P1, P4 & P7 combined",Numeracy - % Meeting Level,80-90%
2024/25,Perth & Kinross,Invergowrie Primary School,"P1, P4 & P7 combined",Reading - % Meeting Level,80-90%
2024/25,Perth & Kinross,Invergowrie Primary School,"P1, P4 & P7 combined",Writing - % Meeting Level,80-90%
2024/25,Perth & Kinross,Invergowrie Primary School,P4,Listening & Talking - % Meeting Level,90+%
2024/25,Perth & Kinross,Invergowrie Primary School,P4,Numeracy - % Meeting Level,90+%
2024/25,Perth & Kinross,Invergowrie Primary School,P4,Reading - % Meeting Level,80-90%
2024/25,Perth & Kinross,Invergowrie Primary School,P4,Writing - % Meeting Level,80-90%
2024/25,Perth & Kinross,Invergowrie Primary School,P7,Listening & Talking - % Meeting Level,80-90%
2024/25,Perth & Kinross,Invergowrie Primary School,P7,Numeracy - % Meeting Level,70-80%
2024/25,Perth & Kinross,Invergowrie Primary School,P7,Reading - % Meeting Level,80-90%
2024/25,Perth & Kinross,Invergowrie Primary School,P7,Writing - % Meeting Level,80-90%
2024/25,Perth & Kinross,Kenmore Primary School,P1,Listening & Talking - % Meeting Level,c
2024/25,Perth & Kinross,Kenmore Primary School,P1,Numeracy - % Meeting Level,c
2024/25,Perth & Kinross,Kenmore Primary School,P1,Reading - % Meeting Level,c
2024/25,Perth & Kinross,Kenmore Primary School,P1,Writing - % Meeting Level,c
2024/25,Perth & Kinross,Kenmore Primary School,"P1, P4 & P7 combined",Listening & Talking - % Meeting Level,c
2024/25,Perth & Kinross,Kenmore Primary School,"P1, P4 & P7 combined",Numeracy - % Meeting Level,c
2024/25,Perth & Kinross,Kenmore Primary School,"P1, P4 & P7 combined",Reading - % Meeting Level,c
2024/25,Perth & Kinross,Kenmore Primary School,"P1, P4 & P7 combined",Writing - % Meeting Level,c
2024/25,Perth & Kinross,Kenmore Primary School,P4,Listening & Talking - % Meeting Level,c
2024/25,Perth & Kinross,Kenmore Primary School,P4,Numeracy - % Meeting Level,c
2024/25,Perth & Kinross,Kenmore Primary School,P4,Reading - % Meeting Level,c
2024/25,Perth & Kinross,Kenmore Primary School,P4,Writing - % Meeting Level,c
2024/25,Perth & Kinross,Kenmore Primary School,P7,Listening & Talking - % Meeting Level,c
2024/25,Perth & Kinross,Kenmore Primary School,P7,Numeracy - % Meeting Level,c
2024/25,Perth & Kinross,Kenmore Primary School,P7,Reading - % Meeting Level,c
2024/25,Perth & Kinross,Kenmore Primary School,P7,Writing - % Meeting Level,c
2024/25,Perth & Kinross,Kettins Primary School,P1,Listening & Talking - % Meeting Level,c
2024/25,Perth & Kinross,Kettins Primary School,P1,Numeracy - % Meeting Level,c
2024/25,Perth & Kinross,Kettins Primary School,P1,Reading - % Meeting Level,c
2024/25,Perth & Kinross,Kettins Primary School,P1,Writing - % Meeting Level,c
2024/25,Perth & Kinross,Kettins Primary School,"P1, P4 & P7 combined",Listening & Talking - % Meeting Level,c
2024/25,Perth & Kinross,Kettins Primary School,"P1, P4 & P7 combined",Numeracy - % Meeting Level,c
2024/25,Perth & Kinross,Kettins Primary School,"P1, P4 & P7 combined",Reading - % Meeting Level,c
2024/25,Perth & Kinross,Kettins Primary School,"P1, P4 & P7 combined",Writing - % Meeting Level,c
2024/25,Perth & Kinross,Kettins Primary School,P4,Listening & Talking - % Meeting Level,c
2024/25,Perth & Kinross,Kettins Primary School,P4,Numeracy - % Meeting Level,c
2024/25,Perth & Kinross,Kettins Primary School,P4,Reading - % Meeting Level,c
2024/25,Perth & Kinross,Kettins Primary School,P4,Writing - % Meeting Level,c
2024/25,Perth & Kinross,Kettins Primary School,P7,Listening & Talking - % Meeting Level,c
2024/25,Perth & Kinross,Kettins Primary School,P7,Numeracy - % Meeting Level,c
2024/25,Perth & Kinross,Kettins Primary School,P7,Reading - % Meeting Level,c
2024/25,Perth & Kinross,Kettins Primary School,P7,Writing - % Meeting Level,c
2024/25,Perth & Kinross,Kinloch Rannoch Primary School,P1,Listening & Talking - % Meeting Level,c
2024/25,Perth & Kinross,Kinloch Rannoch Primary School,P1,Numeracy - % Meeting Level,c
2024/25,Perth & Kinross,Kinloch Rannoch Primary School,P1,Reading - % Meeting Level,c
2024/25,Perth & Kinross,Kinloch Rannoch Primary School,P1,Writing - % Meeting Level,c
2024/25,Perth & Kinross,Kinloch Rannoch Primary School,"P1, P4 & P7 combined",Listening & Talking - % Meeting Level,c
2024/25,Perth & Kinross,Kinloch Rannoch Primary School,"P1, P4 & P7 combined",Numeracy - % Meeting Level,c
2024/25,Perth & Kinross,Kinloch Rannoch Primary School,"P1, P4 & P7 combined",Reading - % Meeting Level,c
2024/25,Perth & Kinross,Kinloch Rannoch Primary School,"P1, P4 & P7 combined",Writing - % Meeting Level,c
2024/25,Perth & Kinross,Kinloch Rannoch Primary School,P4,Listening & Talking - % Meeting Level,c
2024/25,Perth & Kinross,Kinloch Rannoch Primary School,P4,Numeracy - % Meeting Level,c
2024/25,Perth & Kinross,Kinloch Rannoch Primary School,P4,Reading - % Meeting Level,c
2024/25,Perth & Kinross,Kinloch Rannoch Primary School,P4,Writing - % Meeting Level,c
2024/25,Perth & Kinross,Kinloch Rannoch Primary School,P7,Listening & Talking - % Meeting Level,c
2024/25,Perth & Kinross,Kinloch Rannoch Primary School,P7,Numeracy - % Meeting Level,c
2024/25,Perth & Kinross,Kinloch Rannoch Primary School,P7,Reading - % Meeting Level,c
2024/25,Perth & Kinross,Kinloch Rannoch Primary School,P7,Writing - % Meeting Level,c
2024/25,Perth & Kinross,Kinnoull Primary School,P1,Listening & Talking - % Meeting Level,80-90%
2024/25,Perth & Kinross,Kinnoull Primary School,P1,Numeracy - % Meeting Level,90+%
2024/25,Perth & Kinross,Kinnoull Primary School,P1,Reading - % Meeting Level,80-90%
2024/25,Perth & Kinross,Kinnoull Primary School,P1,Writing - % Meeting Level,80-90%
2024/25,Perth & Kinross,Kinnoull Primary School,"P1, P4 & P7 combined",Listening & Talking - % Meeting Level,80-90%
2024/25,Perth & Kinross,Kinnoull Primary School,"P1, P4 & P7 combined",Numeracy - % Meeting Level,80-90%
2024/25,Perth & Kinross,Kinnoull Primary School,"P1, P4 & P7 combined",Reading - % Meeting Level,80-90%
2024/25,Perth & Kinross,Kinnoull Primary School,"P1, P4 & P7 combined",Writing - % Meeting Level,80-90%
2024/25,Perth & Kinross,Kinnoull Primary School,P4,Listening & Talking - % Meeting Level,90+%
2024/25,Perth & Kinross,Kinnoull Primary School,P4,Numeracy - % Meeting Level,90+%
2024/25,Perth & Kinross,Kinnoull Primary School,P4,Reading - % Meeting Level,90+%
2024/25,Perth & Kinross,Kinnoull Primary School,P4,Writing - % Meeting Level,90+%
2024/25,Perth & Kinross,Kinnoull Primary School,P7,Listening & Talking - % Meeting Level,80-90%
2024/25,Perth & Kinross,Kinnoull Primary School,P7,Numeracy - % Meeting Level,80-90%
2024/25,Perth & Kinross,Kinnoull Primary School,P7,Reading - % Meeting Level,80-90%
2024/25,Perth & Kinross,Kinnoull Primary School,P7,Writing - % Meeting Level,70-80%
2024/25,Perth & Kinross,Kinross Primary School,P1,Listening & Talking - % Meeting Level,90+%
2024/25,Perth & Kinross,Kinross Primary School,P1,Numeracy - % Meeting Level,80-90%
2024/25,Perth & Kinross,Kinross Primary School,P1,Reading - % Meeting Level,80-90%
2024/25,Perth & Kinross,Kinross Primary School,P1,Writing - % Meeting Level,80-90%
2024/25,Perth & Kinross,Kinross Primary School,"P1, P4 & P7 combined",Listening & Talking - % Meeting Level,90+%
2024/25,Perth & Kinross,Kinross Primary School,"P1, P4 & P7 combined",Numeracy - % Meeting Level,80-90%
2024/25,Perth & Kinross,Kinross Primary School,"P1, P4 & P7 combined",Reading - % Meeting Level,80-90%
2024/25,Perth & Kinross,Kinross Primary School,"P1, P4 & P7 combined",Writing - % Meeting Level,80-90%
2024/25,Perth & Kinross,Kinross Primary School,P4,Listening & Talking - % Meeting Level,90+%
2024/25,Perth & Kinross,Kinross Primary School,P4,Numeracy - % Meeting Level,80-90%
2024/25,Perth & Kinross,Kinross Primary School,P4,Reading - % Meeting Level,80-90%
2024/25,Perth & Kinross,Kinross Primary School,P4,Writing - % Meeting Level,80-90%
2024/25,Perth & Kinross,Kinross Primary School,P7,Listening & Talking - % Meeting Level,90+%
2024/25,Perth & Kinross,Kinross Primary School,P7,Numeracy - % Meeting Level,70-80%
2024/25,Perth & Kinross,Kinross Primary School,P7,Reading - % Meeting Level,80-90%
2024/25,Perth & Kinross,Kinross Primary School,P7,Writing - % Meeting Level,70-80%
2024/25,Perth & Kinross,Kirkmichael Primary School,P1,Listening & Talking - % Meeting Level,c
2024/25,Perth & Kinross,Kirkmichael Primary School,P1,Numeracy - % Meeting Level,c
2024/25,Perth & Kinross,Kirkmichael Primary School,P1,Reading - % Meeting Level,c
2024/25,Perth & Kinross,Kirkmichael Primary School,P1,Writing - % Meeting Level,c
2024/25,Perth & Kinross,Kirkmichael Primary School,"P1, P4 & P7 combined",Listening & Talking - % Meeting Level,c
2024/25,Perth & Kinross,Kirkmichael Primary School,"P1, P4 & P7 combined",Numeracy - % Meeting Level,c
2024/25,Perth & Kinross,Kirkmichael Primary School,"P1, P4 & P7 combined",Reading - % Meeting Level,c
2024/25,Perth & Kinross,Kirkmichael Primary School,"P1, P4 & P7 combined",Writing - % Meeting Level,c
2024/25,Perth & Kinross,Kirkmichael Primary School,P4,Listening & Talking - % Meeting Level,c
2024/25,Perth & Kinross,Kirkmichael Primary School,P4,Numeracy - % Meeting Level,c
2024/25,Perth & Kinross,Kirkmichael Primary School,P4,Reading - % Meeting Level,c
2024/25,Perth & Kinross,Kirkmichael Primary School,P4,Writing - % Meeting Level,c
2024/25,Perth & Kinross,Kirkmichael Primary School,P7,Listening & Talking - % Meeting Level,c
2024/25,Perth & Kinross,Kirkmichael Primary School,P7,Numeracy - % Meeting Level,c
2024/25,Perth & Kinross,Kirkmichael Primary School,P7,Reading - % Meeting Level,c
2024/25,Perth & Kinross,Kirkmichael Primary School,P7,Writing - % Meeting Level,c
2024/25,Perth & Kinross,Letham Primary School,P1,Listening & Talking - % Meeting Level,80-90%
2024/25,Perth & Kinross,Letham Primary School,P1,Numeracy - % Meeting Level,80-90%
2024/25,Perth & Kinross,Letham Primary School,P1,Reading - % Meeting Level,70-80%
2024/25,Perth & Kinross,Letham Primary School,P1,Writing - % Meeting Level,70-80%
2024/25,Perth & Kinross,Letham Primary School,"P1, P4 & P7 combined",Listening & Talking - % Meeting Level,80-90%
2024/25,Perth & Kinross,Letham Primary School,"P1, P4 & P7 combined",Numeracy - % Meeting Level,60-70%
2024/25,Perth & Kinross,Letham Primary School,"P1, P4 & P7 combined",Reading - % Meeting Level,70-80%
2024/25,Perth & Kinross,Letham Primary School,"P1, P4 & P7 combined",Writing - % Meeting Level,60-70%
2024/25,Perth & Kinross,Letham Primary School,P4,Listening & Talking - % Meeting Level,80-90%
2024/25,Perth & Kinross,Letham Primary School,P4,Numeracy - % Meeting Level,40-50%
2024/25,Perth & Kinross,Letham Primary School,P4,Reading - % Meeting Level,70-80%
2024/25,Perth & Kinross,Letham Primary School,P4,Writing - % Meeting Level,40-50%
2024/25,Perth & Kinross,Letham Primary School,P7,Listening & Talking - % Meeting Level,80-90%
2024/25,Perth & Kinross,Letham Primary School,P7,Numeracy - % Meeting Level,70-80%
2024/25,Perth & Kinross,Letham Primary School,P7,Reading - % Meeting Level,80-90%
2024/25,Perth & Kinross,Letham Primary School,P7,Writing - % Meeting Level,60-70%
2024/25,Perth & Kinross,Logiealmond Primary School,P1,Listening & Talking - % Meeting Level,c
2024/25,Perth & Kinross,Logiealmond Primary School,P1,Numeracy - % Meeting Level,c
2024/25,Perth & Kinross,Logiealmond Primary School,P1,Reading - % Meeting Level,c
2024/25,Perth & Kinross,Logiealmond Primary School,P1,Writing - % Meeting Level,c
2024/25,Perth & Kinross,Logiealmond Primary School,"P1, P4 & P7 combined",Listening & Talking - % Meeting Level,c
2024/25,Perth & Kinross,Logiealmond Primary School,"P1, P4 & P7 combined",Numeracy - % Meeting Level,c
2024/25,Perth & Kinross,Logiealmond Primary School,"P1, P4 & P7 combined",Reading - % Meeting Level,c
2024/25,Perth & Kinross,Logiealmond Primary School,"P1, P4 & P7 combined",Writing - % Meeting Level,c
2024/25,Perth & Kinross,Logiealmond Primary School,P4,Listening & Talking - % Meeting Level,c
2024/25,Perth & Kinross,Logiealmond Primary School,P4,Numeracy - % Meeting Level,c
2024/25,Perth & Kinross,Logiealmond Primary School,P4,Reading - % Meeting Level,c
2024/25,Perth & Kinross,Logiealmond Primary School,P4,Writing - % Meeting Level,c
2024/25,Perth & Kinross,Logiealmond Primary School,P7,Listening & Talking - % Meeting Level,c
2024/25,Perth & Kinross,Logiealmond Primary School,P7,Numeracy - % Meeting Level,c
2024/25,Perth & Kinross,Logiealmond Primary School,P7,Reading - % Meeting Level,c
2024/25,Perth & Kinross,Logiealmond Primary School,P7,Writing - % Meeting Level,c
2024/25,Perth & Kinross,Logierait Primary School,P1,Listening & Talking - % Meeting Level,c
2024/25,Perth & Kinross,Logierait Primary School,P1,Numeracy - % Meeting Level,c
2024/25,Perth & Kinross,Logierait Primary School,P1,Reading - % Meeting Level,c
2024/25,Perth & Kinross,Logierait Primary School,P1,Writing - % Meeting Level,c
2024/25,Perth & Kinross,Logierait Primary School,"P1, P4 & P7 combined",Listening & Talking - % Meeting Level,c
2024/25,Perth & Kinross,Logierait Primary School,"P1, P4 & P7 combined",Numeracy - % Meeting Level,c
2024/25,Perth & Kinross,Logierait Primary School,"P1, P4 & P7 combined",Reading - % Meeting Level,c
2024/25,Perth & Kinross,Logierait Primary School,"P1, P4 & P7 combined",Writing - % Meeting Level,c
2024/25,Perth & Kinross,Logierait Primary School,P4,Listening & Talking - % Meeting Level,c
2024/25,Perth & Kinross,Logierait Primary School,P4,Numeracy - % Meeting Level,c
2024/25,Perth & Kinross,Logierait Primary School,P4,Reading - % Meeting Level,c
2024/25,Perth & Kinross,Logierait Primary School,P4,Writing - % Meeting Level,c
2024/25,Perth & Kinross,Logierait Primary School,P7,Listening & Talking - % Meeting Level,c
2024/25,Perth & Kinross,Logierait Primary School,P7,Numeracy - % Meeting Level,c
2024/25,Perth & Kinross,Logierait Primary School,P7,Reading - % Meeting Level,c
2024/25,Perth & Kinross,Logierait Primary School,P7,Writing - % Meeting Level,c
2024/25,Perth & Kinross,Longforgan Primary School,P1,Listening & Talking - % Meeting Level,c
2024/25,Perth & Kinross,Longforgan Primary School,P1,Numeracy - % Meeting Level,c
2024/25,Perth & Kinross,Longforgan Primary School,P1,Reading - % Meeting Level,c
2024/25,Perth & Kinross,Longforgan Primary School,P1,Writing - % Meeting Level,c
2024/25,Perth & Kinross,Longforgan Primary School,"P1, P4 & P7 combined",Listening & Talking - % Meeting Level,90+%
2024/25,Perth & Kinross,Longforgan Primary School,"P1, P4 & P7 combined",Numeracy - % Meeting Level,90+%
2024/25,Perth & Kinross,Longforgan Primary School,"P1, P4 & P7 combined",Reading - % Meeting Level,90+%
2024/25,Perth & Kinross,Longforgan Primary School,"P1, P4 & P7 combined",Writing - % Meeting Level,90+%
2024/25,Perth & Kinross,Longforgan Primary School,P4,Listening & Talking - % Meeting Level,c
2024/25,Perth & Kinross,Longforgan Primary School,P4,Numeracy - % Meeting Level,c
2024/25,Perth & Kinross,Longforgan Primary School,P4,Reading - % Meeting Level,c
2024/25,Perth & Kinross,Longforgan Primary School,P4,Writing - % Meeting Level,c
2024/25,Perth & Kinross,Longforgan Primary School,P7,Listening & Talking - % Meeting Level,c
2024/25,Perth & Kinross,Longforgan Primary School,P7,Numeracy - % Meeting Level,c
2024/25,Perth & Kinross,Longforgan Primary School,P7,Reading - % Meeting Level,c
2024/25,Perth & Kinross,Longforgan Primary School,P7,Writing - % Meeting Level,c
2024/25,Perth & Kinross,Luncarty Primary School,P1,Listening & Talking - % Meeting Level,c
2024/25,Perth & Kinross,Luncarty Primary School,P1,Numeracy - % Meeting Level,c
2024/25,Perth & Kinross,Luncarty Primary School,P1,Reading - % Meeting Level,c
2024/25,Perth & Kinross,Luncarty Primary School,P1,Writing - % Meeting Level,c
2024/25,Perth & Kinross,Luncarty Primary School,"P1, P4 & P7 combined",Listening & Talking - % Meeting Level,90+%
2024/25,Perth & Kinross,Luncarty Primary School,"P1, P4 & P7 combined",Numeracy - % Meeting Level,90+%
2024/25,Perth & Kinross,Luncarty Primary School,"P1, P4 & P7 combined",Reading - % Meeting Level,90+%
2024/25,Perth & Kinross,Luncarty Primary School,"P1, P4 & P7 combined",Writing - % Meeting Level,80-90%
2024/25,Perth & Kinross,Luncarty Primary School,P4,Listening & Talking - % Meeting Level,c
2024/25,Perth & Kinross,Luncarty Primary School,P4,Numeracy - % Meeting Level,c
2024/25,Perth & Kinross,Luncarty Primary School,P4,Reading - % Meeting Level,c
2024/25,Perth & Kinross,Luncarty Primary School,P4,Writing - % Meeting Level,c
2024/25,Perth & Kinross,Luncarty Primary School,P7,Listening & Talking - % Meeting Level,c
2024/25,Perth & Kinross,Luncarty Primary School,P7,Numeracy - % Meeting Level,c
2024/25,Perth & Kinross,Luncarty Primary School,P7,Reading - % Meeting Level,c
2024/25,Perth & Kinross,Luncarty Primary School,P7,Writing - % Meeting Level,c
2024/25,Perth & Kinross,Madderty Primary School,P1,Listening & Talking - % Meeting Level,c
2024/25,Perth & Kinross,Madderty Primary School,P1,Numeracy - % Meeting Level,c
2024/25,Perth & Kinross,Madderty Primary School,P1,Reading - % Meeting Level,c
2024/25,Perth & Kinross,Madderty Primary School,P1,Writing - % Meeting Level,c
2024/25,Perth & Kinross,Madderty Primary School,"P1, P4 & P7 combined",Listening & Talking - % Meeting Level,90+%
2024/25,Perth & Kinross,Madderty Primary School,"P1, P4 & P7 combined",Numeracy - % Meeting Level,80-90%
2024/25,Perth & Kinross,Madderty Primary School,"P1, P4 & P7 combined",Reading - % Meeting Level,90+%
2024/25,Perth & Kinross,Madderty Primary School,"P1, P4 & P7 combined",Writing - % Meeting Level,80-90%
2024/25,Perth & Kinross,Madderty Primary School,P4,Listening & Talking - % Meeting Level,c
2024/25,Perth & Kinross,Madderty Primary School,P4,Numeracy - % Meeting Level,c
2024/25,Perth & Kinross,Madderty Primary School,P4,Reading - % Meeting Level,c
2024/25,Perth & Kinross,Madderty Primary School,P4,Writing - % Meeting Level,c
2024/25,Perth & Kinross,Madderty Primary School,P7,Listening & Talking - % Meeting Level,c
2024/25,Perth & Kinross,Madderty Primary School,P7,Numeracy - % Meeting Level,c
2024/25,Perth & Kinross,Madderty Primary School,P7,Reading - % Meeting Level,c
2024/25,Perth & Kinross,Madderty Primary School,P7,Writing - % Meeting Level,c
2024/25,Perth & Kinross,Meigle Primary School,"P1, P4 & P7 combined",Listening & Talking - % Meeting Level,c
2024/25,Perth & Kinross,Meigle Primary School,"P1, P4 & P7 combined",Numeracy - % Meeting Level,c
2024/25,Perth & Kinross,Meigle Primary School,"P1, P4 & P7 combined",Reading - % Meeting Level,c
2024/25,Perth & Kinross,Meigle Primary School,"P1, P4 & P7 combined",Writing - % Meeting Level,c
2024/25,Perth & Kinross,Meigle Primary School,P4,Listening & Talking - % Meeting Level,c
2024/25,Perth & Kinross,Meigle Primary School,P4,Numeracy - % Meeting Level,c
2024/25,Perth & Kinross,Meigle Primary School,P4,Reading - % Meeting Level,c
2024/25,Perth & Kinross,Meigle Primary School,P4,Writing - % Meeting Level,c
2024/25,Perth & Kinross,Meigle Primary School,P7,Listening & Talking - % Meeting Level,c
2024/25,Perth & Kinross,Meigle Primary School,P7,Numeracy - % Meeting Level,c
2024/25,Perth & Kinross,Meigle Primary School,P7,Reading - % Meeting Level,c
2024/25,Perth & Kinross,Meigle Primary School,P7,Writing - % Meeting Level,c
2024/25,Perth & Kinross,Methven Primary School,P1,Listening & Talking - % Meeting Level,c
2024/25,Perth & Kinross,Methven Primary School,P1,Numeracy - % Meeting Level,c
2024/25,Perth & Kinross,Methven Primary School,P1,Reading - % Meeting Level,c
2024/25,Perth & Kinross,Methven Primary School,P1,Writing - % Meeting Level,c
2024/25,Perth & Kinross,Methven Primary School,"P1, P4 & P7 combined",Listening & Talking - % Meeting Level,90+%
2024/25,Perth & Kinross,Methven Primary School,"P1, P4 & P7 combined",Numeracy - % Meeting Level,70-80%
2024/25,Perth & Kinross,Methven Primary School,"P1, P4 & P7 combined",Reading - % Meeting Level,80-90%
2024/25,Perth & Kinross,Methven Primary School,"P1, P4 & P7 combined",Writing - % Meeting Level,70-80%
2024/25,Perth & Kinross,Methven Primary School,P4,Listening & Talking - % Meeting Level,c
2024/25,Perth & Kinross,Methven Primary School,P4,Numeracy - % Meeting Level,c
2024/25,Perth & Kinross,Methven Primary School,P4,Reading - % Meeting Level,c
2024/25,Perth & Kinross,Methven Primary School,P4,Writing - % Meeting Level,c
2024/25,Perth & Kinross,Methven Primary School,P7,Listening & Talking - % Meeting Level,c
2024/25,Perth & Kinross,Methven Primary School,P7,Numeracy - % Meeting Level,c
2024/25,Perth & Kinross,Methven Primary School,P7,Reading - % Meeting Level,c
2024/25,Perth & Kinross,Methven Primary School,P7,Writing - % Meeting Level,c
2024/25,Perth & Kinross,Milnathort Primary School,P1,Listening & Talking - % Meeting Level,90+%
2024/25,Perth & Kinross,Milnathort Primary School,P1,Numeracy - % Meeting Level,90+%
2024/25,Perth & Kinross,Milnathort Primary School,P1,Reading - % Meeting Level,90+%
2024/25,Perth & Kinross,Milnathort Primary School,P1,Writing - % Meeting Level,90+%
2024/25,Perth & Kinross,Milnathort Primary School,"P1, P4 & P7 combined",Listening & Talking - % Meeting Level,80-90%
2024/25,Perth & Kinross,Milnathort Primary School,"P1, P4 & P7 combined",Numeracy - % Meeting Level,70-80%
2024/25,Perth & Kinross,Milnathort Primary School,"P1, P4 & P7 combined",Reading - % Meeting Level,80-90%
2024/25,Perth & Kinross,Milnathort Primary School,"P1, P4 & P7 combined",Writing - % Meeting Level,70-80%
2024/25,Perth & Kinross,Milnathort Primary School,P4,Listening & Talking - % Meeting Level,80-90%
2024/25,Perth & Kinross,Milnathort Primary School,P4,Numeracy - % Meeting Level,60-70%
2024/25,Perth & Kinross,Milnathort Primary School,P4,Reading - % Meeting Level,70-80%
2024/25,Perth & Kinross,Milnathort Primary School,P4,Writing - % Meeting Level,60-70%
2024/25,Perth & Kinross,Milnathort Primary School,P7,Listening & Talking - % Meeting Level,80-90%
2024/25,Perth & Kinross,Milnathort Primary School,P7,Numeracy - % Meeting Level,70-80%
2024/25,Perth & Kinross,Milnathort Primary School,P7,Reading - % Meeting Level,80-90%
2024/25,Perth & Kinross,Milnathort Primary School,P7,Writing - % Meeting Level,70-80%
2024/25,Perth & Kinross,Moncreiffe Primary School,P1,Listening & Talking - % Meeting Level,c
2024/25,Perth & Kinross,Moncreiffe Primary School,P1,Numeracy - % Meeting Level,c
2024/25,Perth & Kinross,Moncreiffe Primary School,P1,Reading - % Meeting Level,c
2024/25,Perth & Kinross,Moncreiffe Primary School,P1,Writing - % Meeting Level,c
2024/25,Perth & Kinross,Moncreiffe Primary School,"P1, P4 & P7 combined",Listening & Talking - % Meeting Level,90+%
2024/25,Perth & Kinross,Moncreiffe Primary School,"P1, P4 & P7 combined",Numeracy - % Meeting Level,70-80%
2024/25,Perth & Kinross,Moncreiffe Primary School,"P1, P4 & P7 combined",Reading - % Meeting Level,80-90%
2024/25,Perth & Kinross,Moncreiffe Primary School,"P1, P4 & P7 combined",Writing - % Meeting Level,80-90%
2024/25,Perth & Kinross,Moncreiffe Primary School,P4,Listening & Talking - % Meeting Level,80-90%
2024/25,Perth & Kinross,Moncreiffe Primary School,P4,Numeracy - % Meeting Level,60-70%
2024/25,Perth & Kinross,Moncreiffe Primary School,P4,Reading - % Meeting Level,60-70%
2024/25,Perth & Kinross,Moncreiffe Primary School,P4,Writing - % Meeting Level,60-70%
2024/25,Perth & Kinross,Moncreiffe Primary School,P7,Listening & Talking - % Meeting Level,90+%
2024/25,Perth & Kinross,Moncreiffe Primary School,P7,Numeracy - % Meeting Level,80-90%
2024/25,Perth & Kinross,Moncreiffe Primary School,P7,Reading - % Meeting Level,90+%
2024/25,Perth & Kinross,Moncreiffe Primary School,P7,Writing - % Meeting Level,80-90%
2024/25,Perth & Kinross,Murthly Primary School,P1,Listening & Talking - % Meeting Level,c
2024/25,Perth & Kinross,Murthly Primary School,P1,Numeracy - % Meeting Level,c
2024/25,Perth & Kinross,Murthly Primary School,P1,Reading - % Meeting Level,c
2024/25,Perth & Kinross,Murthly Primary School,P1,Writing - % Meeting Level,c
2024/25,Perth & Kinross,Murthly Primary School,"P1, P4 & P7 combined",Listening & Talking - % Meeting Level,c
2024/25,Perth & Kinross,Murthly Primary School,"P1, P4 & P7 combined",Numeracy - % Meeting Level,c
2024/25,Perth & Kinross,Murthly Primary School,"P1, P4 & P7 combined",Reading - % Meeting Level,c
2024/25,Perth & Kinross,Murthly Primary School,"P1, P4 & P7 combined",Writing - % Meeting Level,c
2024/25,Perth & Kinross,Murthly Primary School,P4,Listening & Talking - % Meeting Level,c
2024/25,Perth & Kinross,Murthly Primary School,P4,Numeracy - % Meeting Level,c
2024/25,Perth & Kinross,Murthly Primary School,P4,Reading - % Meeting Level,c
2024/25,Perth & Kinross,Murthly Primary School,P4,Writing - % Meeting Level,c
2024/25,Perth & Kinross,Murthly Primary School,P7,Listening & Talking - % Meeting Level,c
2024/25,Perth & Kinross,Murthly Primary School,P7,Numeracy - % Meeting Level,c
2024/25,Perth & Kinross,Murthly Primary School,P7,Reading - % Meeting Level,c
2024/25,Perth & Kinross,Murthly Primary School,P7,Writing - % Meeting Level,c
2024/25,Perth & Kinross,Muthill Primary School,P1,Listening & Talking - % Meeting Level,c
2024/25,Perth & Kinross,Muthill Primary School,P1,Numeracy - % Meeting Level,c
2024/25,Perth & Kinross,Muthill Primary School,P1,Reading - % Meeting Level,c
2024/25,Perth & Kinross,Muthill Primary School,P1,Writing - % Meeting Level,c
2024/25,Perth & Kinross,Muthill Primary School,"P1, P4 & P7 combined",Listening & Talking - % Meeting Level,c
2024/25,Perth & Kinross,Muthill Primary School,"P1, P4 & P7 combined",Numeracy - % Meeting Level,c
2024/25,Perth & Kinross,Muthill Primary School,"P1, P4 & P7 combined",Reading - % Meeting Level,c
2024/25,Perth & Kinross,Muthill Primary School,"P1, P4 & P7 combined",Writing - % Meeting Level,c
2024/25,Perth & Kinross,Muthill Primary School,P4,Listening & Talking - % Meeting Level,c
2024/25,Perth & Kinross,Muthill Primary School,P4,Numeracy - % Meeting Level,c
2024/25,Perth & Kinross,Muthill Primary School,P4,Reading - % Meeting Level,c
2024/25,Perth & Kinross,Muthill Primary School,P4,Writing - % Meeting Level,c
2024/25,Perth & Kinross,Muthill Primary School,P7,Listening & Talking - % Meeting Level,c
2024/25,Perth & Kinross,Muthill Primary School,P7,Numeracy - % Meeting Level,c
2024/25,Perth & Kinross,Muthill Primary School,P7,Reading - % Meeting Level,c
2024/25,Perth & Kinross,Muthill Primary School,P7,Writing - % Meeting Level,c
2024/25,Perth & Kinross,Newhill Primary School,P1,Listening & Talking - % Meeting Level,80-90%
2024/25,Perth & Kinross,Newhill Primary School,P1,Numeracy - % Meeting Level,80-90%
2024/25,Perth & Kinross,Newhill Primary School,P1,Reading - % Meeting Level,70-80%
2024/25,Perth & Kinross,Newhill Primary School,P1,Writing - % Meeting Level,70-80%
2024/25,Perth & Kinross,Newhill Primary School,"P1, P4 & P7 combined",Listening & Talking - % Meeting Level,80-90%
2024/25,Perth & Kinross,Newhill Primary School,"P1, P4 & P7 combined",Numeracy - % Meeting Level,80-90%
2024/25,Perth & Kinross,Newhill Primary School,"P1, P4 & P7 combined",Reading - % Meeting Level,70-80%
2024/25,Perth & Kinross,Newhill Primary School,"P1, P4 & P7 combined",Writing - % Meeting Level,70-80%
2024/25,Perth & Kinross,Newhill Primary School,P4,Listening & Talking - % Meeting Level,90+%
2024/25,Perth & Kinross,Newhill Primary School,P4,Numeracy - % Meeting Level,80-90%
2024/25,Perth & Kinross,Newhill Primary School,P4,Reading - % Meeting Level,70-80%
2024/25,Perth & Kinross,Newhill Primary School,P4,Writing - % Meeting Level,70-80%
2024/25,Perth & Kinross,Newhill Primary School,P7,Listening & Talking - % Meeting Level,80-90%
2024/25,Perth & Kinross,Newhill Primary School,P7,Numeracy - % Meeting Level,70-80%
2024/25,Perth & Kinross,Newhill Primary School,P7,Reading - % Meeting Level,70-80%
2024/25,Perth & Kinross,Newhill Primary School,P7,Writing - % Meeting Level,60-70%
2024/25,Perth & Kinross,Oakbank Primary School,P1,Listening & Talking - % Meeting Level,90+%
2024/25,Perth & Kinross,Oakbank Primary School,P1,Numeracy - % Meeting Level,90+%
2024/25,Perth & Kinross,Oakbank Primary School,P1,Reading - % Meeting Level,80-90%
2024/25,Perth & Kinross,Oakbank Primary School,P1,Writing - % Meeting Level,70-80%
2024/25,Perth & Kinross,Oakbank Primary School,"P1, P4 & P7 combined",Listening & Talking - % Meeting Level,90+%
2024/25,Perth & Kinross,Oakbank Primary School,"P1, P4 & P7 combined",Numeracy - % Meeting Level,80-90%
2024/25,Perth & Kinross,Oakbank Primary School,"P1, P4 & P7 combined",Reading - % Meeting Level,80-90%
2024/25,Perth & Kinross,Oakbank Primary School,"P1, P4 & P7 combined",Writing - % Meeting Level,80-90%
2024/25,Perth & Kinross,Oakbank Primary School,P4,Listening & Talking - % Meeting Level,80-90%
2024/25,Perth & Kinross,Oakbank Primary School,P4,Numeracy - % Meeting Level,80-90%
2024/25,Perth & Kinross,Oakbank Primary School,P4,Reading - % Meeting Level,80-90%
2024/25,Perth & Kinross,Oakbank Primary School,P4,Writing - % Meeting Level,70-80%
2024/25,Perth & Kinross,Oakbank Primary School,P7,Listening & Talking - % Meeting Level,90+%
2024/25,Perth & Kinross,Oakbank Primary School,P7,Numeracy - % Meeting Level,80-90%
2024/25,Perth & Kinross,Oakbank Primary School,P7,Reading - % Meeting Level,90+%
2024/25,Perth & Kinross,Oakbank Primary School,P7,Writing - % Meeting Level,80-90%
2024/25,Perth & Kinross,Our Lady's RC Primary School,P1,Listening & Talking - % Meeting Level,80-90%
2024/25,Perth & Kinross,Our Lady's RC Primary School,P1,Numeracy - % Meeting Level,80-90%
2024/25,Perth & Kinross,Our Lady's RC Primary School,P1,Reading - % Meeting Level,80-90%
2024/25,Perth & Kinross,Our Lady's RC Primary School,P1,Writing - % Meeting Level,70-80%
2024/25,Perth & Kinross,Our Lady's RC Primary School,"P1, P4 & P7 combined",Listening & Talking - % Meeting Level,80-90%
2024/25,Perth & Kinross,Our Lady's RC Primary School,"P1, P4 & P7 combined",Numeracy - % Meeting Level,70-80%
2024/25,Perth & Kinross,Our Lady's RC Primary School,"P1, P4 & P7 combined",Reading - % Meeting Level,80-90%
2024/25,Perth & Kinross,Our Lady's RC Primary School,"P1, P4 & P7 combined",Writing - % Meeting Level,70-80%
2024/25,Perth & Kinross,Our Lady's RC Primary School,P4,Listening & Talking - % Meeting Level,80-90%
2024/25,Perth & Kinross,Our Lady's RC Primary School,P4,Numeracy - % Meeting Level,80-90%
2024/25,Perth & Kinross,Our Lady's RC Primary School,P4,Reading - % Meeting Level,80-90%
2024/25,Perth & Kinross,Our Lady's RC Primary School,P4,Writing - % Meeting Level,80-90%
2024/25,Perth & Kinross,Our Lady's RC Primary School,P7,Listening & Talking - % Meeting Level,80-90%
2024/25,Perth & Kinross,Our Lady's RC Primary School,P7,Numeracy - % Meeting Level,70-80%
2024/25,Perth & Kinross,Our Lady's RC Primary School,P7,Reading - % Meeting Level,80-90%
2024/25,Perth & Kinross,Our Lady's RC Primary School,P7,Writing - % Meeting Level,70-80%
2024/25,Perth & Kinross,Pitcairn Primary School,P1,Listening & Talking - % Meeting Level,c
2024/25,Perth & Kinross,Pitcairn Primary School,P1,Numeracy - % Meeting Level,c
2024/25,Perth & Kinross,Pitcairn Primary School,P1,Reading - % Meeting Level,c
2024/25,Perth & Kinross,Pitcairn Primary School,P1,Writing - % Meeting Level,c
2024/25,Perth & Kinross,Pitcairn Primary School,"P1, P4 & P7 combined",Listening & Talking - % Meeting Level,90+%
2024/25,Perth & Kinross,Pitcairn Primary School,"P1, P4 & P7 combined",Numeracy - % Meeting Level,80-90%
2024/25,Perth & Kinross,Pitcairn Primary School,"P1, P4 & P7 combined",Reading - % Meeting Level,70-80%
2024/25,Perth & Kinross,Pitcairn Primary School,"P1, P4 & P7 combined",Writing - % Meeting Level,70-80%
2024/25,Perth & Kinross,Pitcairn Primary School,P4,Listening & Talking - % Meeting Level,c
2024/25,Perth & Kinross,Pitcairn Primary School,P4,Numeracy - % Meeting Level,c
2024/25,Perth & Kinross,Pitcairn Primary School,P4,Reading - % Meeting Level,c
2024/25,Perth & Kinross,Pitcairn Primary School,P4,Writing - % Meeting Level,c
2024/25,Perth & Kinross,Pitcairn Primary School,P7,Listening & Talking - % Meeting Level,c
2024/25,Perth & Kinross,Pitcairn Primary School,P7,Numeracy - % Meeting Level,c
2024/25,Perth & Kinross,Pitcairn Primary School,P7,Reading - % Meeting Level,c
2024/25,Perth & Kinross,Pitcairn Primary School,P7,Writing - % Meeting Level,c
2024/25,Perth & Kinross,Pitlochry High School,P1,Listening & Talking - % Meeting Level,80-90%
2024/25,Perth & Kinross,Pitlochry High School,P1,Numeracy - % Meeting Level,70-80%
2024/25,Perth & Kinross,Pitlochry High School,P1,Reading - % Meeting Level,80-90%
2024/25,Perth & Kinross,Pitlochry High School,P1,Writing - % Meeting Level,80-90%
2024/25,Perth & Kinross,Pitlochry High School,"P1, P4 & P7 combined",Listening & Talking - % Meeting Level,90+%
2024/25,Perth & Kinross,Pitlochry High School,"P1, P4 & P7 combined",Numeracy - % Meeting Level,80-90%
2024/25,Perth & Kinross,Pitlochry High School,"P1, P4 & P7 combined",Reading - % Meeting Level,90+%
2024/25,Perth & Kinross,Pitlochry High School,"P1, P4 & P7 combined",Writing - % Meeting Level,80-90%
2024/25,Perth & Kinross,Pitlochry High School,P4,Listening & Talking - % Meeting Level,c
2024/25,Perth & Kinross,Pitlochry High School,P4,Numeracy - % Meeting Level,c
2024/25,Perth & Kinross,Pitlochry High School,P4,Reading - % Meeting Level,c
2024/25,Perth & Kinross,Pitlochry High School,P4,Writing - % Meeting Level,c
2024/25,Perth & Kinross,Pitlochry High School,P7,Listening & Talking - % Meeting Level,90+%
2024/25,Perth & Kinross,Pitlochry High School,P7,Numeracy - % Meeting Level,90+%
2024/25,Perth & Kinross,Pitlochry High School,P7,Reading - % Meeting Level,90+%
2024/25,Perth & Kinross,Pitlochry High School,P7,Writing - % Meeting Level,90+%
2024/25,Perth & Kinross,Portmoak Primary School,P1,Listening & Talking - % Meeting Level,c
2024/25,Perth & Kinross,Portmoak Primary School,P1,Numeracy - % Meeting Level,c
2024/25,Perth & Kinross,Portmoak Primary School,P1,Reading - % Meeting Level,c
2024/25,Perth & Kinross,Portmoak Primary School,P1,Writing - % Meeting Level,c
2024/25,Perth & Kinross,Portmoak Primary School,"P1, P4 & P7 combined",Listening & Talking - % Meeting Level,90+%
2024/25,Perth & Kinross,Portmoak Primary School,"P1, P4 & P7 combined",Numeracy - % Meeting Level,90+%
2024/25,Perth & Kinross,Portmoak Primary School,"P1, P4 & P7 combined",Reading - % Meeting Level,90+%
2024/25,Perth & Kinross,Portmoak Primary School,"P1, P4 & P7 combined",Writing - % Meeting Level,80-90%
2024/25,Perth & Kinross,Portmoak Primary School,P4,Listening & Talking - % Meeting Level,90+%
2024/25,Perth & Kinross,Portmoak Primary School,P4,Numeracy - % Meeting Level,90+%
2024/25,Perth & Kinross,Portmoak Primary School,P4,Reading - % Meeting Level,90+%
2024/25,Perth & Kinross,Portmoak Primary School,P4,Writing - % Meeting Level,80-90%
2024/25,Perth & Kinross,Portmoak Primary School,P7,Listening & Talking - % Meeting Level,c
2024/25,Perth & Kinross,Portmoak Primary School,P7,Numeracy - % Meeting Level,c
2024/25,Perth & Kinross,Portmoak Primary School,P7,Reading - % Meeting Level,c
2024/25,Perth & Kinross,Portmoak Primary School,P7,Writing - % Meeting Level,c
2024/25,Perth & Kinross,Rattray Primary School,P1,Listening & Talking - % Meeting Level,80-90%
2024/25,Perth & Kinross,Rattray Primary School,P1,Numeracy - % Meeting Level,80-90%
2024/25,Perth & Kinross,Rattray Primary School,P1,Reading - % Meeting Level,80-90%
2024/25,Perth & Kinross,Rattray Primary School,P1,Writing - % Meeting Level,80-90%
2024/25,Perth & Kinross,Rattray Primary School,"P1, P4 & P7 combined",Listening & Talking - % Meeting Level,80-90%
2024/25,Perth & Kinross,Rattray Primary School,"P1, P4 & P7 combined",Numeracy - % Meeting Level,70-80%
2024/25,Perth & Kinross,Rattray Primary School,"P1, P4 & P7 combined",Reading - % Meeting Level,80-90%
2024/25,Perth & Kinross,Rattray Primary School,"P1, P4 & P7 combined",Writing - % Meeting Level,70-80%
2024/25,Perth & Kinross,Rattray Primary School,P4,Listening & Talking - % Meeting Level,80-90%
2024/25,Perth & Kinross,Rattray Primary School,P4,Numeracy - % Meeting Level,70-80%
2024/25,Perth & Kinross,Rattray Primary School,P4,Reading - % Meeting Level,80-90%
2024/25,Perth & Kinross,Rattray Primary School,P4,Writing - % Meeting Level,70-80%
2024/25,Perth & Kinross,Rattray Primary School,P7,Listening & Talking - % Meeting Level,90+%
2024/25,Perth & Kinross,Rattray Primary School,P7,Numeracy - % Meeting Level,70-80%
2024/25,Perth & Kinross,Rattray Primary School,P7,Reading - % Meeting Level,80-90%
2024/25,Perth & Kinross,Rattray Primary School,P7,Writing - % Meeting Level,70-80%
2024/25,Perth & Kinross,Riverside Primary School,P1,Listening & Talking - % Meeting Level,60-70%
2024/25,Perth & Kinross,Riverside Primary School,P1,Numeracy - % Meeting Level,60-70%
2024/25,Perth & Kinross,Riverside Primary School,P1,Reading - % Meeting Level,50-60%
2024/25,Perth & Kinross,Riverside Primary School,P1,Writing - % Meeting Level,50-60%
2024/25,Perth & Kinross,Riverside Primary School,"P1, P4 & P7 combined",Listening & Talking - % Meeting Level,60-70%
2024/25,Perth & Kinross,Riverside Primary School,"P1, P4 & P7 combined",Numeracy - % Meeting Level,60-70%
2024/25,Perth & Kinross,Riverside Primary School,"P1, P4 & P7 combined",Reading - % Meeting Level,60-70%
2024/25,Perth & Kinross,Riverside Primary School,"P1, P4 & P7 combined",Writing - % Meeting Level,50-60%
2024/25,Perth & Kinross,Riverside Primary School,P4,Listening & Talking - % Meeting Level,60-70%
2024/25,Perth & Kinross,Riverside Primary School,P4,Numeracy - % Meeting Level,50-60%
2024/25,Perth & Kinross,Riverside Primary School,P4,Reading - % Meeting Level,60-70%
2024/25,Perth & Kinross,Riverside Primary School,P4,Writing - % Meeting Level,50-60%
2024/25,Perth & Kinross,Riverside Primary School,P7,Listening & Talking - % Meeting Level,70-80%
2024/25,Perth & Kinross,Riverside Primary School,P7,Numeracy - % Meeting Level,70-80%
2024/25,Perth & Kinross,Riverside Primary School,P7,Reading - % Meeting Level,60-70%
2024/25,Perth & Kinross,Riverside Primary School,P7,Writing - % Meeting Level,60-70%
2024/25,Perth & Kinross,Robert Douglas Memorial Primary School,P1,Listening & Talking - % Meeting Level,70-80%
2024/25,Perth & Kinross,Robert Douglas Memorial Primary School,P1,Numeracy - % Meeting Level,70-80%
2024/25,Perth & Kinross,Robert Douglas Memorial Primary School,P1,Reading - % Meeting Level,70-80%
2024/25,Perth & Kinross,Robert Douglas Memorial Primary School,P1,Writing - % Meeting Level,70-80%
2024/25,Perth & Kinross,Robert Douglas Memorial Primary School,"P1, P4 & P7 combined",Listening & Talking - % Meeting Level,80-90%
2024/25,Perth & Kinross,Robert Douglas Memorial Primary School,"P1, P4 & P7 combined",Numeracy - % Meeting Level,70-80%
2024/25,Perth & Kinross,Robert Douglas Memorial Primary School,"P1, P4 & P7 combined",Reading - % Meeting Level,70-80%
2024/25,Perth & Kinross,Robert Douglas Memorial Primary School,"P1, P4 & P7 combined",Writing - % Meeting Level,70-80%
2024/25,Perth & Kinross,Robert Douglas Memorial Primary School,P4,Listening & Talking - % Meeting Level,80-90%
2024/25,Perth & Kinross,Robert Douglas Memorial Primary School,P4,Numeracy - % Meeting Level,80-90%
2024/25,Perth & Kinross,Robert Douglas Memorial Primary School,P4,Reading - % Meeting Level,70-80%
2024/25,Perth & Kinross,Robert Douglas Memorial Primary School,P4,Writing - % Meeting Level,70-80%
2024/25,Perth & Kinross,Robert Douglas Memorial Primary School,P7,Listening & Talking - % Meeting Level,80-90%
2024/25,Perth & Kinross,Robert Douglas Memorial Primary School,P7,Numeracy - % Meeting Level,70-80%
2024/25,Perth & Kinross,Robert Douglas Memorial Primary School,P7,Reading - % Meeting Level,70-80%
2024/25,Perth & Kinross,Robert Douglas Memorial Primary School,P7,Writing - % Meeting Level,70-80%
2024/25,Perth & Kinross,Royal School Of Dunkeld Primary School,P1,Listening & Talking - % Meeting Level,c
2024/25,Perth & Kinross,Royal School Of Dunkeld Primary School,P1,Numeracy - % Meeting Level,c
2024/25,Perth & Kinross,Royal School Of Dunkeld Primary School,P1,Reading - % Meeting Level,c
2024/25,Perth & Kinross,Royal School Of Dunkeld Primary School,P1,Writing - % Meeting Level,c
2024/25,Perth & Kinross,Royal School Of Dunkeld Primary School,"P1, P4 & P7 combined",Listening & Talking - % Meeting Level,90+%
2024/25,Perth & Kinross,Royal School Of Dunkeld Primary School,"P1, P4 & P7 combined",Numeracy - % Meeting Level,80-90%
2024/25,Perth & Kinross,Royal School Of Dunkeld Primary School,"P1, P4 & P7 combined",Reading - % Meeting Level,80-90%
2024/25,Perth & Kinross,Royal School Of Dunkeld Primary School,"P1, P4 & P7 combined",Writing - % Meeting Level,70-80%
2024/25,Perth & Kinross,Royal School Of Dunkeld Primary School,P4,Listening & Talking - % Meeting Level,c
2024/25,Perth & Kinross,Royal School Of Dunkeld Primary School,P4,Numeracy - % Meeting Level,c
2024/25,Perth & Kinross,Royal School Of Dunkeld Primary School,P4,Reading - % Meeting Level,c
2024/25,Perth & Kinross,Royal School Of Dunkeld Primary School,P4,Writing - % Meeting Level,c
2024/25,Perth & Kinross,Royal School Of Dunkeld Primary School,P7,Listening & Talking - % Meeting Level,c
2024/25,Perth & Kinross,Royal School Of Dunkeld Primary School,P7,Numeracy - % Meeting Level,c
2024/25,Perth & Kinross,Royal School Of Dunkeld Primary School,P7,Reading - % Meeting Level,c
2024/25,Perth & Kinross,Royal School Of Dunkeld Primary School,P7,Writing - % Meeting Level,c
2024/25,Perth & Kinross,Ruthvenfield Primary School,P1,Listening & Talking - % Meeting Level,c
2024/25,Perth & Kinross,Ruthvenfield Primary School,P1,Numeracy - % Meeting Level,c
2024/25,Perth & Kinross,Ruthvenfield Primary School,P1,Reading - % Meeting Level,c
2024/25,Perth & Kinross,Ruthvenfield Primary School,P1,Writing - % Meeting Level,c
2024/25,Perth & Kinross,Ruthvenfield Primary School,"P1, P4 & P7 combined",Listening & Talking - % Meeting Level,80-90%
2024/25,Perth & Kinross,Ruthvenfield Primary School,"P1, P4 & P7 combined",Numeracy - % Meeting Level,60-70%
2024/25,Perth & Kinross,Ruthvenfield Primary School,"P1, P4 & P7 combined",Reading - % Meeting Level,70-80%
2024/25,Perth & Kinross,Ruthvenfield Primary School,"P1, P4 & P7 combined",Writing - % Meeting Level,70-80%
2024/25,Perth & Kinross,Ruthvenfield Primary School,P4,Listening & Talking - % Meeting Level,c
2024/25,Perth & Kinross,Ruthvenfield Primary School,P4,Numeracy - % Meeting Level,c
2024/25,Perth & Kinross,Ruthvenfield Primary School,P4,Reading - % Meeting Level,c
2024/25,Perth & Kinross,Ruthvenfield Primary School,P4,Writing - % Meeting Level,c
2024/25,Perth & Kinross,Ruthvenfield Primary School,P7,Listening & Talking - % Meeting Level,c
2024/25,Perth & Kinross,Ruthvenfield Primary School,P7,Numeracy - % Meeting Level,c
2024/25,Perth & Kinross,Ruthvenfield Primary School,P7,Reading - % Meeting Level,c
2024/25,Perth & Kinross,Ruthvenfield Primary School,P7,Writing - % Meeting Level,c
2024/25,Perth & Kinross,St Dominic's RC Primary School,P1,Listening & Talking - % Meeting Level,c
2024/25,Perth & Kinross,St Dominic's RC Primary School,P1,Numeracy - % Meeting Level,c
2024/25,Perth & Kinross,St Dominic's RC Primary School,P1,Reading - % Meeting Level,c
2024/25,Perth & Kinross,St Dominic's RC Primary School,P1,Writing - % Meeting Level,c
2024/25,Perth & Kinross,St Dominic's RC Primary School,"P1, P4 & P7 combined",Listening & Talking - % Meeting Level,90+%
2024/25,Perth & Kinross,St Dominic's RC Primary School,"P1, P4 & P7 combined",Numeracy - % Meeting Level,90+%
2024/25,Perth & Kinross,St Dominic's RC Primary School,"P1, P4 & P7 combined",Reading - % Meeting Level,90+%
2024/25,Perth & Kinross,St Dominic's RC Primary School,"P1, P4 & P7 combined",Writing - % Meeting Level,90+%
2024/25,Perth & Kinross,St Dominic's RC Primary School,P4,Listening & Talking - % Meeting Level,c
2024/25,Perth & Kinross,St Dominic's RC Primary School,P4,Numeracy - % Meeting Level,c
2024/25,Perth & Kinross,St Dominic's RC Primary School,P4,Reading - % Meeting Level,c
2024/25,Perth & Kinross,St Dominic's RC Primary School,P4,Writing - % Meeting Level,c
2024/25,Perth & Kinross,St Dominic's RC Primary School,P7,Listening & Talking - % Meeting Level,90+%
2024/25,Perth & Kinross,St Dominic's RC Primary School,P7,Numeracy - % Meeting Level,90+%
2024/25,Perth & Kinross,St Dominic's RC Primary School,P7,Reading - % Meeting Level,90+%
2024/25,Perth & Kinross,St Dominic's RC Primary School,P7,Writing - % Meeting Level,90+%
2024/25,Perth & Kinross,St John's RC Academy,P1,Listening & Talking - % Meeting Level,90+%
2024/25,Perth & Kinross,St John's RC Academy,P1,Numeracy - % Meeting Level,80-90%
2024/25,Perth & Kinross,St John's RC Academy,P1,Reading - % Meeting Level,70-80%
2024/25,Perth & Kinross,St John's RC Academy,P1,Writing - % Meeting Level,70-80%
2024/25,Perth & Kinross,St John's RC Academy,"P1, P4 & P7 combined",Listening & Talking - % Meeting Level,90+%
2024/25,Perth & Kinross,St John's RC Academy,"P1, P4 & P7 combined",Numeracy - % Meeting Level,80-90%
2024/25,Perth & Kinross,St John's RC Academy,"P1, P4 & P7 combined",Reading - % Meeting Level,70-80%
2024/25,Perth & Kinross,St John's RC Academy,"P1, P4 & P7 combined",Writing - % Meeting Level,70-80%
2024/25,Perth & Kinross,St John's RC Academy,P4,Listening & Talking - % Meeting Level,90+%
2024/25,Perth & Kinross,St John's RC Academy,P4,Numeracy - % Meeting Level,80-90%
2024/25,Perth & Kinross,St John's RC Academy,P4,Reading - % Meeting Level,80-90%
2024/25,Perth & Kinross,St John's RC Academy,P4,Writing - % Meeting Level,70-80%
2024/25,Perth & Kinross,St John's RC Academy,P7,Listening & Talking - % Meeting Level,90+%
2024/25,Perth & Kinross,St John's RC Academy,P7,Numeracy - % Meeting Level,70-80%
2024/25,Perth & Kinross,St John's RC Academy,P7,Reading - % Meeting Level,80-90%
2024/25,Perth & Kinross,St John's RC Academy,P7,Writing - % Meeting Level,70-80%
2024/25,Perth & Kinross,St Madoes Primary School,P1,Listening & Talking - % Meeting Level,c
2024/25,Perth & Kinross,St Madoes Primary School,P1,Numeracy - % Meeting Level,c
2024/25,Perth & Kinross,St Madoes Primary School,P1,Reading - % Meeting Level,c
2024/25,Perth & Kinross,St Madoes Primary School,P1,Writing - % Meeting Level,c
2024/25,Perth & Kinross,St Madoes Primary School,"P1, P4 & P7 combined",Listening & Talking - % Meeting Level,90+%
2024/25,Perth & Kinross,St Madoes Primary School,"P1, P4 & P7 combined",Numeracy - % Meeting Level,90+%
2024/25,Perth & Kinross,St Madoes Primary School,"P1, P4 & P7 combined",Reading - % Meeting Level,90+%
2024/25,Perth & Kinross,St Madoes Primary School,"P1, P4 & P7 combined",Writing - % Meeting Level,90+%
2024/25,Perth & Kinross,St Madoes Primary School,P4,Listening & Talking - % Meeting Level,c
2024/25,Perth & Kinross,St Madoes Primary School,P4,Numeracy - % Meeting Level,c
2024/25,Perth & Kinross,St Madoes Primary School,P4,Reading - % Meeting Level,c
2024/25,Perth & Kinross,St Madoes Primary School,P4,Writing - % Meeting Level,c
2024/25,Perth & Kinross,St Madoes Primary School,P7,Listening & Talking - % Meeting Level,c
2024/25,Perth & Kinross,St Madoes Primary School,P7,Numeracy - % Meeting Level,c
2024/25,Perth & Kinross,St Madoes Primary School,P7,Reading - % Meeting Level,c
2024/25,Perth & Kinross,St Madoes Primary School,P7,Writing - % Meeting Level,c
2024/25,Perth & Kinross,St Ninian's Episcopal Primary School,P1,Listening & Talking - % Meeting Level,c
2024/25,Perth & Kinross,St Ninian's Episcopal Primary School,P1,Numeracy - % Meeting Level,c
2024/25,Perth & Kinross,St Ninian's Episcopal Primary School,P1,Reading - % Meeting Level,c
2024/25,Perth & Kinross,St Ninian's Episcopal Primary School,P1,Writing - % Meeting Level,c
2024/25,Perth & Kinross,St Ninian's Episcopal Primary School,"P1, P4 & P7 combined",Listening & Talking - % Meeting Level,80-90%
2024/25,Perth & Kinross,St Ninian's Episcopal Primary School,"P1, P4 & P7 combined",Numeracy - % Meeting Level,70-80%
2024/25,Perth & Kinross,St Ninian's Episcopal Primary School,"P1, P4 & P7 combined",Reading - % Meeting Level,80-90%
2024/25,Perth & Kinross,St Ninian's Episcopal Primary School,"P1, P4 & P7 combined",Writing - % Meeting Level,70-80%
2024/25,Perth & Kinross,St Ninian's Episcopal Primary School,P4,Listening & Talking - % Meeting Level,c
2024/25,Perth & Kinross,St Ninian's Episcopal Primary School,P4,Numeracy - % Meeting Level,c
2024/25,Perth & Kinross,St Ninian's Episcopal Primary School,P4,Reading - % Meeting Level,c
2024/25,Perth & Kinross,St Ninian's Episcopal Primary School,P4,Writing - % Meeting Level,c
2024/25,Perth & Kinross,St Ninian's Episcopal Primary School,P7,Listening & Talking - % Meeting Level,c
2024/25,Perth & Kinross,St Ninian's Episcopal Primary School,P7,Numeracy - % Meeting Level,c
2024/25,Perth & Kinross,St Ninian's Episcopal Primary School,P7,Reading - % Meeting Level,c
2024/25,Perth & Kinross,St Ninian's Episcopal Primary School,P7,Writing - % Meeting Level,c
2024/25,Perth & Kinross,St Stephen's RC Primary School,P1,Listening & Talking - % Meeting Level,c
2024/25,Perth & Kinross,St Stephen's RC Primary School,P1,Numeracy - % Meeting Level,c
2024/25,Perth & Kinross,St Stephen's RC Primary School,P1,Reading - % Meeting Level,c
2024/25,Perth & Kinross,St Stephen's RC Primary School,P1,Writing - % Meeting Level,c
2024/25,Perth & Kinross,St Stephen's RC Primary School,"P1, P4 & P7 combined",Listening & Talking - % Meeting Level,70-80%
2024/25,Perth & Kinross,St Stephen's RC Primary School,"P1, P4 & P7 combined",Numeracy - % Meeting Level,60-70%
2024/25,Perth & Kinross,St Stephen's RC Primary School,"P1, P4 & P7 combined",Reading - % Meeting Level,70-80%
2024/25,Perth & Kinross,St Stephen's RC Primary School,"P1, P4 & P7 combined",Writing - % Meeting Level,60-70%
2024/25,Perth & Kinross,St Stephen's RC Primary School,P4,Listening & Talking - % Meeting Level,c
2024/25,Perth & Kinross,St Stephen's RC Primary School,P4,Numeracy - % Meeting Level,c
2024/25,Perth & Kinross,St Stephen's RC Primary School,P4,Reading - % Meeting Level,c
2024/25,Perth & Kinross,St Stephen's RC Primary School,P4,Writing - % Meeting Level,c
2024/25,Perth & Kinross,St Stephen's RC Primary School,P7,Listening & Talking - % Meeting Level,c
2024/25,Perth & Kinross,St Stephen's RC Primary School,P7,Numeracy - % Meeting Level,c
2024/25,Perth & Kinross,St Stephen's RC Primary School,P7,Reading - % Meeting Level,c
2024/25,Perth & Kinross,St Stephen's RC Primary School,P7,Writing - % Meeting Level,c
2024/25,Perth & Kinross,Stanley Primary School,P1,Listening & Talking - % Meeting Level,c
2024/25,Perth & Kinross,Stanley Primary School,P1,Numeracy - % Meeting Level,c
2024/25,Perth & Kinross,Stanley Primary School,P1,Reading - % Meeting Level,c
2024/25,Perth & Kinross,Stanley Primary School,P1,Writing - % Meeting Level,c
2024/25,Perth & Kinross,Stanley Primary School,"P1, P4 & P7 combined",Listening & Talking - % Meeting Level,80-90%
2024/25,Perth & Kinross,Stanley Primary School,"P1, P4 & P7 combined",Numeracy - % Meeting Level,70-80%
2024/25,Perth & Kinross,Stanley Primary School,"P1, P4 & P7 combined",Reading - % Meeting Level,80-90%
2024/25,Perth & Kinross,Stanley Primary School,"P1, P4 & P7 combined",Writing - % Meeting Level,70-80%
2024/25,Perth & Kinross,Stanley Primary School,P4,Listening & Talking - % Meeting Level,c
2024/25,Perth & Kinross,Stanley Primary School,P4,Numeracy - % Meeting Level,c
2024/25,Perth & Kinross,Stanley Primary School,P4,Reading - % Meeting Level,c
2024/25,Perth & Kinross,Stanley Primary School,P4,Writing - % Meeting Level,c
2024/25,Perth & Kinross,Stanley Primary School,P7,Listening & Talking - % Meeting Level,c
2024/25,Perth & Kinross,Stanley Primary School,P7,Numeracy - % Meeting Level,c
2024/25,Perth & Kinross,Stanley Primary School,P7,Reading - % Meeting Level,c
2024/25,Perth & Kinross,Stanley Primary School,P7,Writing - % Meeting Level,c
2024/25,Perth & Kinross,The Community School of Auchterarder,P1,Listening & Talking - % Meeting Level,80-90%
2024/25,Perth & Kinross,The Community School of Auchterarder,P1,Numeracy - % Meeting Level,90+%
2024/25,Perth & Kinross,The Community School of Auchterarder,P1,Reading - % Meeting Level,80-90%
2024/25,Perth & Kinross,The Community School of Auchterarder,P1,Writing - % Meeting Level,80-90%
2024/25,Perth & Kinross,The Community School of Auchterarder,"P1, P4 & P7 combined",Listening & Talking - % Meeting Level,90+%
2024/25,Perth & Kinross,The Community School of Auchterarder,"P1, P4 & P7 combined",Numeracy - % Meeting Level,90+%
2024/25,Perth & Kinross,The Community School of Auchterarder,"P1, P4 & P7 combined",Reading - % Meeting Level,80-90%
2024/25,Perth & Kinross,The Community School of Auchterarder,"P1, P4 & P7 combined",Writing - % Meeting Level,80-90%
2024/25,Perth & Kinross,The Community School of Auchterarder,P4,Listening & Talking - % Meeting Level,90+%
2024/25,Perth & Kinross,The Community School of Auchterarder,P4,Numeracy - % Meeting Level,90+%
2024/25,Perth & Kinross,The Community School of Auchterarder,P4,Reading - % Meeting Level,90+%
2024/25,Perth & Kinross,The Community School of Auchterarder,P4,Writing - % Meeting Level,80-90%
2024/25,Perth & Kinross,The Community School of Auchterarder,P7,Listening & Talking - % Meeting Level,90+%
2024/25,Perth & Kinross,The Community School of Auchterarder,P7,Numeracy - % Meeting Level,80-90%
2024/25,Perth & Kinross,The Community School of Auchterarder,P7,Reading - % Meeting Level,80-90%
2024/25,Perth & Kinross,The Community School of Auchterarder,P7,Writing - % Meeting Level,80-90%
2024/25,Perth & Kinross,Tulloch Primary School,P1,Listening & Talking - % Meeting Level,80-90%
2024/25,Perth & Kinross,Tulloch Primary School,P1,Numeracy - % Meeting Level,70-80%
2024/25,Perth & Kinross,Tulloch Primary School,P1,Reading - % Meeting Level,60-70%
2024/25,Perth & Kinross,Tulloch Primary School,P1,Writing - % Meeting Level,60-70%
2024/25,Perth & Kinross,Tulloch Primary School,"P1, P4 & P7 combined",Listening & Talking - % Meeting Level,80-90%
2024/25,Perth & Kinross,Tulloch Primary School,"P1, P4 & P7 combined",Numeracy - % Meeting Level,70-80%
2024/25,Perth & Kinross,Tulloch Primary School,"P1, P4 & P7 combined",Reading - % Meeting Level,70-80%
2024/25,Perth & Kinross,Tulloch Primary School,"P1, P4 & P7 combined",Writing - % Meeting Level,70-80%
2024/25,Perth & Kinross,Tulloch Primary School,P4,Listening & Talking - % Meeting Level,70-80%
2024/25,Perth & Kinross,Tulloch Primary School,P4,Numeracy - % Meeting Level,70-80%
2024/25,Perth & Kinross,Tulloch Primary School,P4,Reading - % Meeting Level,70-80%
2024/25,Perth & Kinross,Tulloch Primary School,P4,Writing - % Meeting Level,60-70%
2024/25,Perth & Kinross,Tulloch Primary School,P7,Listening & Talking - % Meeting Level,90+%
2024/25,Perth & Kinross,Tulloch Primary School,P7,Numeracy - % Meeting Level,80-90%
2024/25,Perth & Kinross,Tulloch Primary School,P7,Reading - % Meeting Level,80-90%
2024/25,Perth & Kinross,Tulloch Primary School,P7,Writing - % Meeting Level,80-90%
2024/25,Perth & Kinross,Viewlands Primary School,P1,Listening & Talking - % Meeting Level,90+%
2024/25,Perth & Kinross,Viewlands Primary School,P1,Numeracy - % Meeting Level,90+%
2024/25,Perth & Kinross,Viewlands Primary School,P1,Reading - % Meeting Level,90+%
2024/25,Perth & Kinross,Viewlands Primary School,P1,Writing - % Meeting Level,90+%
2024/25,Perth & Kinross,Viewlands Primary School,"P1, P4 & P7 combined",Listening & Talking - % Meeting Level,90+%
2024/25,Perth & Kinross,Viewlands Primary School,"P1, P4 & P7 combined",Numeracy - % Meeting Level,80-90%
2024/25,Perth & Kinross,Viewlands Primary School,"P1, P4 & P7 combined",Reading - % Meeting Level,80-90%
2024/25,Perth & Kinross,Viewlands Primary School,"P1, P4 & P7 combined",Writing - % Meeting Level,80-90%
2024/25,Perth & Kinross,Viewlands Primary School,P4,Listening & Talking - % Meeting Level,90+%
2024/25,Perth & Kinross,Viewlands Primary School,P4,Numeracy - % Meeting Level,80-90%
2024/25,Perth & Kinross,Viewlands Primary School,P4,Reading - % Meeting Level,80-90%
2024/25,Perth & Kinross,Viewlands Primary School,P4,Writing - % Meeting Level,80-90%
2024/25,Perth & Kinross,Viewlands Primary School,P7,Listening & Talking - % Meeting Level,90+%
2024/25,Perth & Kinross,Viewlands Primary School,P7,Numeracy - % Meeting Level,70-80%
2024/25,Perth & Kinross,Viewlands Primary School,P7,Reading - % Meeting Level,80-90%
2024/25,Perth & Kinross,Viewlands Primary School,P7,Writing - % Meeting Level,70-80%
