year,la_name,school_name,stage,measure,value_label
2024/25,Scotland,All publicly funded schools,P1,Listening & Talking - % Meeting Level,86.5%
2024/25,Scotland,All publicly funded schools,P1,Numeracy - % Meeting Level,84.6%
2024/25,Scotland,All publicly funded schools,P1,Reading - % Meeting Level,80.6%
2024/25,Scotland,All publicly funded schools,P1,Writing - % Meeting Level,78.7%
2024/25,Scotland,All publicly funded schools,"P1, P4 & P7 combined",Listening & Talking - % Meeting Level,87.5%
2024/25,Scotland,All publicly funded schools,"P1, P4 & P7 combined",Numeracy - % Meeting Level,80.3%
2024/25,Scotland,All publicly funded schools,"P1, P4 & P7 combined",Reading - % Meeting Level,80.6%
2024/25,Scotland,All publicly funded schools,"P1, P4 & P7 combined",Writing - % Meeting Level,76.5%
2024/25,Scotland,All publicly funded schools,P4,Listening & Talking - % Meeting Level,87.4%
2024/25,Scotland,All publicly funded schools,P4,Numeracy - % Meeting Level,77.9%
2024/25,Scotland,All publicly funded schools,P4,Reading - % Meeting Level,79.1%
2024/25,Scotland,All publicly funded schools,P4,Writing - % Meeting Level,74.2%
2024/25,Scotland,All publicly funded schools,P7,Listening & Talking - % Meeting Level,88.5%
2024/25,Scotland,All publicly funded schools,P7,Numeracy - % Meeting Level,78.9%
2024/25,Scotland,All publicly funded schools,P7,Reading - % Meeting Level,82%
2024/25,Scotland,All publicly funded schools,P7,Writing - % Meeting Level,76.9%
2024/25,South Lanarkshire,All publicly funded schools,P1,Listening & Talking - % Meeting Level,86.2%
2024/25,South Lanarkshire,All publicly funded schools,P1,Numeracy - % Meeting Level,86.9%
2024/25,South Lanarkshire,All publicly funded schools,P1,Reading - % Meeting Level,80.1%
2024/25,South Lanarkshire,All publicly funded schools,P1,Writing - % Meeting Level,78.3%
2024/25,South Lanarkshire,All publicly funded schools,"P1, P4 & P7 combined",Listening & Talking - % Meeting Level,86.6%
2024/25,South Lanarkshire,All publicly funded schools,"P1, P4 & P7 combined",Numeracy - % Meeting Level,80.2%
2024/25,South Lanarkshire,All publicly funded schools,"P1, P4 & P7 combined",Reading - % Meeting Level,79%
2024/25,South Lanarkshire,All publicly funded schools,"P1, P4 & P7 combined",Writing - % Meeting Level,74.8%
2024/25,South Lanarkshire,All publicly funded schools,P4,Listening & Talking - % Meeting Level,85.5%
2024/25,South Lanarkshire,All publicly funded schools,P4,Numeracy - % Meeting Level,77%
2024/25,South Lanarkshire,All publicly funded schools,P4,Reading - % Meeting Level,76.4%
2024/25,South Lanarkshire,All publicly funded schools,P4,Writing - % Meeting Level,70.8%
2024/25,South Lanarkshire,All publicly funded schools,P7,Listening & Talking - % Meeting Level,88.1%
2024/25,South Lanarkshire,All publicly funded schools,P7,Numeracy - % Meeting Level,77.3%
2024/25,South Lanarkshire,All publicly funded schools,P7,Reading - % Meeting Level,80.7%
2024/25,South Lanarkshire,All publicly funded schools,P7,Writing - % Meeting Level,75.7%
2024/25,South Lanarkshire,Abington Primary School,P1,Listening & Talking - % Meeting Level,c
2024/25,South Lanarkshire,Abington Primary School,P1,Numeracy - % Meeting Level,c
2024/25,South Lanarkshire,Abington Primary School,P1,Reading - % Meeting Level,c
2024/25,South Lanarkshire,Abington Primary School,P1,Writing - % Meeting Level,c
2024/25,South Lanarkshire,Abington Primary School,"P1, P4 & P7 combined",Listening & Talking - % Meeting Level,c
2024/25,South Lanarkshire,Abington Primary School,"P1, P4 & P7 combined",Numeracy - % Meeting Level,c
2024/25,South Lanarkshire,Abington Primary School,"P1, P4 & P7 combined",Reading - % Meeting Level,c
2024/25,South Lanarkshire,Abington Primary School,"P1, P4 & P7 combined",Writing - % Meeting Level,c
2024/25,South Lanarkshire,Abington Primary School,P4,Listening & Talking - % Meeting Level,c
2024/25,South Lanarkshire,Abington Primary School,P4,Numeracy - % Meeting Level,c
2024/25,South Lanarkshire,Abington Primary School,P4,Reading - % Meeting Level,c
2024/25,South Lanarkshire,Abington Primary School,P4,Writing - % Meeting Level,c
2024/25,South Lanarkshire,Abington Primary School,P7,Listening & Talking - % Meeting Level,c
2024/25,South Lanarkshire,Abington Primary School,P7,Numeracy - % Meeting Level,c
2024/25,South Lanarkshire,Abington Primary School,P7,Reading - % Meeting Level,c
2024/25,South Lanarkshire,Abington Primary School,P7,Writing - % Meeting Level,c
2024/25,South Lanarkshire,Auchengray Primary School,P1,Listening & Talking - % Meeting Level,c
2024/25,South Lanarkshire,Auchengray Primary School,P1,Numeracy - % Meeting Level,c
2024/25,South Lanarkshire,Auchengray Primary School,P1,Reading - % Meeting Level,c
2024/25,South Lanarkshire,Auchengray Primary School,P1,Writing - % Meeting Level,c
2024/25,South Lanarkshire,Auchengray Primary School,"P1, P4 & P7 combined",Listening & Talking - % Meeting Level,c
2024/25,South Lanarkshire,Auchengray Primary School,"P1, P4 & P7 combined",Numeracy - % Meeting Level,c
2024/25,South Lanarkshire,Auchengray Primary School,"P1, P4 & P7 combined",Reading - % Meeting Level,c
2024/25,South Lanarkshire,Auchengray Primary School,"P1, P4 & P7 combined",Writing - % Meeting Level,c
2024/25,South Lanarkshire,Auchengray Primary School,P4,Listening & Talking - % Meeting Level,c
2024/25,South Lanarkshire,Auchengray Primary School,P4,Numeracy - % Meeting Level,c
2024/25,South Lanarkshire,Auchengray Primary School,P4,Reading - % Meeting Level,c
2024/25,South Lanarkshire,Auchengray Primary School,P4,Writing - % Meeting Level,c
2024/25,South Lanarkshire,Auchengray Primary School,P7,Listening & Talking - % Meeting Level,c
2024/25,South Lanarkshire,Auchengray Primary School,P7,Numeracy - % Meeting Level,c
2024/25,South Lanarkshire,Auchengray Primary School,P7,Reading - % Meeting Level,c
2024/25,South Lanarkshire,Auchengray Primary School,P7,Writing - % Meeting Level,c
2024/25,South Lanarkshire,Auchinraith Primary School,P1,Listening & Talking - % Meeting Level,80-90%
2024/25,South Lanarkshire,Auchinraith Primary School,P1,Numeracy - % Meeting Level,80-90%
2024/25,South Lanarkshire,Auchinraith Primary School,P1,Reading - % Meeting Level,70-80%
2024/25,South Lanarkshire,Auchinraith Primary School,P1,Writing - % Meeting Level,70-80%
2024/25,South Lanarkshire,Auchinraith Primary School,"P1, P4 & P7 combined",Listening & Talking - % Meeting Level,80-90%
2024/25,South Lanarkshire,Auchinraith Primary School,"P1, P4 & P7 combined",Numeracy - % Meeting Level,70-80%
2024/25,South Lanarkshire,Auchinraith Primary School,"P1, P4 & P7 combined",Reading - % Meeting Level,70-80%
2024/25,South Lanarkshire,Auchinraith Primary School,"P1, P4 & P7 combined",Writing - % Meeting Level,60-70%
2024/25,South Lanarkshire,Auchinraith Primary School,P4,Listening & Talking - % Meeting Level,80-90%
2024/25,South Lanarkshire,Auchinraith Primary School,P4,Numeracy - % Meeting Level,70-80%
2024/25,South Lanarkshire,Auchinraith Primary School,P4,Reading - % Meeting Level,70-80%
2024/25,South Lanarkshire,Auchinraith Primary School,P4,Writing - % Meeting Level,70-80%
2024/25,South Lanarkshire,Auchinraith Primary School,P7,Listening & Talking - % Meeting Level,70-80%
2024/25,South Lanarkshire,Auchinraith Primary School,P7,Numeracy - % Meeting Level,50-60%
2024/25,South Lanarkshire,Auchinraith Primary School,P7,Reading - % Meeting Level,60-70%
2024/25,South Lanarkshire,Auchinraith Primary School,P7,Writing - % Meeting Level,50-60%
2024/25,South Lanarkshire,Auldhouse Primary School,P1,Listening & Talking - % Meeting Level,c
2024/25,South Lanarkshire,Auldhouse Primary School,P1,Numeracy - % Meeting Level,c
2024/25,South Lanarkshire,Auldhouse Primary School,P1,Reading - % Meeting Level,c
2024/25,South Lanarkshire,Auldhouse Primary School,P1,Writing - % Meeting Level,c
2024/25,South Lanarkshire,Auldhouse Primary School,"P1, P4 & P7 combined",Listening & Talking - % Meeting Level,c
2024/25,South Lanarkshire,Auldhouse Primary School,"P1, P4 & P7 combined",Numeracy - % Meeting Level,c
2024/25,South Lanarkshire,Auldhouse Primary School,"P1, P4 & P7 combined",Reading - % Meeting Level,c
2024/25,South Lanarkshire,Auldhouse Primary School,"P1, P4 & P7 combined",Writing - % Meeting Level,c
2024/25,South Lanarkshire,Auldhouse Primary School,P4,Listening & Talking - % Meeting Level,c
2024/25,South Lanarkshire,Auldhouse Primary School,P4,Numeracy - % Meeting Level,c
2024/25,South Lanarkshire,Auldhouse Primary School,P4,Reading - % Meeting Level,c
2024/25,South Lanarkshire,Auldhouse Primary School,P4,Writing - % Meeting Level,c
2024/25,South Lanarkshire,Auldhouse Primary School,P7,Listening & Talking - % Meeting Level,c
2024/25,South Lanarkshire,Auldhouse Primary School,P7,Numeracy - % Meeting Level,c
2024/25,South Lanarkshire,Auldhouse Primary School,P7,Reading - % Meeting Level,c
2024/25,South Lanarkshire,Auldhouse Primary School,P7,Writing - % Meeting Level,c
2024/25,South Lanarkshire,Bankhead Primary School,P1,Listening & Talking - % Meeting Level,80-90%
2024/25,South Lanarkshire,Bankhead Primary School,P1,Numeracy - % Meeting Level,90+%
2024/25,South Lanarkshire,Bankhead Primary School,P1,Reading - % Meeting Level,70-80%
2024/25,South Lanarkshire,Bankhead Primary School,P1,Writing - % Meeting Level,70-80%
2024/25,South Lanarkshire,Bankhead Primary School,"P1, P4 & P7 combined",Listening & Talking - % Meeting Level,80-90%
2024/25,South Lanarkshire,Bankhead Primary School,"P1, P4 & P7 combined",Numeracy - % Meeting Level,80-90%
2024/25,South Lanarkshire,Bankhead Primary School,"P1, P4 & P7 combined",Reading - % Meeting Level,70-80%
2024/25,South Lanarkshire,Bankhead Primary School,"P1, P4 & P7 combined",Writing - % Meeting Level,70-80%
2024/25,South Lanarkshire,Bankhead Primary School,P4,Listening & Talking - % Meeting Level,80-90%
2024/25,South Lanarkshire,Bankhead Primary School,P4,Numeracy - % Meeting Level,70-80%
2024/25,South Lanarkshire,Bankhead Primary School,P4,Reading - % Meeting Level,60-70%
2024/25,South Lanarkshire,Bankhead Primary School,P4,Writing - % Meeting Level,60-70%
2024/25,South Lanarkshire,Bankhead Primary School,P7,Listening & Talking - % Meeting Level,90+%
2024/25,South Lanarkshire,Bankhead Primary School,P7,Numeracy - % Meeting Level,80-90%
2024/25,South Lanarkshire,Bankhead Primary School,P7,Reading - % Meeting Level,80-90%
2024/25,South Lanarkshire,Bankhead Primary School,P7,Writing - % Meeting Level,70-80%
2024/25,South Lanarkshire,Beckford Primary School,P1,Listening & Talking - % Meeting Level,60-70%
2024/25,South Lanarkshire,Beckford Primary School,P1,Numeracy - % Meeting Level,60-70%
2024/25,South Lanarkshire,Beckford Primary School,P1,Reading - % Meeting Level,60-70%
2024/25,South Lanarkshire,Beckford Primary School,P1,Writing - % Meeting Level,60-70%
2024/25,South Lanarkshire,Beckford Primary School,"P1, P4 & P7 combined",Listening & Talking - % Meeting Level,70-80%
2024/25,South Lanarkshire,Beckford Primary School,"P1, P4 & P7 combined",Numeracy - % Meeting Level,70-80%
2024/25,South Lanarkshire,Beckford Primary School,"P1, P4 & P7 combined",Reading - % Meeting Level,60-70%
2024/25,South Lanarkshire,Beckford Primary School,"P1, P4 & P7 combined",Writing - % Meeting Level,60-70%
2024/25,South Lanarkshire,Beckford Primary School,P4,Listening & Talking - % Meeting Level,70-80%
2024/25,South Lanarkshire,Beckford Primary School,P4,Numeracy - % Meeting Level,70-80%
2024/25,South Lanarkshire,Beckford Primary School,P4,Reading - % Meeting Level,60-70%
2024/25,South Lanarkshire,Beckford Primary School,P4,Writing - % Meeting Level,60-70%
2024/25,South Lanarkshire,Beckford Primary School,P7,Listening & Talking - % Meeting Level,c
2024/25,South Lanarkshire,Beckford Primary School,P7,Numeracy - % Meeting Level,c
2024/25,South Lanarkshire,Beckford Primary School,P7,Reading - % Meeting Level,c
2024/25,South Lanarkshire,Beckford Primary School,P7,Writing - % Meeting Level,c
2024/25,South Lanarkshire,Bent Primary School,P1,Listening & Talking - % Meeting Level,c
2024/25,South Lanarkshire,Bent Primary School,P1,Numeracy - % Meeting Level,c
2024/25,South Lanarkshire,Bent Primary School,P1,Reading - % Meeting Level,c
2024/25,South Lanarkshire,Bent Primary School,P1,Writing - % Meeting Level,c
2024/25,South Lanarkshire,Bent Primary School,"P1, P4 & P7 combined",Listening & Talking - % Meeting Level,80-90%
2024/25,South Lanarkshire,Bent Primary School,"P1, P4 & P7 combined",Numeracy - % Meeting Level,80-90%
2024/25,South Lanarkshire,Bent Primary School,"P1, P4 & P7 combined",Reading - % Meeting Level,80-90%
2024/25,South Lanarkshire,Bent Primary School,"P1, P4 & P7 combined",Writing - % Meeting Level,80-90%
2024/25,South Lanarkshire,Bent Primary School,P4,Listening & Talking - % Meeting Level,c
2024/25,South Lanarkshire,Bent Primary School,P4,Numeracy - % Meeting Level,c
2024/25,South Lanarkshire,Bent Primary School,P4,Reading - % Meeting Level,c
2024/25,South Lanarkshire,Bent Primary School,P4,Writing - % Meeting Level,c
2024/25,South Lanarkshire,Bent Primary School,P7,Listening & Talking - % Meeting Level,c
2024/25,South Lanarkshire,Bent Primary School,P7,Numeracy - % Meeting Level,c
2024/25,South Lanarkshire,Bent Primary School,P7,Reading - % Meeting Level,c
2024/25,South Lanarkshire,Bent Primary School,P7,Writing - % Meeting Level,c
2024/25,South Lanarkshire,Biggar Primary School,P1,Listening & Talking - % Meeting Level,90+%
2024/25,South Lanarkshire,Biggar Primary School,P1,Numeracy - % Meeting Level,90+%
2024/25,South Lanarkshire,Biggar Primary School,P1,Reading - % Meeting Level,90+%
2024/25,South Lanarkshire,Biggar Primary School,P1,Writing - % Meeting Level,80-90%
2024/25,South Lanarkshire,Biggar Primary School,"P1, P4 & P7 combined",Listening & Talking - % Meeting Level,90+%
2024/25,South Lanarkshire,Biggar Primary School,"P1, P4 & P7 combined",Numeracy - % Meeting Level,90+%
2024/25,South Lanarkshire,Biggar Primary School,"P1, P4 & P7 combined",Reading - % Meeting Level,80-90%
2024/25,South Lanarkshire,Biggar Primary School,"P1, P4 & P7 combined",Writing - % Meeting Level,80-90%
2024/25,South Lanarkshire,Biggar Primary School,P4,Listening & Talking - % Meeting Level,90+%
2024/25,South Lanarkshire,Biggar Primary School,P4,Numeracy - % Meeting Level,90+%
2024/25,South Lanarkshire,Biggar Primary School,P4,Reading - % Meeting Level,80-90%
2024/25,South Lanarkshire,Biggar Primary School,P4,Writing - % Meeting Level,80-90%
2024/25,South Lanarkshire,Biggar Primary School,P7,Listening & Talking - % Meeting Level,90+%
2024/25,South Lanarkshire,Biggar Primary School,P7,Numeracy - % Meeting Level,80-90%
2024/25,South Lanarkshire,Biggar Primary School,P7,Reading - % Meeting Level,70-80%
2024/25,South Lanarkshire,Biggar Primary School,P7,Writing - % Meeting Level,70-80%
2024/25,South Lanarkshire,Black Mount Primary School,P1,Listening & Talking - % Meeting Level,c
2024/25,South Lanarkshire,Black Mount Primary School,P1,Numeracy - % Meeting Level,c
2024/25,South Lanarkshire,Black Mount Primary School,P1,Reading - % Meeting Level,c
2024/25,South Lanarkshire,Black Mount Primary School,P1,Writing - % Meeting Level,c
2024/25,South Lanarkshire,Black Mount Primary School,"P1, P4 & P7 combined",Listening & Talking - % Meeting Level,c
2024/25,South Lanarkshire,Black Mount Primary School,"P1, P4 & P7 combined",Numeracy - % Meeting Level,c
2024/25,South Lanarkshire,Black Mount Primary School,"P1, P4 & P7 combined",Reading - % Meeting Level,c
2024/25,South Lanarkshire,Black Mount Primary School,"P1, P4 & P7 combined",Writing - % Meeting Level,c
2024/25,South Lanarkshire,Black Mount Primary School,P4,Listening & Talking - % Meeting Level,c
2024/25,South Lanarkshire,Black Mount Primary School,P4,Numeracy - % Meeting Level,c
2024/25,South Lanarkshire,Black Mount Primary School,P4,Reading - % Meeting Level,c
2024/25,South Lanarkshire,Black Mount Primary School,P4,Writing - % Meeting Level,c
2024/25,South Lanarkshire,Black Mount Primary School,P7,Listening & Talking - % Meeting Level,c
2024/25,South Lanarkshire,Black Mount Primary School,P7,Numeracy - % Meeting Level,c
2024/25,South Lanarkshire,Black Mount Primary School,P7,Reading - % Meeting Level,c
2024/25,South Lanarkshire,Black Mount Primary School,P7,Writing - % Meeting Level,c
2024/25,South Lanarkshire,Blacklaw Primary School,P1,Listening & Talking - % Meeting Level,70-80%
2024/25,South Lanarkshire,Blacklaw Primary School,P1,Numeracy - % Meeting Level,80-90%
2024/25,South Lanarkshire,Blacklaw Primary School,P1,Reading - % Meeting Level,70-80%
2024/25,South Lanarkshire,Blacklaw Primary School,P1,Writing - % Meeting Level,70-80%
2024/25,South Lanarkshire,Blacklaw Primary School,"P1, P4 & P7 combined",Listening & Talking - % Meeting Level,80-90%
2024/25,South Lanarkshire,Blacklaw Primary School,"P1, P4 & P7 combined",Numeracy - % Meeting Level,80-90%
2024/25,South Lanarkshire,Blacklaw Primary School,"P1, P4 & P7 combined",Reading - % Meeting Level,80-90%
2024/25,South Lanarkshire,Blacklaw Primary School,"P1, P4 & P7 combined",Writing - % Meeting Level,70-80%
2024/25,South Lanarkshire,Blacklaw Primary School,P4,Listening & Talking - % Meeting Level,80-90%
2024/25,South Lanarkshire,Blacklaw Primary School,P4,Numeracy - % Meeting Level,80-90%
2024/25,South Lanarkshire,Blacklaw Primary School,P4,Reading - % Meeting Level,70-80%
2024/25,South Lanarkshire,Blacklaw Primary School,P4,Writing - % Meeting Level,70-80%
2024/25,South Lanarkshire,Blacklaw Primary School,P7,Listening & Talking - % Meeting Level,90+%
2024/25,South Lanarkshire,Blacklaw Primary School,P7,Numeracy - % Meeting Level,90+%
2024/25,South Lanarkshire,Blacklaw Primary School,P7,Reading - % Meeting Level,90+%
2024/25,South Lanarkshire,Blacklaw Primary School,P7,Writing - % Meeting Level,80-90%
2024/25,South Lanarkshire,Blackwood Primary School,P1,Listening & Talking - % Meeting Level,60-70%
2024/25,South Lanarkshire,Blackwood Primary School,P1,Numeracy - % Meeting Level,80-90%
2024/25,South Lanarkshire,Blackwood Primary School,P1,Reading - % Meeting Level,70-80%
2024/25,South Lanarkshire,Blackwood Primary School,P1,Writing - % Meeting Level,60-70%
2024/25,South Lanarkshire,Blackwood Primary School,"P1, P4 & P7 combined",Listening & Talking - % Meeting Level,70-80%
2024/25,South Lanarkshire,Blackwood Primary School,"P1, P4 & P7 combined",Numeracy - % Meeting Level,70-80%
2024/25,South Lanarkshire,Blackwood Primary School,"P1, P4 & P7 combined",Reading - % Meeting Level,70-80%
2024/25,South Lanarkshire,Blackwood Primary School,"P1, P4 & P7 combined",Writing - % Meeting Level,60-70%
2024/25,South Lanarkshire,Blackwood Primary School,P4,Listening & Talking - % Meeting Level,70-80%
2024/25,South Lanarkshire,Blackwood Primary School,P4,Numeracy - % Meeting Level,70-80%
2024/25,South Lanarkshire,Blackwood Primary School,P4,Reading - % Meeting Level,60-70%
2024/25,South Lanarkshire,Blackwood Primary School,P4,Writing - % Meeting Level,60-70%
2024/25,South Lanarkshire,Blackwood Primary School,P7,Listening & Talking - % Meeting Level,80-90%
2024/25,South Lanarkshire,Blackwood Primary School,P7,Numeracy - % Meeting Level,60-70%
2024/25,South Lanarkshire,Blackwood Primary School,P7,Reading - % Meeting Level,80-90%
2024/25,South Lanarkshire,Blackwood Primary School,P7,Writing - % Meeting Level,70-80%
2024/25,South Lanarkshire,Bothwell Primary School,P1,Listening & Talking - % Meeting Level,80-90%
2024/25,South Lanarkshire,Bothwell Primary School,P1,Numeracy - % Meeting Level,90+%
2024/25,South Lanarkshire,Bothwell Primary School,P1,Reading - % Meeting Level,80-90%
2024/25,South Lanarkshire,Bothwell Primary School,P1,Writing - % Meeting Level,80-90%
2024/25,South Lanarkshire,Bothwell Primary School,"P1, P4 & P7 combined",Listening & Talking - % Meeting Level,80-90%
2024/25,South Lanarkshire,Bothwell Primary School,"P1, P4 & P7 combined",Numeracy - % Meeting Level,80-90%
2024/25,South Lanarkshire,Bothwell Primary School,"P1, P4 & P7 combined",Reading - % Meeting Level,80-90%
2024/25,South Lanarkshire,Bothwell Primary School,"P1, P4 & P7 combined",Writing - % Meeting Level,80-90%
2024/25,South Lanarkshire,Bothwell Primary School,P4,Listening & Talking - % Meeting Level,90+%
2024/25,South Lanarkshire,Bothwell Primary School,P4,Numeracy - % Meeting Level,80-90%
2024/25,South Lanarkshire,Bothwell Primary School,P4,Reading - % Meeting Level,80-90%
2024/25,South Lanarkshire,Bothwell Primary School,P4,Writing - % Meeting Level,80-90%
2024/25,South Lanarkshire,Bothwell Primary School,P7,Listening & Talking - % Meeting Level,80-90%
2024/25,South Lanarkshire,Bothwell Primary School,P7,Numeracy - % Meeting Level,80-90%
2024/25,South Lanarkshire,Bothwell Primary School,P7,Reading - % Meeting Level,90+%
2024/25,South Lanarkshire,Bothwell Primary School,P7,Writing - % Meeting Level,80-90%
2024/25,South Lanarkshire,Braehead Primary School,P1,Listening & Talking - % Meeting Level,c
2024/25,South Lanarkshire,Braehead Primary School,P1,Numeracy - % Meeting Level,c
2024/25,South Lanarkshire,Braehead Primary School,P1,Reading - % Meeting Level,c
2024/25,South Lanarkshire,Braehead Primary School,P1,Writing - % Meeting Level,c
2024/25,South Lanarkshire,Braehead Primary School,"P1, P4 & P7 combined",Listening & Talking - % Meeting Level,c
2024/25,South Lanarkshire,Braehead Primary School,"P1, P4 & P7 combined",Numeracy - % Meeting Level,c
2024/25,South Lanarkshire,Braehead Primary School,"P1, P4 & P7 combined",Reading - % Meeting Level,c
2024/25,South Lanarkshire,Braehead Primary School,"P1, P4 & P7 combined",Writing - % Meeting Level,c
2024/25,South Lanarkshire,Braehead Primary School,P4,Listening & Talking - % Meeting Level,c
2024/25,South Lanarkshire,Braehead Primary School,P4,Numeracy - % Meeting Level,c
2024/25,South Lanarkshire,Braehead Primary School,P4,Reading - % Meeting Level,c
2024/25,South Lanarkshire,Braehead Primary School,P4,Writing - % Meeting Level,c
2024/25,South Lanarkshire,Braehead Primary School,P7,Listening & Talking - % Meeting Level,c
2024/25,South Lanarkshire,Braehead Primary School,P7,Numeracy - % Meeting Level,c
2024/25,South Lanarkshire,Braehead Primary School,P7,Reading - % Meeting Level,c
2024/25,South Lanarkshire,Braehead Primary School,P7,Writing - % Meeting Level,c
2024/25,South Lanarkshire,Braidwood Primary School,P1,Listening & Talking - % Meeting Level,c
2024/25,South Lanarkshire,Braidwood Primary School,P1,Numeracy - % Meeting Level,c
2024/25,South Lanarkshire,Braidwood Primary School,P1,Reading - % Meeting Level,c
2024/25,South Lanarkshire,Braidwood Primary School,P1,Writing - % Meeting Level,c
2024/25,South Lanarkshire,Braidwood Primary School,"P1, P4 & P7 combined",Listening & Talking - % Meeting Level,90+%
2024/25,South Lanarkshire,Braidwood Primary School,"P1, P4 & P7 combined",Numeracy - % Meeting Level,90+%
2024/25,South Lanarkshire,Braidwood Primary School,"P1, P4 & P7 combined",Reading - % Meeting Level,80-90%
2024/25,South Lanarkshire,Braidwood Primary School,"P1, P4 & P7 combined",Writing - % Meeting Level,80-90%
2024/25,South Lanarkshire,Braidwood Primary School,P4,Listening & Talking - % Meeting Level,90+%
2024/25,South Lanarkshire,Braidwood Primary School,P4,Numeracy - % Meeting Level,90+%
2024/25,South Lanarkshire,Braidwood Primary School,P4,Reading - % Meeting Level,90+%
2024/25,South Lanarkshire,Braidwood Primary School,P4,Writing - % Meeting Level,80-90%
2024/25,South Lanarkshire,Braidwood Primary School,P7,Listening & Talking - % Meeting Level,90+%
2024/25,South Lanarkshire,Braidwood Primary School,P7,Numeracy - % Meeting Level,80-90%
2024/25,South Lanarkshire,Braidwood Primary School,P7,Reading - % Meeting Level,80-90%
2024/25,South Lanarkshire,Braidwood Primary School,P7,Writing - % Meeting Level,70-80%
2024/25,South Lanarkshire,Burgh Primary School,P1,Listening & Talking - % Meeting Level,c
2024/25,South Lanarkshire,Burgh Primary School,P1,Numeracy - % Meeting Level,c
2024/25,South Lanarkshire,Burgh Primary School,P1,Reading - % Meeting Level,c
2024/25,South Lanarkshire,Burgh Primary School,P1,Writing - % Meeting Level,c
2024/25,South Lanarkshire,Burgh Primary School,"P1, P4 & P7 combined",Listening & Talking - % Meeting Level,90+%
2024/25,South Lanarkshire,Burgh Primary School,"P1, P4 & P7 combined",Numeracy - % Meeting Level,70-80%
2024/25,South Lanarkshire,Burgh Primary School,"P1, P4 & P7 combined",Reading - % Meeting Level,70-80%
2024/25,South Lanarkshire,Burgh Primary School,"P1, P4 & P7 combined",Writing - % Meeting Level,70-80%
2024/25,South Lanarkshire,Burgh Primary School,P4,Listening & Talking - % Meeting Level,90+%
2024/25,South Lanarkshire,Burgh Primary School,P4,Numeracy - % Meeting Level,70-80%
2024/25,South Lanarkshire,Burgh Primary School,P4,Reading - % Meeting Level,70-80%
2024/25,South Lanarkshire,Burgh Primary School,P4,Writing - % Meeting Level,70-80%
2024/25,South Lanarkshire,Burgh Primary School,P7,Listening & Talking - % Meeting Level,90+%
2024/25,South Lanarkshire,Burgh Primary School,P7,Numeracy - % Meeting Level,70-80%
2024/25,South Lanarkshire,Burgh Primary School,P7,Reading - % Meeting Level,80-90%
2024/25,South Lanarkshire,Burgh Primary School,P7,Writing - % Meeting Level,70-80%
2024/25,South Lanarkshire,Burnside Primary School,P1,Listening & Talking - % Meeting Level,90+%
2024/25,South Lanarkshire,Burnside Primary School,P1,Numeracy - % Meeting Level,90+%
2024/25,South Lanarkshire,Burnside Primary School,P1,Reading - % Meeting Level,90+%
2024/25,South Lanarkshire,Burnside Primary School,P1,Writing - % Meeting Level,70-80%
2024/25,South Lanarkshire,Burnside Primary School,"P1, P4 & P7 combined",Listening & Talking - % Meeting Level,90+%
2024/25,South Lanarkshire,Burnside Primary School,"P1, P4 & P7 combined",Numeracy - % Meeting Level,90+%
2024/25,South Lanarkshire,Burnside Primary School,"P1, P4 & P7 combined",Reading - % Meeting Level,80-90%
2024/25,South Lanarkshire,Burnside Primary School,"P1, P4 & P7 combined",Writing - % Meeting Level,80-90%
2024/25,South Lanarkshire,Burnside Primary School,P4,Listening & Talking - % Meeting Level,90+%
2024/25,South Lanarkshire,Burnside Primary School,P4,Numeracy - % Meeting Level,90+%
2024/25,South Lanarkshire,Burnside Primary School,P4,Reading - % Meeting Level,80-90%
2024/25,South Lanarkshire,Burnside Primary School,P4,Writing - % Meeting Level,80-90%
2024/25,South Lanarkshire,Burnside Primary School,P7,Listening & Talking - % Meeting Level,90+%
2024/25,South Lanarkshire,Burnside Primary School,P7,Numeracy - % Meeting Level,80-90%
2024/25,South Lanarkshire,Burnside Primary School,P7,Reading - % Meeting Level,80-90%
2024/25,South Lanarkshire,Burnside Primary School,P7,Writing - % Meeting Level,80-90%
2024/25,South Lanarkshire,Cairns Primary School,P1,Listening & Talking - % Meeting Level,70-80%
2024/25,South Lanarkshire,Cairns Primary School,P1,Numeracy - % Meeting Level,80-90%
2024/25,South Lanarkshire,Cairns Primary School,P1,Reading - % Meeting Level,70-80%
2024/25,South Lanarkshire,Cairns Primary School,P1,Writing - % Meeting Level,70-80%
2024/25,South Lanarkshire,Cairns Primary School,"P1, P4 & P7 combined",Listening & Talking - % Meeting Level,80-90%
2024/25,South Lanarkshire,Cairns Primary School,"P1, P4 & P7 combined",Numeracy - % Meeting Level,70-80%
2024/25,South Lanarkshire,Cairns Primary School,"P1, P4 & P7 combined",Reading - % Meeting Level,70-80%
2024/25,South Lanarkshire,Cairns Primary School,"P1, P4 & P7 combined",Writing - % Meeting Level,70-80%
2024/25,South Lanarkshire,Cairns Primary School,P4,Listening & Talking - % Meeting Level,80-90%
2024/25,South Lanarkshire,Cairns Primary School,P4,Numeracy - % Meeting Level,70-80%
2024/25,South Lanarkshire,Cairns Primary School,P4,Reading - % Meeting Level,70-80%
2024/25,South Lanarkshire,Cairns Primary School,P4,Writing - % Meeting Level,60-70%
2024/25,South Lanarkshire,Cairns Primary School,P7,Listening & Talking - % Meeting Level,80-90%
2024/25,South Lanarkshire,Cairns Primary School,P7,Numeracy - % Meeting Level,70-80%
2024/25,South Lanarkshire,Cairns Primary School,P7,Reading - % Meeting Level,70-80%
2024/25,South Lanarkshire,Cairns Primary School,P7,Writing - % Meeting Level,70-80%
2024/25,South Lanarkshire,Calderwood Primary School,P1,Listening & Talking - % Meeting Level,90+%
2024/25,South Lanarkshire,Calderwood Primary School,P1,Numeracy - % Meeting Level,90+%
2024/25,South Lanarkshire,Calderwood Primary School,P1,Reading - % Meeting Level,80-90%
2024/25,South Lanarkshire,Calderwood Primary School,P1,Writing - % Meeting Level,80-90%
2024/25,South Lanarkshire,Calderwood Primary School,"P1, P4 & P7 combined",Listening & Talking - % Meeting Level,90+%
2024/25,South Lanarkshire,Calderwood Primary School,"P1, P4 & P7 combined",Numeracy - % Meeting Level,80-90%
2024/25,South Lanarkshire,Calderwood Primary School,"P1, P4 & P7 combined",Reading - % Meeting Level,90+%
2024/25,South Lanarkshire,Calderwood Primary School,"P1, P4 & P7 combined",Writing - % Meeting Level,80-90%
2024/25,South Lanarkshire,Calderwood Primary School,P4,Listening & Talking - % Meeting Level,90+%
2024/25,South Lanarkshire,Calderwood Primary School,P4,Numeracy - % Meeting Level,80-90%
2024/25,South Lanarkshire,Calderwood Primary School,P4,Reading - % Meeting Level,90+%
2024/25,South Lanarkshire,Calderwood Primary School,P4,Writing - % Meeting Level,90+%
2024/25,South Lanarkshire,Calderwood Primary School,P7,Listening & Talking - % Meeting Level,90+%
2024/25,South Lanarkshire,Calderwood Primary School,P7,Numeracy - % Meeting Level,80-90%
2024/25,South Lanarkshire,Calderwood Primary School,P7,Reading - % Meeting Level,90+%
2024/25,South Lanarkshire,Calderwood Primary School,P7,Writing - % Meeting Level,80-90%
2024/25,South Lanarkshire,Canberra Primary School,P1,Listening & Talking - % Meeting Level,80-90%
2024/25,South Lanarkshire,Canberra Primary School,P1,Numeracy - % Meeting Level,90+%
2024/25,South Lanarkshire,Canberra Primary School,P1,Reading - % Meeting Level,80-90%
2024/25,South Lanarkshire,Canberra Primary School,P1,Writing - % Meeting Level,80-90%
2024/25,South Lanarkshire,Canberra Primary School,"P1, P4 & P7 combined",Listening & Talking - % Meeting Level,80-90%
2024/25,South Lanarkshire,Canberra Primary School,"P1, P4 & P7 combined",Numeracy - % Meeting Level,80-90%
2024/25,South Lanarkshire,Canberra Primary School,"P1, P4 & P7 combined",Reading - % Meeting Level,70-80%
2024/25,South Lanarkshire,Canberra Primary School,"P1, P4 & P7 combined",Writing - % Meeting Level,70-80%
2024/25,South Lanarkshire,Canberra Primary School,P4,Listening & Talking - % Meeting Level,90+%
2024/25,South Lanarkshire,Canberra Primary School,P4,Numeracy - % Meeting Level,70-80%
2024/25,South Lanarkshire,Canberra Primary School,P4,Reading - % Meeting Level,70-80%
2024/25,South Lanarkshire,Canberra Primary School,P4,Writing - % Meeting Level,60-70%
2024/25,South Lanarkshire,Canberra Primary School,P7,Listening & Talking - % Meeting Level,80-90%
2024/25,South Lanarkshire,Canberra Primary School,P7,Numeracy - % Meeting Level,60-70%
2024/25,South Lanarkshire,Canberra Primary School,P7,Reading - % Meeting Level,70-80%
2024/25,South Lanarkshire,Canberra Primary School,P7,Writing - % Meeting Level,50-60%
2024/25,South Lanarkshire,Carluke Primary School,P1,Listening & Talking - % Meeting Level,c
2024/25,South Lanarkshire,Carluke Primary School,P1,Numeracy - % Meeting Level,c
2024/25,South Lanarkshire,Carluke Primary School,P1,Reading - % Meeting Level,c
2024/25,South Lanarkshire,Carluke Primary School,P1,Writing - % Meeting Level,c
2024/25,South Lanarkshire,Carluke Primary School,"P1, P4 & P7 combined",Listening & Talking - % Meeting Level,60-70%
2024/25,South Lanarkshire,Carluke Primary School,"P1, P4 & P7 combined",Numeracy - % Meeting Level,60-70%
2024/25,South Lanarkshire,Carluke Primary School,"P1, P4 & P7 combined",Reading - % Meeting Level,40-50%
2024/25,South Lanarkshire,Carluke Primary School,"P1, P4 & P7 combined",Writing - % Meeting Level,50-60%
2024/25,South Lanarkshire,Carluke Primary School,P4,Listening & Talking - % Meeting Level,60-70%
2024/25,South Lanarkshire,Carluke Primary School,P4,Numeracy - % Meeting Level,60-70%
2024/25,South Lanarkshire,Carluke Primary School,P4,Reading - % Meeting Level,30-40%
2024/25,South Lanarkshire,Carluke Primary School,P4,Writing - % Meeting Level,50-60%
2024/25,South Lanarkshire,Carluke Primary School,P7,Listening & Talking - % Meeting Level,50-60%
2024/25,South Lanarkshire,Carluke Primary School,P7,Numeracy - % Meeting Level,40-50%
2024/25,South Lanarkshire,Carluke Primary School,P7,Reading - % Meeting Level,40-50%
2024/25,South Lanarkshire,Carluke Primary School,P7,Writing - % Meeting Level,40-50%
2024/25,South Lanarkshire,Carmichael Primary School,P1,Listening & Talking - % Meeting Level,c
2024/25,South Lanarkshire,Carmichael Primary School,P1,Numeracy - % Meeting Level,c
2024/25,South Lanarkshire,Carmichael Primary School,P1,Reading - % Meeting Level,c
2024/25,South Lanarkshire,Carmichael Primary School,P1,Writing - % Meeting Level,c
2024/25,South Lanarkshire,Carmichael Primary School,"P1, P4 & P7 combined",Listening & Talking - % Meeting Level,c
2024/25,South Lanarkshire,Carmichael Primary School,"P1, P4 & P7 combined",Numeracy - % Meeting Level,c
2024/25,South Lanarkshire,Carmichael Primary School,"P1, P4 & P7 combined",Reading - % Meeting Level,c
2024/25,South Lanarkshire,Carmichael Primary School,"P1, P4 & P7 combined",Writing - % Meeting Level,c
2024/25,South Lanarkshire,Carmichael Primary School,P4,Listening & Talking - % Meeting Level,c
2024/25,South Lanarkshire,Carmichael Primary School,P4,Numeracy - % Meeting Level,c
2024/25,South Lanarkshire,Carmichael Primary School,P4,Reading - % Meeting Level,c
2024/25,South Lanarkshire,Carmichael Primary School,P4,Writing - % Meeting Level,c
2024/25,South Lanarkshire,Carmichael Primary School,P7,Listening & Talking - % Meeting Level,c
2024/25,South Lanarkshire,Carmichael Primary School,P7,Numeracy - % Meeting Level,c
2024/25,South Lanarkshire,Carmichael Primary School,P7,Reading - % Meeting Level,c
2024/25,South Lanarkshire,Carmichael Primary School,P7,Writing - % Meeting Level,c
2024/25,South Lanarkshire,Carnwath Primary School,P1,Listening & Talking - % Meeting Level,c
2024/25,South Lanarkshire,Carnwath Primary School,P1,Numeracy - % Meeting Level,c
2024/25,South Lanarkshire,Carnwath Primary School,P1,Reading - % Meeting Level,c
2024/25,South Lanarkshire,Carnwath Primary School,P1,Writing - % Meeting Level,c
2024/25,South Lanarkshire,Carnwath Primary School,"P1, P4 & P7 combined",Listening & Talking - % Meeting Level,90+%
2024/25,South Lanarkshire,Carnwath Primary School,"P1, P4 & P7 combined",Numeracy - % Meeting Level,80-90%
2024/25,South Lanarkshire,Carnwath Primary School,"P1, P4 & P7 combined",Reading - % Meeting Level,80-90%
2024/25,South Lanarkshire,Carnwath Primary School,"P1, P4 & P7 combined",Writing - % Meeting Level,80-90%
2024/25,South Lanarkshire,Carnwath Primary School,P4,Listening & Talking - % Meeting Level,c
2024/25,South Lanarkshire,Carnwath Primary School,P4,Numeracy - % Meeting Level,c
2024/25,South Lanarkshire,Carnwath Primary School,P4,Reading - % Meeting Level,c
2024/25,South Lanarkshire,Carnwath Primary School,P4,Writing - % Meeting Level,c
2024/25,South Lanarkshire,Carnwath Primary School,P7,Listening & Talking - % Meeting Level,90+%
2024/25,South Lanarkshire,Carnwath Primary School,P7,Numeracy - % Meeting Level,90+%
2024/25,South Lanarkshire,Carnwath Primary School,P7,Reading - % Meeting Level,80-90%
2024/25,South Lanarkshire,Carnwath Primary School,P7,Writing - % Meeting Level,80-90%
2024/25,South Lanarkshire,Carstairs Junction Primary School,P1,Listening & Talking - % Meeting Level,c
2024/25,South Lanarkshire,Carstairs Junction Primary School,P1,Numeracy - % Meeting Level,c
2024/25,South Lanarkshire,Carstairs Junction Primary School,P1,Reading - % Meeting Level,c
2024/25,South Lanarkshire,Carstairs Junction Primary School,P1,Writing - % Meeting Level,c
2024/25,South Lanarkshire,Carstairs Junction Primary School,"P1, P4 & P7 combined",Listening & Talking - % Meeting Level,50-60%
2024/25,South Lanarkshire,Carstairs Junction Primary School,"P1, P4 & P7 combined",Numeracy - % Meeting Level,40-50%
2024/25,South Lanarkshire,Carstairs Junction Primary School,"P1, P4 & P7 combined",Reading - % Meeting Level,40-50%
2024/25,South Lanarkshire,Carstairs Junction Primary School,"P1, P4 & P7 combined",Writing - % Meeting Level,40-50%
2024/25,South Lanarkshire,Carstairs Junction Primary School,P4,Listening & Talking - % Meeting Level,c
2024/25,South Lanarkshire,Carstairs Junction Primary School,P4,Numeracy - % Meeting Level,c
2024/25,South Lanarkshire,Carstairs Junction Primary School,P4,Reading - % Meeting Level,c
2024/25,South Lanarkshire,Carstairs Junction Primary School,P4,Writing - % Meeting Level,c
2024/25,South Lanarkshire,Carstairs Junction Primary School,P7,Listening & Talking - % Meeting Level,c
2024/25,South Lanarkshire,Carstairs Junction Primary School,P7,Numeracy - % Meeting Level,c
2024/25,South Lanarkshire,Carstairs Junction Primary School,P7,Reading - % Meeting Level,c
2024/25,South Lanarkshire,Carstairs Junction Primary School,P7,Writing - % Meeting Level,c
2024/25,South Lanarkshire,Carstairs Primary School,P1,Listening & Talking - % Meeting Level,c
2024/25,South Lanarkshire,Carstairs Primary School,P1,Numeracy - % Meeting Level,c
2024/25,South Lanarkshire,Carstairs Primary School,P1,Reading - % Meeting Level,c
2024/25,South Lanarkshire,Carstairs Primary School,P1,Writing - % Meeting Level,c
2024/25,South Lanarkshire,Carstairs Primary School,"P1, P4 & P7 combined",Listening & Talking - % Meeting Level,90+%
2024/25,South Lanarkshire,Carstairs Primary School,"P1, P4 & P7 combined",Numeracy - % Meeting Level,90+%
2024/25,South Lanarkshire,Carstairs Primary School,"P1, P4 & P7 combined",Reading - % Meeting Level,90+%
2024/25,South Lanarkshire,Carstairs Primary School,"P1, P4 & P7 combined",Writing - % Meeting Level,90+%
2024/25,South Lanarkshire,Carstairs Primary School,P4,Listening & Talking - % Meeting Level,c
2024/25,South Lanarkshire,Carstairs Primary School,P4,Numeracy - % Meeting Level,c
2024/25,South Lanarkshire,Carstairs Primary School,P4,Reading - % Meeting Level,c
2024/25,South Lanarkshire,Carstairs Primary School,P4,Writing - % Meeting Level,c
2024/25,South Lanarkshire,Carstairs Primary School,P7,Listening & Talking - % Meeting Level,c
2024/25,South Lanarkshire,Carstairs Primary School,P7,Numeracy - % Meeting Level,c
2024/25,South Lanarkshire,Carstairs Primary School,P7,Reading - % Meeting Level,c
2024/25,South Lanarkshire,Carstairs Primary School,P7,Writing - % Meeting Level,c
2024/25,South Lanarkshire,Castlefield Primary School,P1,Listening & Talking - % Meeting Level,80-90%
2024/25,South Lanarkshire,Castlefield Primary School,P1,Numeracy - % Meeting Level,70-80%
2024/25,South Lanarkshire,Castlefield Primary School,P1,Reading - % Meeting Level,60-70%
2024/25,South Lanarkshire,Castlefield Primary School,P1,Writing - % Meeting Level,60-70%
2024/25,South Lanarkshire,Castlefield Primary School,"P1, P4 & P7 combined",Listening & Talking - % Meeting Level,60-70%
2024/25,South Lanarkshire,Castlefield Primary School,"P1, P4 & P7 combined",Numeracy - % Meeting Level,60-70%
2024/25,South Lanarkshire,Castlefield Primary School,"P1, P4 & P7 combined",Reading - % Meeting Level,60-70%
2024/25,South Lanarkshire,Castlefield Primary School,"P1, P4 & P7 combined",Writing - % Meeting Level,60-70%
2024/25,South Lanarkshire,Castlefield Primary School,P4,Listening & Talking - % Meeting Level,60-70%
2024/25,South Lanarkshire,Castlefield Primary School,P4,Numeracy - % Meeting Level,80-90%
2024/25,South Lanarkshire,Castlefield Primary School,P4,Reading - % Meeting Level,70-80%
2024/25,South Lanarkshire,Castlefield Primary School,P4,Writing - % Meeting Level,70-80%
2024/25,South Lanarkshire,Castlefield Primary School,P7,Listening & Talking - % Meeting Level,c
2024/25,South Lanarkshire,Castlefield Primary School,P7,Numeracy - % Meeting Level,c
2024/25,South Lanarkshire,Castlefield Primary School,P7,Reading - % Meeting Level,c
2024/25,South Lanarkshire,Castlefield Primary School,P7,Writing - % Meeting Level,c
2024/25,South Lanarkshire,Cathkin Primary School,P1,Listening & Talking - % Meeting Level,50-60%
2024/25,South Lanarkshire,Cathkin Primary School,P1,Numeracy - % Meeting Level,50-60%
2024/25,South Lanarkshire,Cathkin Primary School,P1,Reading - % Meeting Level,40-50%
2024/25,South Lanarkshire,Cathkin Primary School,P1,Writing - % Meeting Level,40-50%
2024/25,South Lanarkshire,Cathkin Primary School,"P1, P4 & P7 combined",Listening & Talking - % Meeting Level,60-70%
2024/25,South Lanarkshire,Cathkin Primary School,"P1, P4 & P7 combined",Numeracy - % Meeting Level,50-60%
2024/25,South Lanarkshire,Cathkin Primary School,"P1, P4 & P7 combined",Reading - % Meeting Level,50-60%
2024/25,South Lanarkshire,Cathkin Primary School,"P1, P4 & P7 combined",Writing - % Meeting Level,50-60%
2024/25,South Lanarkshire,Cathkin Primary School,P4,Listening & Talking - % Meeting Level,60-70%
2024/25,South Lanarkshire,Cathkin Primary School,P4,Numeracy - % Meeting Level,60-70%
2024/25,South Lanarkshire,Cathkin Primary School,P4,Reading - % Meeting Level,50-60%
2024/25,South Lanarkshire,Cathkin Primary School,P4,Writing - % Meeting Level,50-60%
2024/25,South Lanarkshire,Cathkin Primary School,P7,Listening & Talking - % Meeting Level,80-90%
2024/25,South Lanarkshire,Cathkin Primary School,P7,Numeracy - % Meeting Level,60-70%
2024/25,South Lanarkshire,Cathkin Primary School,P7,Reading - % Meeting Level,80-90%
2024/25,South Lanarkshire,Cathkin Primary School,P7,Writing - % Meeting Level,60-70%
2024/25,South Lanarkshire,Chapelton Primary School,P1,Listening & Talking - % Meeting Level,c
2024/25,South Lanarkshire,Chapelton Primary School,P1,Numeracy - % Meeting Level,c
2024/25,South Lanarkshire,Chapelton Primary School,P1,Reading - % Meeting Level,c
2024/25,South Lanarkshire,Chapelton Primary School,P1,Writing - % Meeting Level,c
2024/25,South Lanarkshire,Chapelton Primary School,"P1, P4 & P7 combined",Listening & Talking - % Meeting Level,90+%
2024/25,South Lanarkshire,Chapelton Primary School,"P1, P4 & P7 combined",Numeracy - % Meeting Level,90+%
2024/25,South Lanarkshire,Chapelton Primary School,"P1, P4 & P7 combined",Reading - % Meeting Level,80-90%
2024/25,South Lanarkshire,Chapelton Primary School,"P1, P4 & P7 combined",Writing - % Meeting Level,80-90%
2024/25,South Lanarkshire,Chapelton Primary School,P4,Listening & Talking - % Meeting Level,c
2024/25,South Lanarkshire,Chapelton Primary School,P4,Numeracy - % Meeting Level,c
2024/25,South Lanarkshire,Chapelton Primary School,P4,Reading - % Meeting Level,c
2024/25,South Lanarkshire,Chapelton Primary School,P4,Writing - % Meeting Level,c
2024/25,South Lanarkshire,Chapelton Primary School,P7,Listening & Talking - % Meeting Level,c
2024/25,South Lanarkshire,Chapelton Primary School,P7,Numeracy - % Meeting Level,c
2024/25,South Lanarkshire,Chapelton Primary School,P7,Reading - % Meeting Level,c
2024/25,South Lanarkshire,Chapelton Primary School,P7,Writing - % Meeting Level,c
2024/25,South Lanarkshire,Chatelherault Primary School,P1,Listening & Talking - % Meeting Level,70-80%
2024/25,South Lanarkshire,Chatelherault Primary School,P1,Numeracy - % Meeting Level,60-70%
2024/25,South Lanarkshire,Chatelherault Primary School,P1,Reading - % Meeting Level,70-80%
2024/25,South Lanarkshire,Chatelherault Primary School,P1,Writing - % Meeting Level,70-80%
2024/25,South Lanarkshire,Chatelherault Primary School,"P1, P4 & P7 combined",Listening & Talking - % Meeting Level,70-80%
2024/25,South Lanarkshire,Chatelherault Primary School,"P1, P4 & P7 combined",Numeracy - % Meeting Level,70-80%
2024/25,South Lanarkshire,Chatelherault Primary School,"P1, P4 & P7 combined",Reading - % Meeting Level,70-80%
2024/25,South Lanarkshire,Chatelherault Primary School,"P1, P4 & P7 combined",Writing - % Meeting Level,60-70%
2024/25,South Lanarkshire,Chatelherault Primary School,P4,Listening & Talking - % Meeting Level,60-70%
2024/25,South Lanarkshire,Chatelherault Primary School,P4,Numeracy - % Meeting Level,60-70%
2024/25,South Lanarkshire,Chatelherault Primary School,P4,Reading - % Meeting Level,60-70%
2024/25,South Lanarkshire,Chatelherault Primary School,P4,Writing - % Meeting Level,60-70%
2024/25,South Lanarkshire,Chatelherault Primary School,P7,Listening & Talking - % Meeting Level,80-90%
2024/25,South Lanarkshire,Chatelherault Primary School,P7,Numeracy - % Meeting Level,80-90%
2024/25,South Lanarkshire,Chatelherault Primary School,P7,Reading - % Meeting Level,80-90%
2024/25,South Lanarkshire,Chatelherault Primary School,P7,Writing - % Meeting Level,70-80%
2024/25,South Lanarkshire,Coalburn Primary School,P1,Listening & Talking - % Meeting Level,c
2024/25,South Lanarkshire,Coalburn Primary School,P1,Numeracy - % Meeting Level,c
2024/25,South Lanarkshire,Coalburn Primary School,P1,Reading - % Meeting Level,c
2024/25,South Lanarkshire,Coalburn Primary School,P1,Writing - % Meeting Level,c
2024/25,South Lanarkshire,Coalburn Primary School,"P1, P4 & P7 combined",Listening & Talking - % Meeting Level,70-80%
2024/25,South Lanarkshire,Coalburn Primary School,"P1, P4 & P7 combined",Numeracy - % Meeting Level,80-90%
2024/25,South Lanarkshire,Coalburn Primary School,"P1, P4 & P7 combined",Reading - % Meeting Level,70-80%
2024/25,South Lanarkshire,Coalburn Primary School,"P1, P4 & P7 combined",Writing - % Meeting Level,70-80%
2024/25,South Lanarkshire,Coalburn Primary School,P4,Listening & Talking - % Meeting Level,c
2024/25,South Lanarkshire,Coalburn Primary School,P4,Numeracy - % Meeting Level,c
2024/25,South Lanarkshire,Coalburn Primary School,P4,Reading - % Meeting Level,c
2024/25,South Lanarkshire,Coalburn Primary School,P4,Writing - % Meeting Level,c
2024/25,South Lanarkshire,Coalburn Primary School,P7,Listening & Talking - % Meeting Level,c
2024/25,South Lanarkshire,Coalburn Primary School,P7,Numeracy - % Meeting Level,c
2024/25,South Lanarkshire,Coalburn Primary School,P7,Reading - % Meeting Level,c
2024/25,South Lanarkshire,Coalburn Primary School,P7,Writing - % Meeting Level,c
2024/25,South Lanarkshire,Coulter Primary School,"P1, P4 & P7 combined",Listening & Talking - % Meeting Level,c
2024/25,South Lanarkshire,Coulter Primary School,"P1, P4 & P7 combined",Numeracy - % Meeting Level,c
2024/25,South Lanarkshire,Coulter Primary School,"P1, P4 & P7 combined",Reading - % Meeting Level,c
2024/25,South Lanarkshire,Coulter Primary School,"P1, P4 & P7 combined",Writing - % Meeting Level,c
2024/25,South Lanarkshire,Coulter Primary School,P4,Listening & Talking - % Meeting Level,c
2024/25,South Lanarkshire,Coulter Primary School,P4,Numeracy - % Meeting Level,c
2024/25,South Lanarkshire,Coulter Primary School,P4,Reading - % Meeting Level,c
2024/25,South Lanarkshire,Coulter Primary School,P4,Writing - % Meeting Level,c
2024/25,South Lanarkshire,Coulter Primary School,P7,Listening & Talking - % Meeting Level,c
2024/25,South Lanarkshire,Coulter Primary School,P7,Numeracy - % Meeting Level,c
2024/25,South Lanarkshire,Coulter Primary School,P7,Reading - % Meeting Level,c
2024/25,South Lanarkshire,Coulter Primary School,P7,Writing - % Meeting Level,c
2024/25,South Lanarkshire,Craigbank Primary School,P1,Listening & Talking - % Meeting Level,80-90%
2024/25,South Lanarkshire,Craigbank Primary School,P1,Numeracy - % Meeting Level,90+%
2024/25,South Lanarkshire,Craigbank Primary School,P1,Reading - % Meeting Level,60-70%
2024/25,South Lanarkshire,Craigbank Primary School,P1,Writing - % Meeting Level,60-70%
2024/25,South Lanarkshire,Craigbank Primary School,"P1, P4 & P7 combined",Listening & Talking - % Meeting Level,70-80%
2024/25,South Lanarkshire,Craigbank Primary School,"P1, P4 & P7 combined",Numeracy - % Meeting Level,60-70%
2024/25,South Lanarkshire,Craigbank Primary School,"P1, P4 & P7 combined",Reading - % Meeting Level,60-70%
2024/25,South Lanarkshire,Craigbank Primary School,"P1, P4 & P7 combined",Writing - % Meeting Level,60-70%
2024/25,South Lanarkshire,Craigbank Primary School,P4,Listening & Talking - % Meeting Level,60-70%
2024/25,South Lanarkshire,Craigbank Primary School,P4,Numeracy - % Meeting Level,40-50%
2024/25,South Lanarkshire,Craigbank Primary School,P4,Reading - % Meeting Level,50-60%
2024/25,South Lanarkshire,Craigbank Primary School,P4,Writing - % Meeting Level,40-50%
2024/25,South Lanarkshire,Craigbank Primary School,P7,Listening & Talking - % Meeting Level,70-80%
2024/25,South Lanarkshire,Craigbank Primary School,P7,Numeracy - % Meeting Level,70-80%
2024/25,South Lanarkshire,Craigbank Primary School,P7,Reading - % Meeting Level,70-80%
2024/25,South Lanarkshire,Craigbank Primary School,P7,Writing - % Meeting Level,70-80%
2024/25,South Lanarkshire,Crawford Primary School,P1,Listening & Talking - % Meeting Level,c
2024/25,South Lanarkshire,Crawford Primary School,P1,Numeracy - % Meeting Level,c
2024/25,South Lanarkshire,Crawford Primary School,P1,Reading - % Meeting Level,c
2024/25,South Lanarkshire,Crawford Primary School,P1,Writing - % Meeting Level,c
2024/25,South Lanarkshire,Crawford Primary School,"P1, P4 & P7 combined",Listening & Talking - % Meeting Level,c
2024/25,South Lanarkshire,Crawford Primary School,"P1, P4 & P7 combined",Numeracy - % Meeting Level,c
2024/25,South Lanarkshire,Crawford Primary School,"P1, P4 & P7 combined",Reading - % Meeting Level,c
2024/25,South Lanarkshire,Crawford Primary School,"P1, P4 & P7 combined",Writing - % Meeting Level,c
2024/25,South Lanarkshire,Crawforddyke Primary School,P1,Listening & Talking - % Meeting Level,90+%
2024/25,South Lanarkshire,Crawforddyke Primary School,P1,Numeracy - % Meeting Level,80-90%
2024/25,South Lanarkshire,Crawforddyke Primary School,P1,Reading - % Meeting Level,70-80%
2024/25,South Lanarkshire,Crawforddyke Primary School,P1,Writing - % Meeting Level,70-80%
2024/25,South Lanarkshire,Crawforddyke Primary School,"P1, P4 & P7 combined",Listening & Talking - % Meeting Level,80-90%
2024/25,South Lanarkshire,Crawforddyke Primary School,"P1, P4 & P7 combined",Numeracy - % Meeting Level,70-80%
2024/25,South Lanarkshire,Crawforddyke Primary School,"P1, P4 & P7 combined",Reading - % Meeting Level,70-80%
2024/25,South Lanarkshire,Crawforddyke Primary School,"P1, P4 & P7 combined",Writing - % Meeting Level,60-70%
2024/25,South Lanarkshire,Crawforddyke Primary School,P4,Listening & Talking - % Meeting Level,80-90%
2024/25,South Lanarkshire,Crawforddyke Primary School,P4,Numeracy - % Meeting Level,70-80%
2024/25,South Lanarkshire,Crawforddyke Primary School,P4,Reading - % Meeting Level,70-80%
2024/25,South Lanarkshire,Crawforddyke Primary School,P4,Writing - % Meeting Level,70-80%
2024/25,South Lanarkshire,Crawforddyke Primary School,P7,Listening & Talking - % Meeting Level,80-90%
2024/25,South Lanarkshire,Crawforddyke Primary School,P7,Numeracy - % Meeting Level,60-70%
2024/25,South Lanarkshire,Crawforddyke Primary School,P7,Reading - % Meeting Level,70-80%
2024/25,South Lanarkshire,Crawforddyke Primary School,P7,Writing - % Meeting Level,60-70%
2024/25,South Lanarkshire,Crosshouse Primary School,P1,Listening & Talking - % Meeting Level,70-80%
2024/25,South Lanarkshire,Crosshouse Primary School,P1,Numeracy - % Meeting Level,70-80%
2024/25,South Lanarkshire,Crosshouse Primary School,P1,Reading - % Meeting Level,70-80%
2024/25,South Lanarkshire,Crosshouse Primary School,P1,Writing - % Meeting Level,60-70%
2024/25,South Lanarkshire,Crosshouse Primary School,"P1, P4 & P7 combined",Listening & Talking - % Meeting Level,80-90%
2024/25,South Lanarkshire,Crosshouse Primary School,"P1, P4 & P7 combined",Numeracy - % Meeting Level,80-90%
2024/25,South Lanarkshire,Crosshouse Primary School,"P1, P4 & P7 combined",Reading - % Meeting Level,80-90%
2024/25,South Lanarkshire,Crosshouse Primary School,"P1, P4 & P7 combined",Writing - % Meeting Level,70-80%
2024/25,South Lanarkshire,Crosshouse Primary School,P4,Listening & Talking - % Meeting Level,80-90%
2024/25,South Lanarkshire,Crosshouse Primary School,P4,Numeracy - % Meeting Level,70-80%
2024/25,South Lanarkshire,Crosshouse Primary School,P4,Reading - % Meeting Level,70-80%
2024/25,South Lanarkshire,Crosshouse Primary School,P4,Writing - % Meeting Level,70-80%
2024/25,South Lanarkshire,Crosshouse Primary School,P7,Listening & Talking - % Meeting Level,90+%
2024/25,South Lanarkshire,Crosshouse Primary School,P7,Numeracy - % Meeting Level,80-90%
2024/25,South Lanarkshire,Crosshouse Primary School,P7,Reading - % Meeting Level,90+%
2024/25,South Lanarkshire,Crosshouse Primary School,P7,Writing - % Meeting Level,80-90%
2024/25,South Lanarkshire,Dalserf Primary School,P1,Listening & Talking - % Meeting Level,c
2024/25,South Lanarkshire,Dalserf Primary School,P1,Numeracy - % Meeting Level,c
2024/25,South Lanarkshire,Dalserf Primary School,P1,Reading - % Meeting Level,c
2024/25,South Lanarkshire,Dalserf Primary School,P1,Writing - % Meeting Level,c
2024/25,South Lanarkshire,Dalserf Primary School,"P1, P4 & P7 combined",Listening & Talking - % Meeting Level,80-90%
2024/25,South Lanarkshire,Dalserf Primary School,"P1, P4 & P7 combined",Numeracy - % Meeting Level,80-90%
2024/25,South Lanarkshire,Dalserf Primary School,"P1, P4 & P7 combined",Reading - % Meeting Level,80-90%
2024/25,South Lanarkshire,Dalserf Primary School,"P1, P4 & P7 combined",Writing - % Meeting Level,80-90%
2024/25,South Lanarkshire,Dalserf Primary School,P4,Listening & Talking - % Meeting Level,c
2024/25,South Lanarkshire,Dalserf Primary School,P4,Numeracy - % Meeting Level,c
2024/25,South Lanarkshire,Dalserf Primary School,P4,Reading - % Meeting Level,c
2024/25,South Lanarkshire,Dalserf Primary School,P4,Writing - % Meeting Level,c
2024/25,South Lanarkshire,Dalserf Primary School,P7,Listening & Talking - % Meeting Level,c
2024/25,South Lanarkshire,Dalserf Primary School,P7,Numeracy - % Meeting Level,c
2024/25,South Lanarkshire,Dalserf Primary School,P7,Reading - % Meeting Level,c
2024/25,South Lanarkshire,Dalserf Primary School,P7,Writing - % Meeting Level,c
2024/25,South Lanarkshire,David Livingstone Memorial Primary School,P1,Listening & Talking - % Meeting Level,70-80%
2024/25,South Lanarkshire,David Livingstone Memorial Primary School,P1,Numeracy - % Meeting Level,80-90%
2024/25,South Lanarkshire,David Livingstone Memorial Primary School,P1,Reading - % Meeting Level,60-70%
2024/25,South Lanarkshire,David Livingstone Memorial Primary School,P1,Writing - % Meeting Level,60-70%
2024/25,South Lanarkshire,David Livingstone Memorial Primary School,"P1, P4 & P7 combined",Listening & Talking - % Meeting Level,80-90%
2024/25,South Lanarkshire,David Livingstone Memorial Primary School,"P1, P4 & P7 combined",Numeracy - % Meeting Level,70-80%
2024/25,South Lanarkshire,David Livingstone Memorial Primary School,"P1, P4 & P7 combined",Reading - % Meeting Level,70-80%
2024/25,South Lanarkshire,David Livingstone Memorial Primary School,"P1, P4 & P7 combined",Writing - % Meeting Level,70-80%
2024/25,South Lanarkshire,David Livingstone Memorial Primary School,P4,Listening & Talking - % Meeting Level,90+%
2024/25,South Lanarkshire,David Livingstone Memorial Primary School,P4,Numeracy - % Meeting Level,70-80%
2024/25,South Lanarkshire,David Livingstone Memorial Primary School,P4,Reading - % Meeting Level,70-80%
2024/25,South Lanarkshire,David Livingstone Memorial Primary School,P4,Writing - % Meeting Level,70-80%
2024/25,South Lanarkshire,David Livingstone Memorial Primary School,P7,Listening & Talking - % Meeting Level,80-90%
2024/25,South Lanarkshire,David Livingstone Memorial Primary School,P7,Numeracy - % Meeting Level,60-70%
2024/25,South Lanarkshire,David Livingstone Memorial Primary School,P7,Reading - % Meeting Level,80-90%
2024/25,South Lanarkshire,David Livingstone Memorial Primary School,P7,Writing - % Meeting Level,80-90%
2024/25,South Lanarkshire,Douglas Primary School,P1,Listening & Talking - % Meeting Level,c
2024/25,South Lanarkshire,Douglas Primary School,P1,Numeracy - % Meeting Level,c
2024/25,South Lanarkshire,Douglas Primary School,P1,Reading - % Meeting Level,c
2024/25,South Lanarkshire,Douglas Primary School,P1,Writing - % Meeting Level,c
2024/25,South Lanarkshire,Douglas Primary School,"P1, P4 & P7 combined",Listening & Talking - % Meeting Level,60-70%
2024/25,South Lanarkshire,Douglas Primary School,"P1, P4 & P7 combined",Numeracy - % Meeting Level,70-80%
2024/25,South Lanarkshire,Douglas Primary School,"P1, P4 & P7 combined",Reading - % Meeting Level,60-70%
2024/25,South Lanarkshire,Douglas Primary School,"P1, P4 & P7 combined",Writing - % Meeting Level,50-60%
2024/25,South Lanarkshire,Douglas Primary School,P4,Listening & Talking - % Meeting Level,c
2024/25,South Lanarkshire,Douglas Primary School,P4,Numeracy - % Meeting Level,c
2024/25,South Lanarkshire,Douglas Primary School,P4,Reading - % Meeting Level,c
2024/25,South Lanarkshire,Douglas Primary School,P4,Writing - % Meeting Level,c
2024/25,South Lanarkshire,Douglas Primary School,P7,Listening & Talking - % Meeting Level,c
2024/25,South Lanarkshire,Douglas Primary School,P7,Numeracy - % Meeting Level,c
2024/25,South Lanarkshire,Douglas Primary School,P7,Reading - % Meeting Level,c
2024/25,South Lanarkshire,Douglas Primary School,P7,Writing - % Meeting Level,c
2024/25,South Lanarkshire,East Milton Primary School,P1,Listening & Talking - % Meeting Level,90+%
2024/25,South Lanarkshire,East Milton Primary School,P1,Numeracy - % Meeting Level,90+%
2024/25,South Lanarkshire,East Milton Primary School,P1,Reading - % Meeting Level,80-90%
2024/25,South Lanarkshire,East Milton Primary School,P1,Writing - % Meeting Level,70-80%
2024/25,South Lanarkshire,East Milton Primary School,"P1, P4 & P7 combined",Listening & Talking - % Meeting Level,80-90%
2024/25,South Lanarkshire,East Milton Primary School,"P1, P4 & P7 combined",Numeracy - % Meeting Level,70-80%
2024/25,South Lanarkshire,East Milton Primary School,"P1, P4 & P7 combined",Reading - % Meeting Level,70-80%
2024/25,South Lanarkshire,East Milton Primary School,"P1, P4 & P7 combined",Writing - % Meeting Level,60-70%
2024/25,South Lanarkshire,East Milton Primary School,P4,Listening & Talking - % Meeting Level,70-80%
2024/25,South Lanarkshire,East Milton Primary School,P4,Numeracy - % Meeting Level,70-80%
2024/25,South Lanarkshire,East Milton Primary School,P4,Reading - % Meeting Level,60-70%
2024/25,South Lanarkshire,East Milton Primary School,P4,Writing - % Meeting Level,50-60%
2024/25,South Lanarkshire,East Milton Primary School,P7,Listening & Talking - % Meeting Level,80-90%
2024/25,South Lanarkshire,East Milton Primary School,P7,Numeracy - % Meeting Level,60-70%
2024/25,South Lanarkshire,East Milton Primary School,P7,Reading - % Meeting Level,80-90%
2024/25,South Lanarkshire,East Milton Primary School,P7,Writing - % Meeting Level,70-80%
2024/25,South Lanarkshire,Forth Primary School,P1,Listening & Talking - % Meeting Level,c
2024/25,South Lanarkshire,Forth Primary School,P1,Numeracy - % Meeting Level,c
2024/25,South Lanarkshire,Forth Primary School,P1,Reading - % Meeting Level,c
2024/25,South Lanarkshire,Forth Primary School,P1,Writing - % Meeting Level,c
2024/25,South Lanarkshire,Forth Primary School,"P1, P4 & P7 combined",Listening & Talking - % Meeting Level,90+%
2024/25,South Lanarkshire,Forth Primary School,"P1, P4 & P7 combined",Numeracy - % Meeting Level,80-90%
2024/25,South Lanarkshire,Forth Primary School,"P1, P4 & P7 combined",Reading - % Meeting Level,80-90%
2024/25,South Lanarkshire,Forth Primary School,"P1, P4 & P7 combined",Writing - % Meeting Level,80-90%
2024/25,South Lanarkshire,Forth Primary School,P4,Listening & Talking - % Meeting Level,90+%
2024/25,South Lanarkshire,Forth Primary School,P4,Numeracy - % Meeting Level,70-80%
2024/25,South Lanarkshire,Forth Primary School,P4,Reading - % Meeting Level,70-80%
2024/25,South Lanarkshire,Forth Primary School,P4,Writing - % Meeting Level,70-80%
2024/25,South Lanarkshire,Forth Primary School,P7,Listening & Talking - % Meeting Level,80-90%
2024/25,South Lanarkshire,Forth Primary School,P7,Numeracy - % Meeting Level,80-90%
2024/25,South Lanarkshire,Forth Primary School,P7,Reading - % Meeting Level,70-80%
2024/25,South Lanarkshire,Forth Primary School,P7,Writing - % Meeting Level,70-80%
2024/25,South Lanarkshire,Gilmourton Primary School,P1,Listening & Talking - % Meeting Level,c
2024/25,South Lanarkshire,Gilmourton Primary School,P1,Numeracy - % Meeting Level,c
2024/25,South Lanarkshire,Gilmourton Primary School,P1,Reading - % Meeting Level,c
2024/25,South Lanarkshire,Gilmourton Primary School,P1,Writing - % Meeting Level,c
2024/25,South Lanarkshire,Gilmourton Primary School,"P1, P4 & P7 combined",Listening & Talking - % Meeting Level,c
2024/25,South Lanarkshire,Gilmourton Primary School,"P1, P4 & P7 combined",Numeracy - % Meeting Level,c
2024/25,South Lanarkshire,Gilmourton Primary School,"P1, P4 & P7 combined",Reading - % Meeting Level,c
2024/25,South Lanarkshire,Gilmourton Primary School,"P1, P4 & P7 combined",Writing - % Meeting Level,c
2024/25,South Lanarkshire,Gilmourton Primary School,P4,Listening & Talking - % Meeting Level,c
2024/25,South Lanarkshire,Gilmourton Primary School,P4,Numeracy - % Meeting Level,c
2024/25,South Lanarkshire,Gilmourton Primary School,P4,Reading - % Meeting Level,c
2024/25,South Lanarkshire,Gilmourton Primary School,P4,Writing - % Meeting Level,c
2024/25,South Lanarkshire,Gilmourton Primary School,P7,Listening & Talking - % Meeting Level,c
2024/25,South Lanarkshire,Gilmourton Primary School,P7,Numeracy - % Meeting Level,c
2024/25,South Lanarkshire,Gilmourton Primary School,P7,Reading - % Meeting Level,c
2024/25,South Lanarkshire,Gilmourton Primary School,P7,Writing - % Meeting Level,c
2024/25,South Lanarkshire,Glassford Primary School,P1,Listening & Talking - % Meeting Level,c
2024/25,South Lanarkshire,Glassford Primary School,P1,Numeracy - % Meeting Level,c
2024/25,South Lanarkshire,Glassford Primary School,P1,Reading - % Meeting Level,c
2024/25,South Lanarkshire,Glassford Primary School,P1,Writing - % Meeting Level,c
2024/25,South Lanarkshire,Glassford Primary School,"P1, P4 & P7 combined",Listening & Talking - % Meeting Level,90+%
2024/25,South Lanarkshire,Glassford Primary School,"P1, P4 & P7 combined",Numeracy - % Meeting Level,80-90%
2024/25,South Lanarkshire,Glassford Primary School,"P1, P4 & P7 combined",Reading - % Meeting Level,80-90%
2024/25,South Lanarkshire,Glassford Primary School,"P1, P4 & P7 combined",Writing - % Meeting Level,80-90%
2024/25,South Lanarkshire,Glassford Primary School,P4,Listening & Talking - % Meeting Level,c
2024/25,South Lanarkshire,Glassford Primary School,P4,Numeracy - % Meeting Level,c
2024/25,South Lanarkshire,Glassford Primary School,P4,Reading - % Meeting Level,c
2024/25,South Lanarkshire,Glassford Primary School,P4,Writing - % Meeting Level,c
2024/25,South Lanarkshire,Glassford Primary School,P7,Listening & Talking - % Meeting Level,c
2024/25,South Lanarkshire,Glassford Primary School,P7,Numeracy - % Meeting Level,c
2024/25,South Lanarkshire,Glassford Primary School,P7,Reading - % Meeting Level,c
2024/25,South Lanarkshire,Glassford Primary School,P7,Writing - % Meeting Level,c
2024/25,South Lanarkshire,Glengowan Primary School,P1,Listening & Talking - % Meeting Level,90+%
2024/25,South Lanarkshire,Glengowan Primary School,P1,Numeracy - % Meeting Level,90+%
2024/25,South Lanarkshire,Glengowan Primary School,P1,Reading - % Meeting Level,80-90%
2024/25,South Lanarkshire,Glengowan Primary School,P1,Writing - % Meeting Level,80-90%
2024/25,South Lanarkshire,Glengowan Primary School,"P1, P4 & P7 combined",Listening & Talking - % Meeting Level,90+%
2024/25,South Lanarkshire,Glengowan Primary School,"P1, P4 & P7 combined",Numeracy - % Meeting Level,70-80%
2024/25,South Lanarkshire,Glengowan Primary School,"P1, P4 & P7 combined",Reading - % Meeting Level,80-90%
2024/25,South Lanarkshire,Glengowan Primary School,"P1, P4 & P7 combined",Writing - % Meeting Level,80-90%
2024/25,South Lanarkshire,Glengowan Primary School,P4,Listening & Talking - % Meeting Level,80-90%
2024/25,South Lanarkshire,Glengowan Primary School,P4,Numeracy - % Meeting Level,70-80%
2024/25,South Lanarkshire,Glengowan Primary School,P4,Reading - % Meeting Level,80-90%
2024/25,South Lanarkshire,Glengowan Primary School,P4,Writing - % Meeting Level,70-80%
2024/25,South Lanarkshire,Glengowan Primary School,P7,Listening & Talking - % Meeting Level,90+%
2024/25,South Lanarkshire,Glengowan Primary School,P7,Numeracy - % Meeting Level,50-60%
2024/25,South Lanarkshire,Glengowan Primary School,P7,Reading - % Meeting Level,80-90%
2024/25,South Lanarkshire,Glengowan Primary School,P7,Writing - % Meeting Level,70-80%
2024/25,South Lanarkshire,Glenlee Primary School,P1,Listening & Talking - % Meeting Level,90+%
2024/25,South Lanarkshire,Glenlee Primary School,P1,Numeracy - % Meeting Level,80-90%
2024/25,South Lanarkshire,Glenlee Primary School,P1,Reading - % Meeting Level,80-90%
2024/25,South Lanarkshire,Glenlee Primary School,P1,Writing - % Meeting Level,80-90%
2024/25,South Lanarkshire,Glenlee Primary School,"P1, P4 & P7 combined",Listening & Talking - % Meeting Level,90+%
2024/25,South Lanarkshire,Glenlee Primary School,"P1, P4 & P7 combined",Numeracy - % Meeting Level,80-90%
2024/25,South Lanarkshire,Glenlee Primary School,"P1, P4 & P7 combined",Reading - % Meeting Level,80-90%
2024/25,South Lanarkshire,Glenlee Primary School,"P1, P4 & P7 combined",Writing - % Meeting Level,70-80%
2024/25,South Lanarkshire,Glenlee Primary School,P4,Listening & Talking - % Meeting Level,90+%
2024/25,South Lanarkshire,Glenlee Primary School,P4,Numeracy - % Meeting Level,70-80%
2024/25,South Lanarkshire,Glenlee Primary School,P4,Reading - % Meeting Level,80-90%
2024/25,South Lanarkshire,Glenlee Primary School,P4,Writing - % Meeting Level,70-80%
2024/25,South Lanarkshire,Glenlee Primary School,P7,Listening & Talking - % Meeting Level,90+%
2024/25,South Lanarkshire,Glenlee Primary School,P7,Numeracy - % Meeting Level,80-90%
2024/25,South Lanarkshire,Glenlee Primary School,P7,Reading - % Meeting Level,90+%
2024/25,South Lanarkshire,Glenlee Primary School,P7,Writing - % Meeting Level,80-90%
2024/25,South Lanarkshire,Greenhills Primary School,P1,Listening & Talking - % Meeting Level,40-50%
2024/25,South Lanarkshire,Greenhills Primary School,P1,Numeracy - % Meeting Level,50-60%
2024/25,South Lanarkshire,Greenhills Primary School,P1,Reading - % Meeting Level,30-40%
2024/25,South Lanarkshire,Greenhills Primary School,P1,Writing - % Meeting Level,30-40%
2024/25,South Lanarkshire,Greenhills Primary School,"P1, P4 & P7 combined",Listening & Talking - % Meeting Level,50-60%
2024/25,South Lanarkshire,Greenhills Primary School,"P1, P4 & P7 combined",Numeracy - % Meeting Level,40-50%
2024/25,South Lanarkshire,Greenhills Primary School,"P1, P4 & P7 combined",Reading - % Meeting Level,40-50%
2024/25,South Lanarkshire,Greenhills Primary School,"P1, P4 & P7 combined",Writing - % Meeting Level,30-40%
2024/25,South Lanarkshire,Greenhills Primary School,P4,Listening & Talking - % Meeting Level,50-60%
2024/25,South Lanarkshire,Greenhills Primary School,P4,Numeracy - % Meeting Level,40-50%
2024/25,South Lanarkshire,Greenhills Primary School,P4,Reading - % Meeting Level,40-50%
2024/25,South Lanarkshire,Greenhills Primary School,P4,Writing - % Meeting Level,30-40%
2024/25,South Lanarkshire,Greenhills Primary School,P7,Listening & Talking - % Meeting Level,70-80%
2024/25,South Lanarkshire,Greenhills Primary School,P7,Numeracy - % Meeting Level,40-50%
2024/25,South Lanarkshire,Greenhills Primary School,P7,Reading - % Meeting Level,50-60%
2024/25,South Lanarkshire,Greenhills Primary School,P7,Writing - % Meeting Level,30-40%
2024/25,South Lanarkshire,Halfmerke Primary School,P1,Listening & Talking - % Meeting Level,90+%
2024/25,South Lanarkshire,Halfmerke Primary School,P1,Numeracy - % Meeting Level,80-90%
2024/25,South Lanarkshire,Halfmerke Primary School,P1,Reading - % Meeting Level,70-80%
2024/25,South Lanarkshire,Halfmerke Primary School,P1,Writing - % Meeting Level,70-80%
2024/25,South Lanarkshire,Halfmerke Primary School,"P1, P4 & P7 combined",Listening & Talking - % Meeting Level,80-90%
2024/25,South Lanarkshire,Halfmerke Primary School,"P1, P4 & P7 combined",Numeracy - % Meeting Level,70-80%
2024/25,South Lanarkshire,Halfmerke Primary School,"P1, P4 & P7 combined",Reading - % Meeting Level,70-80%
2024/25,South Lanarkshire,Halfmerke Primary School,"P1, P4 & P7 combined",Writing - % Meeting Level,60-70%
2024/25,South Lanarkshire,Halfmerke Primary School,P4,Listening & Talking - % Meeting Level,80-90%
2024/25,South Lanarkshire,Halfmerke Primary School,P4,Numeracy - % Meeting Level,70-80%
2024/25,South Lanarkshire,Halfmerke Primary School,P4,Reading - % Meeting Level,50-60%
2024/25,South Lanarkshire,Halfmerke Primary School,P4,Writing - % Meeting Level,40-50%
2024/25,South Lanarkshire,Halfmerke Primary School,P7,Listening & Talking - % Meeting Level,90+%
2024/25,South Lanarkshire,Halfmerke Primary School,P7,Numeracy - % Meeting Level,70-80%
2024/25,South Lanarkshire,Halfmerke Primary School,P7,Reading - % Meeting Level,80-90%
2024/25,South Lanarkshire,Halfmerke Primary School,P7,Writing - % Meeting Level,70-80%
2024/25,South Lanarkshire,Hallside Primary School,P1,Listening & Talking - % Meeting Level,80-90%
2024/25,South Lanarkshire,Hallside Primary School,P1,Numeracy - % Meeting Level,80-90%
2024/25,South Lanarkshire,Hallside Primary School,P1,Reading - % Meeting Level,70-80%
2024/25,South Lanarkshire,Hallside Primary School,P1,Writing - % Meeting Level,70-80%
2024/25,South Lanarkshire,Hallside Primary School,"P1, P4 & P7 combined",Listening & Talking - % Meeting Level,80-90%
2024/25,South Lanarkshire,Hallside Primary School,"P1, P4 & P7 combined",Numeracy - % Meeting Level,70-80%
2024/25,South Lanarkshire,Hallside Primary School,"P1, P4 & P7 combined",Reading - % Meeting Level,70-80%
2024/25,South Lanarkshire,Hallside Primary School,"P1, P4 & P7 combined",Writing - % Meeting Level,70-80%
2024/25,South Lanarkshire,Hallside Primary School,P4,Listening & Talking - % Meeting Level,70-80%
2024/25,South Lanarkshire,Hallside Primary School,P4,Numeracy - % Meeting Level,70-80%
2024/25,South Lanarkshire,Hallside Primary School,P4,Reading - % Meeting Level,70-80%
2024/25,South Lanarkshire,Hallside Primary School,P4,Writing - % Meeting Level,70-80%
2024/25,South Lanarkshire,Hallside Primary School,P7,Listening & Talking - % Meeting Level,90+%
2024/25,South Lanarkshire,Hallside Primary School,P7,Numeracy - % Meeting Level,70-80%
2024/25,South Lanarkshire,Hallside Primary School,P7,Reading - % Meeting Level,80-90%
2024/25,South Lanarkshire,Hallside Primary School,P7,Writing - % Meeting Level,80-90%
2024/25,South Lanarkshire,Hareleeshill Primary School,P1,Listening & Talking - % Meeting Level,c
2024/25,South Lanarkshire,Hareleeshill Primary School,P1,Numeracy - % Meeting Level,c
2024/25,South Lanarkshire,Hareleeshill Primary School,P1,Reading - % Meeting Level,c
2024/25,South Lanarkshire,Hareleeshill Primary School,P1,Writing - % Meeting Level,c
2024/25,South Lanarkshire,Hareleeshill Primary School,"P1, P4 & P7 combined",Listening & Talking - % Meeting Level,50-60%
2024/25,South Lanarkshire,Hareleeshill Primary School,"P1, P4 & P7 combined",Numeracy - % Meeting Level,50-60%
2024/25,South Lanarkshire,Hareleeshill Primary School,"P1, P4 & P7 combined",Reading - % Meeting Level,40-50%
2024/25,South Lanarkshire,Hareleeshill Primary School,"P1, P4 & P7 combined",Writing - % Meeting Level,40-50%
2024/25,South Lanarkshire,Hareleeshill Primary School,P4,Listening & Talking - % Meeting Level,40-50%
2024/25,South Lanarkshire,Hareleeshill Primary School,P4,Numeracy - % Meeting Level,60-70%
2024/25,South Lanarkshire,Hareleeshill Primary School,P4,Reading - % Meeting Level,20-30%
2024/25,South Lanarkshire,Hareleeshill Primary School,P4,Writing - % Meeting Level,30-40%
2024/25,South Lanarkshire,Hareleeshill Primary School,P7,Listening & Talking - % Meeting Level,70-80%
2024/25,South Lanarkshire,Hareleeshill Primary School,P7,Numeracy - % Meeting Level,40-50%
2024/25,South Lanarkshire,Hareleeshill Primary School,P7,Reading - % Meeting Level,70-80%
2024/25,South Lanarkshire,Hareleeshill Primary School,P7,Writing - % Meeting Level,50-60%
2024/25,South Lanarkshire,Heathery Knowe Primary School,P1,Listening & Talking - % Meeting Level,80-90%
2024/25,South Lanarkshire,Heathery Knowe Primary School,P1,Numeracy - % Meeting Level,80-90%
2024/25,South Lanarkshire,Heathery Knowe Primary School,P1,Reading - % Meeting Level,80-90%
2024/25,South Lanarkshire,Heathery Knowe Primary School,P1,Writing - % Meeting Level,80-90%
2024/25,South Lanarkshire,Heathery Knowe Primary School,"P1, P4 & P7 combined",Listening & Talking - % Meeting Level,60-70%
2024/25,South Lanarkshire,Heathery Knowe Primary School,"P1, P4 & P7 combined",Numeracy - % Meeting Level,60-70%
2024/25,South Lanarkshire,Heathery Knowe Primary School,"P1, P4 & P7 combined",Reading - % Meeting Level,60-70%
2024/25,South Lanarkshire,Heathery Knowe Primary School,"P1, P4 & P7 combined",Writing - % Meeting Level,50-60%
2024/25,South Lanarkshire,Heathery Knowe Primary School,P4,Listening & Talking - % Meeting Level,40-50%
2024/25,South Lanarkshire,Heathery Knowe Primary School,P4,Numeracy - % Meeting Level,50-60%
2024/25,South Lanarkshire,Heathery Knowe Primary School,P4,Reading - % Meeting Level,40-50%
2024/25,South Lanarkshire,Heathery Knowe Primary School,P4,Writing - % Meeting Level,40-50%
2024/25,South Lanarkshire,Heathery Knowe Primary School,P7,Listening & Talking - % Meeting Level,70-80%
2024/25,South Lanarkshire,Heathery Knowe Primary School,P7,Numeracy - % Meeting Level,70-80%
2024/25,South Lanarkshire,Heathery Knowe Primary School,P7,Reading - % Meeting Level,60-70%
2024/25,South Lanarkshire,Heathery Knowe Primary School,P7,Writing - % Meeting Level,50-60%
2024/25,South Lanarkshire,High Blantyre Primary School,P1,Listening & Talking - % Meeting Level,70-80%
2024/25,South Lanarkshire,High Blantyre Primary School,P1,Numeracy - % Meeting Level,80-90%
2024/25,South Lanarkshire,High Blantyre Primary School,P1,Reading - % Meeting Level,60-70%
2024/25,South Lanarkshire,High Blantyre Primary School,P1,Writing - % Meeting Level,60-70%
2024/25,South Lanarkshire,High Blantyre Primary School,"P1, P4 & P7 combined",Listening & Talking - % Meeting Level,60-70%
2024/25,South Lanarkshire,High Blantyre Primary School,"P1, P4 & P7 combined",Numeracy - % Meeting Level,60-70%
2024/25,South Lanarkshire,High Blantyre Primary School,"P1, P4 & P7 combined",Reading - % Meeting Level,60-70%
2024/25,South Lanarkshire,High Blantyre Primary School,"P1, P4 & P7 combined",Writing - % Meeting Level,60-70%
2024/25,South Lanarkshire,High Blantyre Primary School,P4,Listening & Talking - % Meeting Level,40-50%
2024/25,South Lanarkshire,High Blantyre Primary School,P4,Numeracy - % Meeting Level,50-60%
2024/25,South Lanarkshire,High Blantyre Primary School,P4,Reading - % Meeting Level,50-60%
2024/25,South Lanarkshire,High Blantyre Primary School,P4,Writing - % Meeting Level,50-60%
2024/25,South Lanarkshire,High Blantyre Primary School,P7,Listening & Talking - % Meeting Level,80-90%
2024/25,South Lanarkshire,High Blantyre Primary School,P7,Numeracy - % Meeting Level,70-80%
2024/25,South Lanarkshire,High Blantyre Primary School,P7,Reading - % Meeting Level,70-80%
2024/25,South Lanarkshire,High Blantyre Primary School,P7,Writing - % Meeting Level,60-70%
2024/25,South Lanarkshire,High Mill Primary School,P1,Listening & Talking - % Meeting Level,c
2024/25,South Lanarkshire,High Mill Primary School,P1,Numeracy - % Meeting Level,c
2024/25,South Lanarkshire,High Mill Primary School,P1,Reading - % Meeting Level,c
2024/25,South Lanarkshire,High Mill Primary School,P1,Writing - % Meeting Level,c
2024/25,South Lanarkshire,High Mill Primary School,"P1, P4 & P7 combined",Listening & Talking - % Meeting Level,70-80%
2024/25,South Lanarkshire,High Mill Primary School,"P1, P4 & P7 combined",Numeracy - % Meeting Level,80-90%
2024/25,South Lanarkshire,High Mill Primary School,"P1, P4 & P7 combined",Reading - % Meeting Level,70-80%
2024/25,South Lanarkshire,High Mill Primary School,"P1, P4 & P7 combined",Writing - % Meeting Level,60-70%
2024/25,South Lanarkshire,High Mill Primary School,P4,Listening & Talking - % Meeting Level,c
2024/25,South Lanarkshire,High Mill Primary School,P4,Numeracy - % Meeting Level,c
2024/25,South Lanarkshire,High Mill Primary School,P4,Reading - % Meeting Level,c
2024/25,South Lanarkshire,High Mill Primary School,P4,Writing - % Meeting Level,c
2024/25,South Lanarkshire,High Mill Primary School,P7,Listening & Talking - % Meeting Level,c
2024/25,South Lanarkshire,High Mill Primary School,P7,Numeracy - % Meeting Level,c
2024/25,South Lanarkshire,High Mill Primary School,P7,Reading - % Meeting Level,c
2024/25,South Lanarkshire,High Mill Primary School,P7,Writing - % Meeting Level,c
2024/25,South Lanarkshire,Hunter Primary School,P1,Listening & Talking - % Meeting Level,70-80%
2024/25,South Lanarkshire,Hunter Primary School,P1,Numeracy - % Meeting Level,90+%
2024/25,South Lanarkshire,Hunter Primary School,P1,Reading - % Meeting Level,80-90%
2024/25,South Lanarkshire,Hunter Primary School,P1,Writing - % Meeting Level,60-70%
2024/25,South Lanarkshire,Hunter Primary School,"P1, P4 & P7 combined",Listening & Talking - % Meeting Level,80-90%
2024/25,South Lanarkshire,Hunter Primary School,"P1, P4 & P7 combined",Numeracy - % Meeting Level,80-90%
2024/25,South Lanarkshire,Hunter Primary School,"P1, P4 & P7 combined",Reading - % Meeting Level,80-90%
2024/25,South Lanarkshire,Hunter Primary School,"P1, P4 & P7 combined",Writing - % Meeting Level,70-80%
2024/25,South Lanarkshire,Hunter Primary School,P4,Listening & Talking - % Meeting Level,70-80%
2024/25,South Lanarkshire,Hunter Primary School,P4,Numeracy - % Meeting Level,70-80%
2024/25,South Lanarkshire,Hunter Primary School,P4,Reading - % Meeting Level,70-80%
2024/25,South Lanarkshire,Hunter Primary School,P4,Writing - % Meeting Level,70-80%
2024/25,South Lanarkshire,Hunter Primary School,P7,Listening & Talking - % Meeting Level,90+%
2024/25,South Lanarkshire,Hunter Primary School,P7,Numeracy - % Meeting Level,80-90%
2024/25,South Lanarkshire,Hunter Primary School,P7,Reading - % Meeting Level,80-90%
2024/25,South Lanarkshire,Hunter Primary School,P7,Writing - % Meeting Level,80-90%
2024/25,South Lanarkshire,Jackton Primary School,P1,Listening & Talking - % Meeting Level,70-80%
2024/25,South Lanarkshire,Jackton Primary School,P1,Numeracy - % Meeting Level,60-70%
2024/25,South Lanarkshire,Jackton Primary School,P1,Reading - % Meeting Level,60-70%
2024/25,South Lanarkshire,Jackton Primary School,P1,Writing - % Meeting Level,60-70%
2024/25,South Lanarkshire,Jackton Primary School,"P1, P4 & P7 combined",Listening & Talking - % Meeting Level,60-70%
2024/25,South Lanarkshire,Jackton Primary School,"P1, P4 & P7 combined",Numeracy - % Meeting Level,60-70%
2024/25,South Lanarkshire,Jackton Primary School,"P1, P4 & P7 combined",Reading - % Meeting Level,60-70%
2024/25,South Lanarkshire,Jackton Primary School,"P1, P4 & P7 combined",Writing - % Meeting Level,60-70%
2024/25,South Lanarkshire,Jackton Primary School,P4,Listening & Talking - % Meeting Level,c
2024/25,South Lanarkshire,Jackton Primary School,P4,Numeracy - % Meeting Level,c
2024/25,South Lanarkshire,Jackton Primary School,P4,Reading - % Meeting Level,c
2024/25,South Lanarkshire,Jackton Primary School,P4,Writing - % Meeting Level,c
2024/25,South Lanarkshire,Jackton Primary School,P7,Listening & Talking - % Meeting Level,c
2024/25,South Lanarkshire,Jackton Primary School,P7,Numeracy - % Meeting Level,c
2024/25,South Lanarkshire,Jackton Primary School,P7,Reading - % Meeting Level,c
2024/25,South Lanarkshire,Jackton Primary School,P7,Writing - % Meeting Level,c
2024/25,South Lanarkshire,James Aiton Primary School,P1,Listening & Talking - % Meeting Level,c
2024/25,South Lanarkshire,James Aiton Primary School,P1,Numeracy - % Meeting Level,c
2024/25,South Lanarkshire,James Aiton Primary School,P1,Reading - % Meeting Level,c
2024/25,South Lanarkshire,James Aiton Primary School,P1,Writing - % Meeting Level,c
2024/25,South Lanarkshire,James Aiton Primary School,"P1, P4 & P7 combined",Listening & Talking - % Meeting Level,90+%
2024/25,South Lanarkshire,James Aiton Primary School,"P1, P4 & P7 combined",Numeracy - % Meeting Level,70-80%
2024/25,South Lanarkshire,James Aiton Primary School,"P1, P4 & P7 combined",Reading - % Meeting Level,70-80%
2024/25,South Lanarkshire,James Aiton Primary School,"P1, P4 & P7 combined",Writing - % Meeting Level,60-70%
2024/25,South Lanarkshire,James Aiton Primary School,P4,Listening & Talking - % Meeting Level,80-90%
2024/25,South Lanarkshire,James Aiton Primary School,P4,Numeracy - % Meeting Level,60-70%
2024/25,South Lanarkshire,James Aiton Primary School,P4,Reading - % Meeting Level,60-70%
2024/25,South Lanarkshire,James Aiton Primary School,P4,Writing - % Meeting Level,50-60%
2024/25,South Lanarkshire,James Aiton Primary School,P7,Listening & Talking - % Meeting Level,c
2024/25,South Lanarkshire,James Aiton Primary School,P7,Numeracy - % Meeting Level,c
2024/25,South Lanarkshire,James Aiton Primary School,P7,Reading - % Meeting Level,c
2024/25,South Lanarkshire,James Aiton Primary School,P7,Writing - % Meeting Level,c
2024/25,South Lanarkshire,Kirkfieldbank Primary School,P1,Listening & Talking - % Meeting Level,c
2024/25,South Lanarkshire,Kirkfieldbank Primary School,P1,Numeracy - % Meeting Level,c
2024/25,South Lanarkshire,Kirkfieldbank Primary School,P1,Reading - % Meeting Level,c
2024/25,South Lanarkshire,Kirkfieldbank Primary School,P1,Writing - % Meeting Level,c
2024/25,South Lanarkshire,Kirkfieldbank Primary School,"P1, P4 & P7 combined",Listening & Talking - % Meeting Level,c
2024/25,South Lanarkshire,Kirkfieldbank Primary School,"P1, P4 & P7 combined",Numeracy - % Meeting Level,c
2024/25,South Lanarkshire,Kirkfieldbank Primary School,"P1, P4 & P7 combined",Reading - % Meeting Level,c
2024/25,South Lanarkshire,Kirkfieldbank Primary School,"P1, P4 & P7 combined",Writing - % Meeting Level,c
2024/25,South Lanarkshire,Kirkfieldbank Primary School,P4,Listening & Talking - % Meeting Level,c
2024/25,South Lanarkshire,Kirkfieldbank Primary School,P4,Numeracy - % Meeting Level,c
2024/25,South Lanarkshire,Kirkfieldbank Primary School,P4,Reading - % Meeting Level,c
2024/25,South Lanarkshire,Kirkfieldbank Primary School,P4,Writing - % Meeting Level,c
2024/25,South Lanarkshire,Kirkfieldbank Primary School,P7,Listening & Talking - % Meeting Level,c
2024/25,South Lanarkshire,Kirkfieldbank Primary School,P7,Numeracy - % Meeting Level,c
2024/25,South Lanarkshire,Kirkfieldbank Primary School,P7,Reading - % Meeting Level,c
2024/25,South Lanarkshire,Kirkfieldbank Primary School,P7,Writing - % Meeting Level,c
2024/25,South Lanarkshire,Kirklandpark Primary School,P1,Listening & Talking - % Meeting Level,90+%
2024/25,South Lanarkshire,Kirklandpark Primary School,P1,Numeracy - % Meeting Level,90+%
2024/25,South Lanarkshire,Kirklandpark Primary School,P1,Reading - % Meeting Level,90+%
2024/25,South Lanarkshire,Kirklandpark Primary School,P1,Writing - % Meeting Level,90+%
2024/25,South Lanarkshire,Kirklandpark Primary School,"P1, P4 & P7 combined",Listening & Talking - % Meeting Level,90+%
2024/25,South Lanarkshire,Kirklandpark Primary School,"P1, P4 & P7 combined",Numeracy - % Meeting Level,80-90%
2024/25,South Lanarkshire,Kirklandpark Primary School,"P1, P4 & P7 combined",Reading - % Meeting Level,80-90%
2024/25,South Lanarkshire,Kirklandpark Primary School,"P1, P4 & P7 combined",Writing - % Meeting Level,80-90%
2024/25,South Lanarkshire,Kirklandpark Primary School,P4,Listening & Talking - % Meeting Level,90+%
2024/25,South Lanarkshire,Kirklandpark Primary School,P4,Numeracy - % Meeting Level,70-80%
2024/25,South Lanarkshire,Kirklandpark Primary School,P4,Reading - % Meeting Level,80-90%
2024/25,South Lanarkshire,Kirklandpark Primary School,P4,Writing - % Meeting Level,80-90%
2024/25,South Lanarkshire,Kirklandpark Primary School,P7,Listening & Talking - % Meeting Level,90+%
2024/25,South Lanarkshire,Kirklandpark Primary School,P7,Numeracy - % Meeting Level,80-90%
2024/25,South Lanarkshire,Kirklandpark Primary School,P7,Reading - % Meeting Level,80-90%
2024/25,South Lanarkshire,Kirklandpark Primary School,P7,Writing - % Meeting Level,80-90%
2024/25,South Lanarkshire,Kirkton Primary School,P1,Listening & Talking - % Meeting Level,c
2024/25,South Lanarkshire,Kirkton Primary School,P1,Numeracy - % Meeting Level,c
2024/25,South Lanarkshire,Kirkton Primary School,P1,Reading - % Meeting Level,c
2024/25,South Lanarkshire,Kirkton Primary School,P1,Writing - % Meeting Level,c
2024/25,South Lanarkshire,Kirkton Primary School,"P1, P4 & P7 combined",Listening & Talking - % Meeting Level,90+%
2024/25,South Lanarkshire,Kirkton Primary School,"P1, P4 & P7 combined",Numeracy - % Meeting Level,80-90%
2024/25,South Lanarkshire,Kirkton Primary School,"P1, P4 & P7 combined",Reading - % Meeting Level,80-90%
2024/25,South Lanarkshire,Kirkton Primary School,"P1, P4 & P7 combined",Writing - % Meeting Level,80-90%
2024/25,South Lanarkshire,Kirkton Primary School,P4,Listening & Talking - % Meeting Level,90+%
2024/25,South Lanarkshire,Kirkton Primary School,P4,Numeracy - % Meeting Level,80-90%
2024/25,South Lanarkshire,Kirkton Primary School,P4,Reading - % Meeting Level,80-90%
2024/25,South Lanarkshire,Kirkton Primary School,P4,Writing - % Meeting Level,80-90%
2024/25,South Lanarkshire,Kirkton Primary School,P7,Listening & Talking - % Meeting Level,90+%
2024/25,South Lanarkshire,Kirkton Primary School,P7,Numeracy - % Meeting Level,70-80%
2024/25,South Lanarkshire,Kirkton Primary School,P7,Reading - % Meeting Level,80-90%
2024/25,South Lanarkshire,Kirkton Primary School,P7,Writing - % Meeting Level,70-80%
2024/25,South Lanarkshire,Kirktonholme Primary School,P1,Listening & Talking - % Meeting Level,80-90%
2024/25,South Lanarkshire,Kirktonholme Primary School,P1,Numeracy - % Meeting Level,80-90%
2024/25,South Lanarkshire,Kirktonholme Primary School,P1,Reading - % Meeting Level,80-90%
2024/25,South Lanarkshire,Kirktonholme Primary School,P1,Writing - % Meeting Level,80-90%
2024/25,South Lanarkshire,Kirktonholme Primary School,"P1, P4 & P7 combined",Listening & Talking - % Meeting Level,80-90%
2024/25,South Lanarkshire,Kirktonholme Primary School,"P1, P4 & P7 combined",Numeracy - % Meeting Level,70-80%
2024/25,South Lanarkshire,Kirktonholme Primary School,"P1, P4 & P7 combined",Reading - % Meeting Level,80-90%
2024/25,South Lanarkshire,Kirktonholme Primary School,"P1, P4 & P7 combined",Writing - % Meeting Level,70-80%
2024/25,South Lanarkshire,Kirktonholme Primary School,P4,Listening & Talking - % Meeting Level,80-90%
2024/25,South Lanarkshire,Kirktonholme Primary School,P4,Numeracy - % Meeting Level,70-80%
2024/25,South Lanarkshire,Kirktonholme Primary School,P4,Reading - % Meeting Level,80-90%
2024/25,South Lanarkshire,Kirktonholme Primary School,P4,Writing - % Meeting Level,70-80%
2024/25,South Lanarkshire,Kirktonholme Primary School,P7,Listening & Talking - % Meeting Level,80-90%
2024/25,South Lanarkshire,Kirktonholme Primary School,P7,Numeracy - % Meeting Level,80-90%
2024/25,South Lanarkshire,Kirktonholme Primary School,P7,Reading - % Meeting Level,80-90%
2024/25,South Lanarkshire,Kirktonholme Primary School,P7,Writing - % Meeting Level,70-80%
2024/25,South Lanarkshire,Lamington Primary School,"P1, P4 & P7 combined",Listening & Talking - % Meeting Level,c
2024/25,South Lanarkshire,Lamington Primary School,"P1, P4 & P7 combined",Numeracy - % Meeting Level,c
2024/25,South Lanarkshire,Lamington Primary School,"P1, P4 & P7 combined",Reading - % Meeting Level,c
2024/25,South Lanarkshire,Lamington Primary School,"P1, P4 & P7 combined",Writing - % Meeting Level,c
2024/25,South Lanarkshire,Lamington Primary School,P4,Listening & Talking - % Meeting Level,c
2024/25,South Lanarkshire,Lamington Primary School,P4,Numeracy - % Meeting Level,c
2024/25,South Lanarkshire,Lamington Primary School,P4,Reading - % Meeting Level,c
2024/25,South Lanarkshire,Lamington Primary School,P4,Writing - % Meeting Level,c
2024/25,South Lanarkshire,Lamington Primary School,P7,Listening & Talking - % Meeting Level,c
2024/25,South Lanarkshire,Lamington Primary School,P7,Numeracy - % Meeting Level,c
2024/25,South Lanarkshire,Lamington Primary School,P7,Reading - % Meeting Level,c
2024/25,South Lanarkshire,Lamington Primary School,P7,Writing - % Meeting Level,c
2024/25,South Lanarkshire,Lanark Primary School,P1,Listening & Talking - % Meeting Level,90+%
2024/25,South Lanarkshire,Lanark Primary School,P1,Numeracy - % Meeting Level,90+%
2024/25,South Lanarkshire,Lanark Primary School,P1,Reading - % Meeting Level,70-80%
2024/25,South Lanarkshire,Lanark Primary School,P1,Writing - % Meeting Level,70-80%
2024/25,South Lanarkshire,Lanark Primary School,"P1, P4 & P7 combined",Listening & Talking - % Meeting Level,90+%
2024/25,South Lanarkshire,Lanark Primary School,"P1, P4 & P7 combined",Numeracy - % Meeting Level,80-90%
2024/25,South Lanarkshire,Lanark Primary School,"P1, P4 & P7 combined",Reading - % Meeting Level,70-80%
2024/25,South Lanarkshire,Lanark Primary School,"P1, P4 & P7 combined",Writing - % Meeting Level,70-80%
2024/25,South Lanarkshire,Lanark Primary School,P4,Listening & Talking - % Meeting Level,90+%
2024/25,South Lanarkshire,Lanark Primary School,P4,Numeracy - % Meeting Level,80-90%
2024/25,South Lanarkshire,Lanark Primary School,P4,Reading - % Meeting Level,80-90%
2024/25,South Lanarkshire,Lanark Primary School,P4,Writing - % Meeting Level,80-90%
2024/25,South Lanarkshire,Lanark Primary School,P7,Listening & Talking - % Meeting Level,90+%
2024/25,South Lanarkshire,Lanark Primary School,P7,Numeracy - % Meeting Level,70-80%
2024/25,South Lanarkshire,Lanark Primary School,P7,Reading - % Meeting Level,70-80%
2024/25,South Lanarkshire,Lanark Primary School,P7,Writing - % Meeting Level,70-80%
2024/25,South Lanarkshire,Law Primary School,P1,Listening & Talking - % Meeting Level,90+%
2024/25,South Lanarkshire,Law Primary School,P1,Numeracy - % Meeting Level,90+%
2024/25,South Lanarkshire,Law Primary School,P1,Reading - % Meeting Level,90+%
2024/25,South Lanarkshire,Law Primary School,P1,Writing - % Meeting Level,90+%
2024/25,South Lanarkshire,Law Primary School,"P1, P4 & P7 combined",Listening & Talking - % Meeting Level,90+%
2024/25,South Lanarkshire,Law Primary School,"P1, P4 & P7 combined",Numeracy - % Meeting Level,80-90%
2024/25,South Lanarkshire,Law Primary School,"P1, P4 & P7 combined",Reading - % Meeting Level,80-90%
2024/25,South Lanarkshire,Law Primary School,"P1, P4 & P7 combined",Writing - % Meeting Level,80-90%
2024/25,South Lanarkshire,Law Primary School,P4,Listening & Talking - % Meeting Level,80-90%
2024/25,South Lanarkshire,Law Primary School,P4,Numeracy - % Meeting Level,80-90%
2024/25,South Lanarkshire,Law Primary School,P4,Reading - % Meeting Level,80-90%
2024/25,South Lanarkshire,Law Primary School,P4,Writing - % Meeting Level,80-90%
2024/25,South Lanarkshire,Law Primary School,P7,Listening & Talking - % Meeting Level,90+%
2024/25,South Lanarkshire,Law Primary School,P7,Numeracy - % Meeting Level,80-90%
2024/25,South Lanarkshire,Law Primary School,P7,Reading - % Meeting Level,90+%
2024/25,South Lanarkshire,Law Primary School,P7,Writing - % Meeting Level,70-80%
2024/25,South Lanarkshire,Leadhills Primary School,"P1, P4 & P7 combined",Listening & Talking - % Meeting Level,c
2024/25,South Lanarkshire,Leadhills Primary School,"P1, P4 & P7 combined",Numeracy - % Meeting Level,c
2024/25,South Lanarkshire,Leadhills Primary School,"P1, P4 & P7 combined",Reading - % Meeting Level,c
2024/25,South Lanarkshire,Leadhills Primary School,"P1, P4 & P7 combined",Writing - % Meeting Level,c
2024/25,South Lanarkshire,Leadhills Primary School,P4,Listening & Talking - % Meeting Level,c
2024/25,South Lanarkshire,Leadhills Primary School,P4,Numeracy - % Meeting Level,c
2024/25,South Lanarkshire,Leadhills Primary School,P4,Reading - % Meeting Level,c
2024/25,South Lanarkshire,Leadhills Primary School,P4,Writing - % Meeting Level,c
2024/25,South Lanarkshire,Leadhills Primary School,P7,Listening & Talking - % Meeting Level,c
2024/25,South Lanarkshire,Leadhills Primary School,P7,Numeracy - % Meeting Level,c
2024/25,South Lanarkshire,Leadhills Primary School,P7,Reading - % Meeting Level,c
2024/25,South Lanarkshire,Leadhills Primary School,P7,Writing - % Meeting Level,c
2024/25,South Lanarkshire,Libberton Primary School,P1,Listening & Talking - % Meeting Level,c
2024/25,South Lanarkshire,Libberton Primary School,P1,Numeracy - % Meeting Level,c
2024/25,South Lanarkshire,Libberton Primary School,P1,Reading - % Meeting Level,c
2024/25,South Lanarkshire,Libberton Primary School,P1,Writing - % Meeting Level,c
2024/25,South Lanarkshire,Libberton Primary School,"P1, P4 & P7 combined",Listening & Talking - % Meeting Level,c
2024/25,South Lanarkshire,Libberton Primary School,"P1, P4 & P7 combined",Numeracy - % Meeting Level,c
2024/25,South Lanarkshire,Libberton Primary School,"P1, P4 & P7 combined",Reading - % Meeting Level,c
2024/25,South Lanarkshire,Libberton Primary School,"P1, P4 & P7 combined",Writing - % Meeting Level,c
2024/25,South Lanarkshire,Libberton Primary School,P4,Listening & Talking - % Meeting Level,c
2024/25,South Lanarkshire,Libberton Primary School,P4,Numeracy - % Meeting Level,c
2024/25,South Lanarkshire,Libberton Primary School,P4,Reading - % Meeting Level,c
2024/25,South Lanarkshire,Libberton Primary School,P4,Writing - % Meeting Level,c
2024/25,South Lanarkshire,Libberton Primary School,P7,Listening & Talking - % Meeting Level,c
2024/25,South Lanarkshire,Libberton Primary School,P7,Numeracy - % Meeting Level,c
2024/25,South Lanarkshire,Libberton Primary School,P7,Reading - % Meeting Level,c
2024/25,South Lanarkshire,Libberton Primary School,P7,Writing - % Meeting Level,c
2024/25,South Lanarkshire,Loch Primary School,P1,Listening & Talking - % Meeting Level,80-90%
2024/25,South Lanarkshire,Loch Primary School,P1,Numeracy - % Meeting Level,90+%
2024/25,South Lanarkshire,Loch Primary School,P1,Reading - % Meeting Level,80-90%
2024/25,South Lanarkshire,Loch Primary School,P1,Writing - % Meeting Level,70-80%
2024/25,South Lanarkshire,Loch Primary School,"P1, P4 & P7 combined",Listening & Talking - % Meeting Level,80-90%
2024/25,South Lanarkshire,Loch Primary School,"P1, P4 & P7 combined",Numeracy - % Meeting Level,70-80%
2024/25,South Lanarkshire,Loch Primary School,"P1, P4 & P7 combined",Reading - % Meeting Level,70-80%
2024/25,South Lanarkshire,Loch Primary School,"P1, P4 & P7 combined",Writing - % Meeting Level,60-70%
2024/25,South Lanarkshire,Loch Primary School,P4,Listening & Talking - % Meeting Level,80-90%
2024/25,South Lanarkshire,Loch Primary School,P4,Numeracy - % Meeting Level,50-60%
2024/25,South Lanarkshire,Loch Primary School,P4,Reading - % Meeting Level,60-70%
2024/25,South Lanarkshire,Loch Primary School,P4,Writing - % Meeting Level,50-60%
2024/25,South Lanarkshire,Loch Primary School,P7,Listening & Talking - % Meeting Level,90+%
2024/25,South Lanarkshire,Loch Primary School,P7,Numeracy - % Meeting Level,70-80%
2024/25,South Lanarkshire,Loch Primary School,P7,Reading - % Meeting Level,70-80%
2024/25,South Lanarkshire,Loch Primary School,P7,Writing - % Meeting Level,60-70%
2024/25,South Lanarkshire,Long Calderwood Primary,P1,Listening & Talking - % Meeting Level,80-90%
2024/25,South Lanarkshire,Long Calderwood Primary,P1,Numeracy - % Meeting Level,90+%
2024/25,South Lanarkshire,Long Calderwood Primary,P1,Reading - % Meeting Level,80-90%
2024/25,South Lanarkshire,Long Calderwood Primary,P1,Writing - % Meeting Level,80-90%
2024/25,South Lanarkshire,Long Calderwood Primary,"P1, P4 & P7 combined",Listening & Talking - % Meeting Level,80-90%
2024/25,South Lanarkshire,Long Calderwood Primary,"P1, P4 & P7 combined",Numeracy - % Meeting Level,70-80%
2024/25,South Lanarkshire,Long Calderwood Primary,"P1, P4 & P7 combined",Reading - % Meeting Level,70-80%
2024/25,South Lanarkshire,Long Calderwood Primary,"P1, P4 & P7 combined",Writing - % Meeting Level,60-70%
2024/25,South Lanarkshire,Long Calderwood Primary,P4,Listening & Talking - % Meeting Level,80-90%
2024/25,South Lanarkshire,Long Calderwood Primary,P4,Numeracy - % Meeting Level,60-70%
2024/25,South Lanarkshire,Long Calderwood Primary,P4,Reading - % Meeting Level,70-80%
2024/25,South Lanarkshire,Long Calderwood Primary,P4,Writing - % Meeting Level,50-60%
2024/25,South Lanarkshire,Long Calderwood Primary,P7,Listening & Talking - % Meeting Level,c
2024/25,South Lanarkshire,Long Calderwood Primary,P7,Numeracy - % Meeting Level,c
2024/25,South Lanarkshire,Long Calderwood Primary,P7,Reading - % Meeting Level,c
2024/25,South Lanarkshire,Long Calderwood Primary,P7,Writing - % Meeting Level,c
2024/25,South Lanarkshire,Machanhill Primary School,P1,Listening & Talking - % Meeting Level,90+%
2024/25,South Lanarkshire,Machanhill Primary School,P1,Numeracy - % Meeting Level,90+%
2024/25,South Lanarkshire,Machanhill Primary School,P1,Reading - % Meeting Level,90+%
2024/25,South Lanarkshire,Machanhill Primary School,P1,Writing - % Meeting Level,80-90%
2024/25,South Lanarkshire,Machanhill Primary School,"P1, P4 & P7 combined",Listening & Talking - % Meeting Level,90+%
2024/25,South Lanarkshire,Machanhill Primary School,"P1, P4 & P7 combined",Numeracy - % Meeting Level,90+%
2024/25,South Lanarkshire,Machanhill Primary School,"P1, P4 & P7 combined",Reading - % Meeting Level,90+%
2024/25,South Lanarkshire,Machanhill Primary School,"P1, P4 & P7 combined",Writing - % Meeting Level,80-90%
2024/25,South Lanarkshire,Machanhill Primary School,P4,Listening & Talking - % Meeting Level,90+%
2024/25,South Lanarkshire,Machanhill Primary School,P4,Numeracy - % Meeting Level,90+%
2024/25,South Lanarkshire,Machanhill Primary School,P4,Reading - % Meeting Level,90+%
2024/25,South Lanarkshire,Machanhill Primary School,P4,Writing - % Meeting Level,80-90%
2024/25,South Lanarkshire,Machanhill Primary School,P7,Listening & Talking - % Meeting Level,90+%
2024/25,South Lanarkshire,Machanhill Primary School,P7,Numeracy - % Meeting Level,90+%
2024/25,South Lanarkshire,Machanhill Primary School,P7,Reading - % Meeting Level,90+%
2024/25,South Lanarkshire,Machanhill Primary School,P7,Writing - % Meeting Level,80-90%
2024/25,South Lanarkshire,Maxwellton Primary School,P1,Listening & Talking - % Meeting Level,80-90%
2024/25,South Lanarkshire,Maxwellton Primary School,P1,Numeracy - % Meeting Level,80-90%
2024/25,South Lanarkshire,Maxwellton Primary School,P1,Reading - % Meeting Level,80-90%
2024/25,South Lanarkshire,Maxwellton Primary School,P1,Writing - % Meeting Level,70-80%
2024/25,South Lanarkshire,Maxwellton Primary School,"P1, P4 & P7 combined",Listening & Talking - % Meeting Level,80-90%
2024/25,South Lanarkshire,Maxwellton Primary School,"P1, P4 & P7 combined",Numeracy - % Meeting Level,70-80%
2024/25,South Lanarkshire,Maxwellton Primary School,"P1, P4 & P7 combined",Reading - % Meeting Level,80-90%
2024/25,South Lanarkshire,Maxwellton Primary School,"P1, P4 & P7 combined",Writing - % Meeting Level,70-80%
2024/25,South Lanarkshire,Maxwellton Primary School,P4,Listening & Talking - % Meeting Level,80-90%
2024/25,South Lanarkshire,Maxwellton Primary School,P4,Numeracy - % Meeting Level,70-80%
2024/25,South Lanarkshire,Maxwellton Primary School,P4,Reading - % Meeting Level,70-80%
2024/25,South Lanarkshire,Maxwellton Primary School,P4,Writing - % Meeting Level,60-70%
2024/25,South Lanarkshire,Maxwellton Primary School,P7,Listening & Talking - % Meeting Level,90+%
2024/25,South Lanarkshire,Maxwellton Primary School,P7,Numeracy - % Meeting Level,70-80%
2024/25,South Lanarkshire,Maxwellton Primary School,P7,Reading - % Meeting Level,80-90%
2024/25,South Lanarkshire,Maxwellton Primary School,P7,Writing - % Meeting Level,70-80%
2024/25,South Lanarkshire,Milton Primary School,P1,Listening & Talking - % Meeting Level,c
2024/25,South Lanarkshire,Milton Primary School,P1,Numeracy - % Meeting Level,c
2024/25,South Lanarkshire,Milton Primary School,P1,Reading - % Meeting Level,c
2024/25,South Lanarkshire,Milton Primary School,P1,Writing - % Meeting Level,c
2024/25,South Lanarkshire,Milton Primary School,"P1, P4 & P7 combined",Listening & Talking - % Meeting Level,90+%
2024/25,South Lanarkshire,Milton Primary School,"P1, P4 & P7 combined",Numeracy - % Meeting Level,80-90%
2024/25,South Lanarkshire,Milton Primary School,"P1, P4 & P7 combined",Reading - % Meeting Level,80-90%
2024/25,South Lanarkshire,Milton Primary School,"P1, P4 & P7 combined",Writing - % Meeting Level,70-80%
2024/25,South Lanarkshire,Milton Primary School,P4,Listening & Talking - % Meeting Level,90+%
2024/25,South Lanarkshire,Milton Primary School,P4,Numeracy - % Meeting Level,80-90%
2024/25,South Lanarkshire,Milton Primary School,P4,Reading - % Meeting Level,80-90%
2024/25,South Lanarkshire,Milton Primary School,P4,Writing - % Meeting Level,70-80%
2024/25,South Lanarkshire,Milton Primary School,P7,Listening & Talking - % Meeting Level,90+%
2024/25,South Lanarkshire,Milton Primary School,P7,Numeracy - % Meeting Level,70-80%
2024/25,South Lanarkshire,Milton Primary School,P7,Reading - % Meeting Level,70-80%
2024/25,South Lanarkshire,Milton Primary School,P7,Writing - % Meeting Level,70-80%
2024/25,South Lanarkshire,Mossneuk Primary School,P1,Listening & Talking - % Meeting Level,90+%
2024/25,South Lanarkshire,Mossneuk Primary School,P1,Numeracy - % Meeting Level,90+%
2024/25,South Lanarkshire,Mossneuk Primary School,P1,Reading - % Meeting Level,90+%
2024/25,South Lanarkshire,Mossneuk Primary School,P1,Writing - % Meeting Level,80-90%
2024/25,South Lanarkshire,Mossneuk Primary School,"P1, P4 & P7 combined",Listening & Talking - % Meeting Level,90+%
2024/25,South Lanarkshire,Mossneuk Primary School,"P1, P4 & P7 combined",Numeracy - % Meeting Level,80-90%
2024/25,South Lanarkshire,Mossneuk Primary School,"P1, P4 & P7 combined",Reading - % Meeting Level,80-90%
2024/25,South Lanarkshire,Mossneuk Primary School,"P1, P4 & P7 combined",Writing - % Meeting Level,80-90%
2024/25,South Lanarkshire,Mossneuk Primary School,P4,Listening & Talking - % Meeting Level,90+%
2024/25,South Lanarkshire,Mossneuk Primary School,P4,Numeracy - % Meeting Level,80-90%
2024/25,South Lanarkshire,Mossneuk Primary School,P4,Reading - % Meeting Level,80-90%
2024/25,South Lanarkshire,Mossneuk Primary School,P4,Writing - % Meeting Level,70-80%
2024/25,South Lanarkshire,Mossneuk Primary School,P7,Listening & Talking - % Meeting Level,90+%
2024/25,South Lanarkshire,Mossneuk Primary School,P7,Numeracy - % Meeting Level,80-90%
2024/25,South Lanarkshire,Mossneuk Primary School,P7,Reading - % Meeting Level,80-90%
2024/25,South Lanarkshire,Mossneuk Primary School,P7,Writing - % Meeting Level,80-90%
2024/25,South Lanarkshire,Mount Cameron Primary School,P1,Listening & Talking - % Meeting Level,c
2024/25,South Lanarkshire,Mount Cameron Primary School,P1,Numeracy - % Meeting Level,c
2024/25,South Lanarkshire,Mount Cameron Primary School,P1,Reading - % Meeting Level,c
2024/25,South Lanarkshire,Mount Cameron Primary School,P1,Writing - % Meeting Level,c
2024/25,South Lanarkshire,Mount Cameron Primary School,"P1, P4 & P7 combined",Listening & Talking - % Meeting Level,90+%
2024/25,South Lanarkshire,Mount Cameron Primary School,"P1, P4 & P7 combined",Numeracy - % Meeting Level,80-90%
2024/25,South Lanarkshire,Mount Cameron Primary School,"P1, P4 & P7 combined",Reading - % Meeting Level,70-80%
2024/25,South Lanarkshire,Mount Cameron Primary School,"P1, P4 & P7 combined",Writing - % Meeting Level,70-80%
2024/25,South Lanarkshire,Mount Cameron Primary School,P4,Listening & Talking - % Meeting Level,90+%
2024/25,South Lanarkshire,Mount Cameron Primary School,P4,Numeracy - % Meeting Level,80-90%
2024/25,South Lanarkshire,Mount Cameron Primary School,P4,Reading - % Meeting Level,80-90%
2024/25,South Lanarkshire,Mount Cameron Primary School,P4,Writing - % Meeting Level,80-90%
2024/25,South Lanarkshire,Mount Cameron Primary School,P7,Listening & Talking - % Meeting Level,c
2024/25,South Lanarkshire,Mount Cameron Primary School,P7,Numeracy - % Meeting Level,c
2024/25,South Lanarkshire,Mount Cameron Primary School,P7,Reading - % Meeting Level,c
2024/25,South Lanarkshire,Mount Cameron Primary School,P7,Writing - % Meeting Level,c
2024/25,South Lanarkshire,Mount Cameron Primary School Gaelic Unit,P1,Listening & Talking - % Meeting Level,c
2024/25,South Lanarkshire,Mount Cameron Primary School Gaelic Unit,P1,Numeracy - % Meeting Level,c
2024/25,South Lanarkshire,Mount Cameron Primary School Gaelic Unit,P1,Reading - % Meeting Level,c
2024/25,South Lanarkshire,Mount Cameron Primary School Gaelic Unit,P1,Writing - % Meeting Level,c
2024/25,South Lanarkshire,Mount Cameron Primary School Gaelic Unit,"P1, P4 & P7 combined",Listening & Talking - % Meeting Level,c
2024/25,South Lanarkshire,Mount Cameron Primary School Gaelic Unit,"P1, P4 & P7 combined",Numeracy - % Meeting Level,c
2024/25,South Lanarkshire,Mount Cameron Primary School Gaelic Unit,"P1, P4 & P7 combined",Reading - % Meeting Level,c
2024/25,South Lanarkshire,Mount Cameron Primary School Gaelic Unit,"P1, P4 & P7 combined",Writing - % Meeting Level,c
2024/25,South Lanarkshire,Mount Cameron Primary School Gaelic Unit,P4,Listening & Talking - % Meeting Level,c
2024/25,South Lanarkshire,Mount Cameron Primary School Gaelic Unit,P4,Numeracy - % Meeting Level,c
2024/25,South Lanarkshire,Mount Cameron Primary School Gaelic Unit,P4,Reading - % Meeting Level,c
2024/25,South Lanarkshire,Mount Cameron Primary School Gaelic Unit,P4,Writing - % Meeting Level,c
2024/25,South Lanarkshire,Mount Cameron Primary School Gaelic Unit,P7,Listening & Talking - % Meeting Level,c
2024/25,South Lanarkshire,Mount Cameron Primary School Gaelic Unit,P7,Numeracy - % Meeting Level,c
2024/25,South Lanarkshire,Mount Cameron Primary School Gaelic Unit,P7,Reading - % Meeting Level,c
2024/25,South Lanarkshire,Mount Cameron Primary School Gaelic Unit,P7,Writing - % Meeting Level,c
2024/25,South Lanarkshire,Muiredge Primary School,P1,Listening & Talking - % Meeting Level,90+%
2024/25,South Lanarkshire,Muiredge Primary School,P1,Numeracy - % Meeting Level,90+%
2024/25,South Lanarkshire,Muiredge Primary School,P1,Reading - % Meeting Level,90+%
2024/25,South Lanarkshire,Muiredge Primary School,P1,Writing - % Meeting Level,90+%
2024/25,South Lanarkshire,Muiredge Primary School,"P1, P4 & P7 combined",Listening & Talking - % Meeting Level,90+%
2024/25,South Lanarkshire,Muiredge Primary School,"P1, P4 & P7 combined",Numeracy - % Meeting Level,80-90%
2024/25,South Lanarkshire,Muiredge Primary School,"P1, P4 & P7 combined",Reading - % Meeting Level,90+%
2024/25,South Lanarkshire,Muiredge Primary School,"P1, P4 & P7 combined",Writing - % Meeting Level,80-90%
2024/25,South Lanarkshire,Muiredge Primary School,P4,Listening & Talking - % Meeting Level,90+%
2024/25,South Lanarkshire,Muiredge Primary School,P4,Numeracy - % Meeting Level,90+%
2024/25,South Lanarkshire,Muiredge Primary School,P4,Reading - % Meeting Level,90+%
2024/25,South Lanarkshire,Muiredge Primary School,P4,Writing - % Meeting Level,90+%
2024/25,South Lanarkshire,Muiredge Primary School,P7,Listening & Talking - % Meeting Level,90+%
2024/25,South Lanarkshire,Muiredge Primary School,P7,Numeracy - % Meeting Level,70-80%
2024/25,South Lanarkshire,Muiredge Primary School,P7,Reading - % Meeting Level,80-90%
2024/25,South Lanarkshire,Muiredge Primary School,P7,Writing - % Meeting Level,70-80%
2024/25,South Lanarkshire,Murray Primary School,P1,Listening & Talking - % Meeting Level,70-80%
2024/25,South Lanarkshire,Murray Primary School,P1,Numeracy - % Meeting Level,70-80%
2024/25,South Lanarkshire,Murray Primary School,P1,Reading - % Meeting Level,60-70%
2024/25,South Lanarkshire,Murray Primary School,P1,Writing - % Meeting Level,70-80%
2024/25,South Lanarkshire,Murray Primary School,"P1, P4 & P7 combined",Listening & Talking - % Meeting Level,60-70%
2024/25,South Lanarkshire,Murray Primary School,"P1, P4 & P7 combined",Numeracy - % Meeting Level,50-60%
2024/25,South Lanarkshire,Murray Primary School,"P1, P4 & P7 combined",Reading - % Meeting Level,50-60%
2024/25,South Lanarkshire,Murray Primary School,"P1, P4 & P7 combined",Writing - % Meeting Level,50-60%
2024/25,South Lanarkshire,Murray Primary School,P4,Listening & Talking - % Meeting Level,70-80%
2024/25,South Lanarkshire,Murray Primary School,P4,Numeracy - % Meeting Level,60-70%
2024/25,South Lanarkshire,Murray Primary School,P4,Reading - % Meeting Level,60-70%
2024/25,South Lanarkshire,Murray Primary School,P4,Writing - % Meeting Level,60-70%
2024/25,South Lanarkshire,Murray Primary School,P7,Listening & Talking - % Meeting Level,40-50%
2024/25,South Lanarkshire,Murray Primary School,P7,Numeracy - % Meeting Level,30-40%
2024/25,South Lanarkshire,Murray Primary School,P7,Reading - % Meeting Level,40-50%
2024/25,South Lanarkshire,Murray Primary School,P7,Writing - % Meeting Level,40-50%
2024/25,South Lanarkshire,Neilsland Primary School,P1,Listening & Talking - % Meeting Level,90+%
2024/25,South Lanarkshire,Neilsland Primary School,P1,Numeracy - % Meeting Level,90+%
2024/25,South Lanarkshire,Neilsland Primary School,P1,Reading - % Meeting Level,90+%
2024/25,South Lanarkshire,Neilsland Primary School,P1,Writing - % Meeting Level,80-90%
2024/25,South Lanarkshire,Neilsland Primary School,"P1, P4 & P7 combined",Listening & Talking - % Meeting Level,90+%
2024/25,South Lanarkshire,Neilsland Primary School,"P1, P4 & P7 combined",Numeracy - % Meeting Level,80-90%
2024/25,South Lanarkshire,Neilsland Primary School,"P1, P4 & P7 combined",Reading - % Meeting Level,80-90%
2024/25,South Lanarkshire,Neilsland Primary School,"P1, P4 & P7 combined",Writing - % Meeting Level,80-90%
2024/25,South Lanarkshire,Neilsland Primary School,P4,Listening & Talking - % Meeting Level,90+%
2024/25,South Lanarkshire,Neilsland Primary School,P4,Numeracy - % Meeting Level,80-90%
2024/25,South Lanarkshire,Neilsland Primary School,P4,Reading - % Meeting Level,90+%
2024/25,South Lanarkshire,Neilsland Primary School,P4,Writing - % Meeting Level,80-90%
2024/25,South Lanarkshire,Neilsland Primary School,P7,Listening & Talking - % Meeting Level,90+%
2024/25,South Lanarkshire,Neilsland Primary School,P7,Numeracy - % Meeting Level,80-90%
2024/25,South Lanarkshire,Neilsland Primary School,P7,Reading - % Meeting Level,80-90%
2024/25,South Lanarkshire,Neilsland Primary School,P7,Writing - % Meeting Level,80-90%
2024/25,South Lanarkshire,Netherburn Primary School,P1,Listening & Talking - % Meeting Level,c
2024/25,South Lanarkshire,Netherburn Primary School,P1,Numeracy - % Meeting Level,c
2024/25,South Lanarkshire,Netherburn Primary School,P1,Reading - % Meeting Level,c
2024/25,South Lanarkshire,Netherburn Primary School,P1,Writing - % Meeting Level,c
2024/25,South Lanarkshire,Netherburn Primary School,"P1, P4 & P7 combined",Listening & Talking - % Meeting Level,90+%
2024/25,South Lanarkshire,Netherburn Primary School,"P1, P4 & P7 combined",Numeracy - % Meeting Level,80-90%
2024/25,South Lanarkshire,Netherburn Primary School,"P1, P4 & P7 combined",Reading - % Meeting Level,60-70%
2024/25,South Lanarkshire,Netherburn Primary School,"P1, P4 & P7 combined",Writing - % Meeting Level,80-90%
2024/25,South Lanarkshire,Netherburn Primary School,P4,Listening & Talking - % Meeting Level,c
2024/25,South Lanarkshire,Netherburn Primary School,P4,Numeracy - % Meeting Level,c
2024/25,South Lanarkshire,Netherburn Primary School,P4,Reading - % Meeting Level,c
2024/25,South Lanarkshire,Netherburn Primary School,P4,Writing - % Meeting Level,c
2024/25,South Lanarkshire,Netherburn Primary School,P7,Listening & Talking - % Meeting Level,c
2024/25,South Lanarkshire,Netherburn Primary School,P7,Numeracy - % Meeting Level,c
2024/25,South Lanarkshire,Netherburn Primary School,P7,Reading - % Meeting Level,c
2024/25,South Lanarkshire,Netherburn Primary School,P7,Writing - % Meeting Level,c
2024/25,South Lanarkshire,New Lanark Primary School,P1,Listening & Talking - % Meeting Level,c
2024/25,South Lanarkshire,New Lanark Primary School,P1,Numeracy - % Meeting Level,c
2024/25,South Lanarkshire,New Lanark Primary School,P1,Reading - % Meeting Level,c
2024/25,South Lanarkshire,New Lanark Primary School,P1,Writing - % Meeting Level,c
2024/25,South Lanarkshire,New Lanark Primary School,"P1, P4 & P7 combined",Listening & Talking - % Meeting Level,c
2024/25,South Lanarkshire,New Lanark Primary School,"P1, P4 & P7 combined",Numeracy - % Meeting Level,c
2024/25,South Lanarkshire,New Lanark Primary School,"P1, P4 & P7 combined",Reading - % Meeting Level,c
2024/25,South Lanarkshire,New Lanark Primary School,"P1, P4 & P7 combined",Writing - % Meeting Level,c
2024/25,South Lanarkshire,New Lanark Primary School,P4,Listening & Talking - % Meeting Level,c
2024/25,South Lanarkshire,New Lanark Primary School,P4,Numeracy - % Meeting Level,c
2024/25,South Lanarkshire,New Lanark Primary School,P4,Reading - % Meeting Level,c
2024/25,South Lanarkshire,New Lanark Primary School,P4,Writing - % Meeting Level,c
2024/25,South Lanarkshire,New Lanark Primary School,P7,Listening & Talking - % Meeting Level,c
2024/25,South Lanarkshire,New Lanark Primary School,P7,Numeracy - % Meeting Level,c
2024/25,South Lanarkshire,New Lanark Primary School,P7,Reading - % Meeting Level,c
2024/25,South Lanarkshire,New Lanark Primary School,P7,Writing - % Meeting Level,c
2024/25,South Lanarkshire,Newfield Primary School,P1,Listening & Talking - % Meeting Level,90+%
2024/25,South Lanarkshire,Newfield Primary School,P1,Numeracy - % Meeting Level,90+%
2024/25,South Lanarkshire,Newfield Primary School,P1,Reading - % Meeting Level,70-80%
2024/25,South Lanarkshire,Newfield Primary School,P1,Writing - % Meeting Level,70-80%
2024/25,South Lanarkshire,Newfield Primary School,"P1, P4 & P7 combined",Listening & Talking - % Meeting Level,90+%
2024/25,South Lanarkshire,Newfield Primary School,"P1, P4 & P7 combined",Numeracy - % Meeting Level,90+%
2024/25,South Lanarkshire,Newfield Primary School,"P1, P4 & P7 combined",Reading - % Meeting Level,80-90%
2024/25,South Lanarkshire,Newfield Primary School,"P1, P4 & P7 combined",Writing - % Meeting Level,70-80%
2024/25,South Lanarkshire,Newfield Primary School,P4,Listening & Talking - % Meeting Level,90+%
2024/25,South Lanarkshire,Newfield Primary School,P4,Numeracy - % Meeting Level,80-90%
2024/25,South Lanarkshire,Newfield Primary School,P4,Reading - % Meeting Level,90+%
2024/25,South Lanarkshire,Newfield Primary School,P4,Writing - % Meeting Level,80-90%
2024/25,South Lanarkshire,Newfield Primary School,P7,Listening & Talking - % Meeting Level,90+%
2024/25,South Lanarkshire,Newfield Primary School,P7,Numeracy - % Meeting Level,90+%
2024/25,South Lanarkshire,Newfield Primary School,P7,Reading - % Meeting Level,90+%
2024/25,South Lanarkshire,Newfield Primary School,P7,Writing - % Meeting Level,80-90%
2024/25,South Lanarkshire,Newton Farm Primary School,P1,Listening & Talking - % Meeting Level,80-90%
2024/25,South Lanarkshire,Newton Farm Primary School,P1,Numeracy - % Meeting Level,80-90%
2024/25,South Lanarkshire,Newton Farm Primary School,P1,Reading - % Meeting Level,80-90%
2024/25,South Lanarkshire,Newton Farm Primary School,P1,Writing - % Meeting Level,80-90%
2024/25,South Lanarkshire,Newton Farm Primary School,"P1, P4 & P7 combined",Listening & Talking - % Meeting Level,80-90%
2024/25,South Lanarkshire,Newton Farm Primary School,"P1, P4 & P7 combined",Numeracy - % Meeting Level,80-90%
2024/25,South Lanarkshire,Newton Farm Primary School,"P1, P4 & P7 combined",Reading - % Meeting Level,70-80%
2024/25,South Lanarkshire,Newton Farm Primary School,"P1, P4 & P7 combined",Writing - % Meeting Level,70-80%
2024/25,South Lanarkshire,Newton Farm Primary School,P4,Listening & Talking - % Meeting Level,80-90%
2024/25,South Lanarkshire,Newton Farm Primary School,P4,Numeracy - % Meeting Level,80-90%
2024/25,South Lanarkshire,Newton Farm Primary School,P4,Reading - % Meeting Level,80-90%
2024/25,South Lanarkshire,Newton Farm Primary School,P4,Writing - % Meeting Level,70-80%
2024/25,South Lanarkshire,Newton Farm Primary School,P7,Listening & Talking - % Meeting Level,70-80%
2024/25,South Lanarkshire,Newton Farm Primary School,P7,Numeracy - % Meeting Level,70-80%
2024/25,South Lanarkshire,Newton Farm Primary School,P7,Reading - % Meeting Level,70-80%
2024/25,South Lanarkshire,Newton Farm Primary School,P7,Writing - % Meeting Level,70-80%
2024/25,South Lanarkshire,Our Lady Of Lourdes Primary School,P1,Listening & Talking - % Meeting Level,80-90%
2024/25,South Lanarkshire,Our Lady Of Lourdes Primary School,P1,Numeracy - % Meeting Level,90+%
2024/25,South Lanarkshire,Our Lady Of Lourdes Primary School,P1,Reading - % Meeting Level,80-90%
2024/25,South Lanarkshire,Our Lady Of Lourdes Primary School,P1,Writing - % Meeting Level,80-90%
2024/25,South Lanarkshire,Our Lady Of Lourdes Primary School,"P1, P4 & P7 combined",Listening & Talking - % Meeting Level,80-90%
2024/25,South Lanarkshire,Our Lady Of Lourdes Primary School,"P1, P4 & P7 combined",Numeracy - % Meeting Level,90+%
2024/25,South Lanarkshire,Our Lady Of Lourdes Primary School,"P1, P4 & P7 combined",Reading - % Meeting Level,80-90%
2024/25,South Lanarkshire,Our Lady Of Lourdes Primary School,"P1, P4 & P7 combined",Writing - % Meeting Level,80-90%
2024/25,South Lanarkshire,Our Lady Of Lourdes Primary School,P4,Listening & Talking - % Meeting Level,90+%
2024/25,South Lanarkshire,Our Lady Of Lourdes Primary School,P4,Numeracy - % Meeting Level,90+%
2024/25,South Lanarkshire,Our Lady Of Lourdes Primary School,P4,Reading - % Meeting Level,80-90%
2024/25,South Lanarkshire,Our Lady Of Lourdes Primary School,P4,Writing - % Meeting Level,80-90%
2024/25,South Lanarkshire,Our Lady Of Lourdes Primary School,P7,Listening & Talking - % Meeting Level,90+%
2024/25,South Lanarkshire,Our Lady Of Lourdes Primary School,P7,Numeracy - % Meeting Level,80-90%
2024/25,South Lanarkshire,Our Lady Of Lourdes Primary School,P7,Reading - % Meeting Level,80-90%
2024/25,South Lanarkshire,Our Lady Of Lourdes Primary School,P7,Writing - % Meeting Level,80-90%
2024/25,South Lanarkshire,Our Lady and St Anne's Primary School,P1,Listening & Talking - % Meeting Level,90+%
2024/25,South Lanarkshire,Our Lady and St Anne's Primary School,P1,Numeracy - % Meeting Level,90+%
2024/25,South Lanarkshire,Our Lady and St Anne's Primary School,P1,Reading - % Meeting Level,80-90%
2024/25,South Lanarkshire,Our Lady and St Anne's Primary School,P1,Writing - % Meeting Level,90+%
2024/25,South Lanarkshire,Our Lady and St Anne's Primary School,"P1, P4 & P7 combined",Listening & Talking - % Meeting Level,90+%
2024/25,South Lanarkshire,Our Lady and St Anne's Primary School,"P1, P4 & P7 combined",Numeracy - % Meeting Level,80-90%
2024/25,South Lanarkshire,Our Lady and St Anne's Primary School,"P1, P4 & P7 combined",Reading - % Meeting Level,70-80%
2024/25,South Lanarkshire,Our Lady and St Anne's Primary School,"P1, P4 & P7 combined",Writing - % Meeting Level,70-80%
2024/25,South Lanarkshire,Our Lady and St Anne's Primary School,P4,Listening & Talking - % Meeting Level,90+%
2024/25,South Lanarkshire,Our Lady and St Anne's Primary School,P4,Numeracy - % Meeting Level,90+%
2024/25,South Lanarkshire,Our Lady and St Anne's Primary School,P4,Reading - % Meeting Level,60-70%
2024/25,South Lanarkshire,Our Lady and St Anne's Primary School,P4,Writing - % Meeting Level,70-80%
2024/25,South Lanarkshire,Our Lady and St Anne's Primary School,P7,Listening & Talking - % Meeting Level,90+%
2024/25,South Lanarkshire,Our Lady and St Anne's Primary School,P7,Numeracy - % Meeting Level,60-70%
2024/25,South Lanarkshire,Our Lady and St Anne's Primary School,P7,Reading - % Meeting Level,80-90%
2024/25,South Lanarkshire,Our Lady and St Anne's Primary School,P7,Writing - % Meeting Level,70-80%
2024/25,South Lanarkshire,Park View Primary School,P1,Listening & Talking - % Meeting Level,80-90%
2024/25,South Lanarkshire,Park View Primary School,P1,Numeracy - % Meeting Level,60-70%
2024/25,South Lanarkshire,Park View Primary School,P1,Reading - % Meeting Level,70-80%
2024/25,South Lanarkshire,Park View Primary School,P1,Writing - % Meeting Level,60-70%
2024/25,South Lanarkshire,Park View Primary School,"P1, P4 & P7 combined",Listening & Talking - % Meeting Level,90+%
2024/25,South Lanarkshire,Park View Primary School,"P1, P4 & P7 combined",Numeracy - % Meeting Level,70-80%
2024/25,South Lanarkshire,Park View Primary School,"P1, P4 & P7 combined",Reading - % Meeting Level,70-80%
2024/25,South Lanarkshire,Park View Primary School,"P1, P4 & P7 combined",Writing - % Meeting Level,60-70%
2024/25,South Lanarkshire,Park View Primary School,P4,Listening & Talking - % Meeting Level,90+%
2024/25,South Lanarkshire,Park View Primary School,P4,Numeracy - % Meeting Level,70-80%
2024/25,South Lanarkshire,Park View Primary School,P4,Reading - % Meeting Level,80-90%
2024/25,South Lanarkshire,Park View Primary School,P4,Writing - % Meeting Level,50-60%
2024/25,South Lanarkshire,Park View Primary School,P7,Listening & Talking - % Meeting Level,90+%
2024/25,South Lanarkshire,Park View Primary School,P7,Numeracy - % Meeting Level,70-80%
2024/25,South Lanarkshire,Park View Primary School,P7,Reading - % Meeting Level,80-90%
2024/25,South Lanarkshire,Park View Primary School,P7,Writing - % Meeting Level,70-80%
2024/25,South Lanarkshire,Quarter Primary School,P1,Listening & Talking - % Meeting Level,c
2024/25,South Lanarkshire,Quarter Primary School,P1,Numeracy - % Meeting Level,c
2024/25,South Lanarkshire,Quarter Primary School,P1,Reading - % Meeting Level,c
2024/25,South Lanarkshire,Quarter Primary School,P1,Writing - % Meeting Level,c
2024/25,South Lanarkshire,Quarter Primary School,"P1, P4 & P7 combined",Listening & Talking - % Meeting Level,c
2024/25,South Lanarkshire,Quarter Primary School,"P1, P4 & P7 combined",Numeracy - % Meeting Level,c
2024/25,South Lanarkshire,Quarter Primary School,"P1, P4 & P7 combined",Reading - % Meeting Level,c
2024/25,South Lanarkshire,Quarter Primary School,"P1, P4 & P7 combined",Writing - % Meeting Level,c
2024/25,South Lanarkshire,Quarter Primary School,P4,Listening & Talking - % Meeting Level,c
2024/25,South Lanarkshire,Quarter Primary School,P4,Numeracy - % Meeting Level,c
2024/25,South Lanarkshire,Quarter Primary School,P4,Reading - % Meeting Level,c
2024/25,South Lanarkshire,Quarter Primary School,P4,Writing - % Meeting Level,c
2024/25,South Lanarkshire,Quarter Primary School,P7,Listening & Talking - % Meeting Level,c
2024/25,South Lanarkshire,Quarter Primary School,P7,Numeracy - % Meeting Level,c
2024/25,South Lanarkshire,Quarter Primary School,P7,Reading - % Meeting Level,c
2024/25,South Lanarkshire,Quarter Primary School,P7,Writing - % Meeting Level,c
2024/25,South Lanarkshire,Rigside Primary School,P1,Listening & Talking - % Meeting Level,c
2024/25,South Lanarkshire,Rigside Primary School,P1,Numeracy - % Meeting Level,c
2024/25,South Lanarkshire,Rigside Primary School,P1,Reading - % Meeting Level,c
2024/25,South Lanarkshire,Rigside Primary School,P1,Writing - % Meeting Level,c
2024/25,South Lanarkshire,Rigside Primary School,"P1, P4 & P7 combined",Listening & Talking - % Meeting Level,70-80%
2024/25,South Lanarkshire,Rigside Primary School,"P1, P4 & P7 combined",Numeracy - % Meeting Level,60-70%
2024/25,South Lanarkshire,Rigside Primary School,"P1, P4 & P7 combined",Reading - % Meeting Level,60-70%
2024/25,South Lanarkshire,Rigside Primary School,"P1, P4 & P7 combined",Writing - % Meeting Level,50-60%
2024/25,South Lanarkshire,Rigside Primary School,P4,Listening & Talking - % Meeting Level,c
2024/25,South Lanarkshire,Rigside Primary School,P4,Numeracy - % Meeting Level,c
2024/25,South Lanarkshire,Rigside Primary School,P4,Reading - % Meeting Level,c
2024/25,South Lanarkshire,Rigside Primary School,P4,Writing - % Meeting Level,c
2024/25,South Lanarkshire,Rigside Primary School,P7,Listening & Talking - % Meeting Level,c
2024/25,South Lanarkshire,Rigside Primary School,P7,Numeracy - % Meeting Level,c
2024/25,South Lanarkshire,Rigside Primary School,P7,Reading - % Meeting Level,c
2024/25,South Lanarkshire,Rigside Primary School,P7,Writing - % Meeting Level,c
2024/25,South Lanarkshire,Robert Owen Memorial Primary School,P1,Listening & Talking - % Meeting Level,70-80%
2024/25,South Lanarkshire,Robert Owen Memorial Primary School,P1,Numeracy - % Meeting Level,60-70%
2024/25,South Lanarkshire,Robert Owen Memorial Primary School,P1,Reading - % Meeting Level,60-70%
2024/25,South Lanarkshire,Robert Owen Memorial Primary School,P1,Writing - % Meeting Level,70-80%
2024/25,South Lanarkshire,Robert Owen Memorial Primary School,"P1, P4 & P7 combined",Listening & Talking - % Meeting Level,80-90%
2024/25,South Lanarkshire,Robert Owen Memorial Primary School,"P1, P4 & P7 combined",Numeracy - % Meeting Level,70-80%
2024/25,South Lanarkshire,Robert Owen Memorial Primary School,"P1, P4 & P7 combined",Reading - % Meeting Level,70-80%
2024/25,South Lanarkshire,Robert Owen Memorial Primary School,"P1, P4 & P7 combined",Writing - % Meeting Level,60-70%
2024/25,South Lanarkshire,Robert Owen Memorial Primary School,P4,Listening & Talking - % Meeting Level,80-90%
2024/25,South Lanarkshire,Robert Owen Memorial Primary School,P4,Numeracy - % Meeting Level,70-80%
2024/25,South Lanarkshire,Robert Owen Memorial Primary School,P4,Reading - % Meeting Level,60-70%
2024/25,South Lanarkshire,Robert Owen Memorial Primary School,P4,Writing - % Meeting Level,60-70%
2024/25,South Lanarkshire,Robert Owen Memorial Primary School,P7,Listening & Talking - % Meeting Level,80-90%
2024/25,South Lanarkshire,Robert Owen Memorial Primary School,P7,Numeracy - % Meeting Level,80-90%
2024/25,South Lanarkshire,Robert Owen Memorial Primary School,P7,Reading - % Meeting Level,80-90%
2024/25,South Lanarkshire,Robert Owen Memorial Primary School,P7,Writing - % Meeting Level,70-80%
2024/25,South Lanarkshire,Robert Smillie Memorial Primary School,P1,Listening & Talking - % Meeting Level,50-60%
2024/25,South Lanarkshire,Robert Smillie Memorial Primary School,P1,Numeracy - % Meeting Level,60-70%
2024/25,South Lanarkshire,Robert Smillie Memorial Primary School,P1,Reading - % Meeting Level,50-60%
2024/25,South Lanarkshire,Robert Smillie Memorial Primary School,P1,Writing - % Meeting Level,40-50%
2024/25,South Lanarkshire,Robert Smillie Memorial Primary School,"P1, P4 & P7 combined",Listening & Talking - % Meeting Level,60-70%
2024/25,South Lanarkshire,Robert Smillie Memorial Primary School,"P1, P4 & P7 combined",Numeracy - % Meeting Level,60-70%
2024/25,South Lanarkshire,Robert Smillie Memorial Primary School,"P1, P4 & P7 combined",Reading - % Meeting Level,60-70%
2024/25,South Lanarkshire,Robert Smillie Memorial Primary School,"P1, P4 & P7 combined",Writing - % Meeting Level,50-60%
2024/25,South Lanarkshire,Robert Smillie Memorial Primary School,P4,Listening & Talking - % Meeting Level,60-70%
2024/25,South Lanarkshire,Robert Smillie Memorial Primary School,P4,Numeracy - % Meeting Level,60-70%
2024/25,South Lanarkshire,Robert Smillie Memorial Primary School,P4,Reading - % Meeting Level,50-60%
2024/25,South Lanarkshire,Robert Smillie Memorial Primary School,P4,Writing - % Meeting Level,60-70%
2024/25,South Lanarkshire,Robert Smillie Memorial Primary School,P7,Listening & Talking - % Meeting Level,80-90%
2024/25,South Lanarkshire,Robert Smillie Memorial Primary School,P7,Numeracy - % Meeting Level,50-60%
2024/25,South Lanarkshire,Robert Smillie Memorial Primary School,P7,Reading - % Meeting Level,70-80%
2024/25,South Lanarkshire,Robert Smillie Memorial Primary School,P7,Writing - % Meeting Level,40-50%
2024/25,South Lanarkshire,Sandford Primary School,P1,Listening & Talking - % Meeting Level,c
2024/25,South Lanarkshire,Sandford Primary School,P1,Numeracy - % Meeting Level,c
2024/25,South Lanarkshire,Sandford Primary School,P1,Reading - % Meeting Level,c
2024/25,South Lanarkshire,Sandford Primary School,P1,Writing - % Meeting Level,c
2024/25,South Lanarkshire,Sandford Primary School,"P1, P4 & P7 combined",Listening & Talking - % Meeting Level,70-80%
2024/25,South Lanarkshire,Sandford Primary School,"P1, P4 & P7 combined",Numeracy - % Meeting Level,70-80%
2024/25,South Lanarkshire,Sandford Primary School,"P1, P4 & P7 combined",Reading - % Meeting Level,70-80%
2024/25,South Lanarkshire,Sandford Primary School,"P1, P4 & P7 combined",Writing - % Meeting Level,60-70%
2024/25,South Lanarkshire,Sandford Primary School,P4,Listening & Talking - % Meeting Level,c
2024/25,South Lanarkshire,Sandford Primary School,P4,Numeracy - % Meeting Level,c
2024/25,South Lanarkshire,Sandford Primary School,P4,Reading - % Meeting Level,c
2024/25,South Lanarkshire,Sandford Primary School,P4,Writing - % Meeting Level,c
2024/25,South Lanarkshire,Sandford Primary School,P7,Listening & Talking - % Meeting Level,c
2024/25,South Lanarkshire,Sandford Primary School,P7,Numeracy - % Meeting Level,c
2024/25,South Lanarkshire,Sandford Primary School,P7,Reading - % Meeting Level,c
2024/25,South Lanarkshire,Sandford Primary School,P7,Writing - % Meeting Level,c
2024/25,South Lanarkshire,South Park Primary School,P1,Listening & Talking - % Meeting Level,70-80%
2024/25,South Lanarkshire,South Park Primary School,P1,Numeracy - % Meeting Level,60-70%
2024/25,South Lanarkshire,South Park Primary School,P1,Reading - % Meeting Level,60-70%
2024/25,South Lanarkshire,South Park Primary School,P1,Writing - % Meeting Level,60-70%
2024/25,South Lanarkshire,South Park Primary School,"P1, P4 & P7 combined",Listening & Talking - % Meeting Level,70-80%
2024/25,South Lanarkshire,South Park Primary School,"P1, P4 & P7 combined",Numeracy - % Meeting Level,60-70%
2024/25,South Lanarkshire,South Park Primary School,"P1, P4 & P7 combined",Reading - % Meeting Level,60-70%
2024/25,South Lanarkshire,South Park Primary School,"P1, P4 & P7 combined",Writing - % Meeting Level,60-70%
2024/25,South Lanarkshire,South Park Primary School,P4,Listening & Talking - % Meeting Level,c
2024/25,South Lanarkshire,South Park Primary School,P4,Numeracy - % Meeting Level,c
2024/25,South Lanarkshire,South Park Primary School,P4,Reading - % Meeting Level,c
2024/25,South Lanarkshire,South Park Primary School,P4,Writing - % Meeting Level,c
2024/25,South Lanarkshire,South Park Primary School,P7,Listening & Talking - % Meeting Level,80-90%
2024/25,South Lanarkshire,South Park Primary School,P7,Numeracy - % Meeting Level,70-80%
2024/25,South Lanarkshire,South Park Primary School,P7,Reading - % Meeting Level,60-70%
2024/25,South Lanarkshire,South Park Primary School,P7,Writing - % Meeting Level,60-70%
2024/25,South Lanarkshire,Spittal Primary School,P1,Listening & Talking - % Meeting Level,90+%
2024/25,South Lanarkshire,Spittal Primary School,P1,Numeracy - % Meeting Level,90+%
2024/25,South Lanarkshire,Spittal Primary School,P1,Reading - % Meeting Level,80-90%
2024/25,South Lanarkshire,Spittal Primary School,P1,Writing - % Meeting Level,80-90%
2024/25,South Lanarkshire,Spittal Primary School,"P1, P4 & P7 combined",Listening & Talking - % Meeting Level,90+%
2024/25,South Lanarkshire,Spittal Primary School,"P1, P4 & P7 combined",Numeracy - % Meeting Level,80-90%
2024/25,South Lanarkshire,Spittal Primary School,"P1, P4 & P7 combined",Reading - % Meeting Level,80-90%
2024/25,South Lanarkshire,Spittal Primary School,"P1, P4 & P7 combined",Writing - % Meeting Level,80-90%
2024/25,South Lanarkshire,Spittal Primary School,P4,Listening & Talking - % Meeting Level,90+%
2024/25,South Lanarkshire,Spittal Primary School,P4,Numeracy - % Meeting Level,70-80%
2024/25,South Lanarkshire,Spittal Primary School,P4,Reading - % Meeting Level,80-90%
2024/25,South Lanarkshire,Spittal Primary School,P4,Writing - % Meeting Level,70-80%
2024/25,South Lanarkshire,Spittal Primary School,P7,Listening & Talking - % Meeting Level,c
2024/25,South Lanarkshire,Spittal Primary School,P7,Numeracy - % Meeting Level,c
2024/25,South Lanarkshire,Spittal Primary School,P7,Reading - % Meeting Level,c
2024/25,South Lanarkshire,Spittal Primary School,P7,Writing - % Meeting Level,c
2024/25,South Lanarkshire,St Anthony's Primary School,P1,Listening & Talking - % Meeting Level,c
2024/25,South Lanarkshire,St Anthony's Primary School,P1,Numeracy - % Meeting Level,c
2024/25,South Lanarkshire,St Anthony's Primary School,P1,Reading - % Meeting Level,c
2024/25,South Lanarkshire,St Anthony's Primary School,P1,Writing - % Meeting Level,c
2024/25,South Lanarkshire,St Anthony's Primary School,"P1, P4 & P7 combined",Listening & Talking - % Meeting Level,80-90%
2024/25,South Lanarkshire,St Anthony's Primary School,"P1, P4 & P7 combined",Numeracy - % Meeting Level,70-80%
2024/25,South Lanarkshire,St Anthony's Primary School,"P1, P4 & P7 combined",Reading - % Meeting Level,70-80%
2024/25,South Lanarkshire,St Anthony's Primary School,"P1, P4 & P7 combined",Writing - % Meeting Level,60-70%
2024/25,South Lanarkshire,St Anthony's Primary School,P4,Listening & Talking - % Meeting Level,80-90%
2024/25,South Lanarkshire,St Anthony's Primary School,P4,Numeracy - % Meeting Level,60-70%
2024/25,South Lanarkshire,St Anthony's Primary School,P4,Reading - % Meeting Level,60-70%
2024/25,South Lanarkshire,St Anthony's Primary School,P4,Writing - % Meeting Level,40-50%
2024/25,South Lanarkshire,St Anthony's Primary School,P7,Listening & Talking - % Meeting Level,90+%
2024/25,South Lanarkshire,St Anthony's Primary School,P7,Numeracy - % Meeting Level,60-70%
2024/25,South Lanarkshire,St Anthony's Primary School,P7,Reading - % Meeting Level,80-90%
2024/25,South Lanarkshire,St Anthony's Primary School,P7,Writing - % Meeting Level,70-80%
2024/25,South Lanarkshire,St Athanasius' Primary School,P1,Listening & Talking - % Meeting Level,90+%
2024/25,South Lanarkshire,St Athanasius' Primary School,P1,Numeracy - % Meeting Level,90+%
2024/25,South Lanarkshire,St Athanasius' Primary School,P1,Reading - % Meeting Level,90+%
2024/25,South Lanarkshire,St Athanasius' Primary School,P1,Writing - % Meeting Level,80-90%
2024/25,South Lanarkshire,St Athanasius' Primary School,"P1, P4 & P7 combined",Listening & Talking - % Meeting Level,90+%
2024/25,South Lanarkshire,St Athanasius' Primary School,"P1, P4 & P7 combined",Numeracy - % Meeting Level,80-90%
2024/25,South Lanarkshire,St Athanasius' Primary School,"P1, P4 & P7 combined",Reading - % Meeting Level,80-90%
2024/25,South Lanarkshire,St Athanasius' Primary School,"P1, P4 & P7 combined",Writing - % Meeting Level,80-90%
2024/25,South Lanarkshire,St Athanasius' Primary School,P4,Listening & Talking - % Meeting Level,90+%
2024/25,South Lanarkshire,St Athanasius' Primary School,P4,Numeracy - % Meeting Level,80-90%
2024/25,South Lanarkshire,St Athanasius' Primary School,P4,Reading - % Meeting Level,80-90%
2024/25,South Lanarkshire,St Athanasius' Primary School,P4,Writing - % Meeting Level,80-90%
2024/25,South Lanarkshire,St Athanasius' Primary School,P7,Listening & Talking - % Meeting Level,80-90%
2024/25,South Lanarkshire,St Athanasius' Primary School,P7,Numeracy - % Meeting Level,90+%
2024/25,South Lanarkshire,St Athanasius' Primary School,P7,Reading - % Meeting Level,80-90%
2024/25,South Lanarkshire,St Athanasius' Primary School,P7,Writing - % Meeting Level,80-90%
2024/25,South Lanarkshire,St Blane's Primary School,P1,Listening & Talking - % Meeting Level,80-90%
2024/25,South Lanarkshire,St Blane's Primary School,P1,Numeracy - % Meeting Level,80-90%
2024/25,South Lanarkshire,St Blane's Primary School,P1,Reading - % Meeting Level,80-90%
2024/25,South Lanarkshire,St Blane's Primary School,P1,Writing - % Meeting Level,70-80%
2024/25,South Lanarkshire,St Blane's Primary School,"P1, P4 & P7 combined",Listening & Talking - % Meeting Level,90+%
2024/25,South Lanarkshire,St Blane's Primary School,"P1, P4 & P7 combined",Numeracy - % Meeting Level,80-90%
2024/25,South Lanarkshire,St Blane's Primary School,"P1, P4 & P7 combined",Reading - % Meeting Level,80-90%
2024/25,South Lanarkshire,St Blane's Primary School,"P1, P4 & P7 combined",Writing - % Meeting Level,70-80%
2024/25,South Lanarkshire,St Blane's Primary School,P4,Listening & Talking - % Meeting Level,90+%
2024/25,South Lanarkshire,St Blane's Primary School,P4,Numeracy - % Meeting Level,70-80%
2024/25,South Lanarkshire,St Blane's Primary School,P4,Reading - % Meeting Level,70-80%
2024/25,South Lanarkshire,St Blane's Primary School,P4,Writing - % Meeting Level,60-70%
2024/25,South Lanarkshire,St Blane's Primary School,P7,Listening & Talking - % Meeting Level,90+%
2024/25,South Lanarkshire,St Blane's Primary School,P7,Numeracy - % Meeting Level,80-90%
2024/25,South Lanarkshire,St Blane's Primary School,P7,Reading - % Meeting Level,90+%
2024/25,South Lanarkshire,St Blane's Primary School,P7,Writing - % Meeting Level,80-90%
2024/25,South Lanarkshire,St Bride's Primary School (Bothwell),P1,Listening & Talking - % Meeting Level,90+%
2024/25,South Lanarkshire,St Bride's Primary School (Bothwell),P1,Numeracy - % Meeting Level,90+%
2024/25,South Lanarkshire,St Bride's Primary School (Bothwell),P1,Reading - % Meeting Level,90+%
2024/25,South Lanarkshire,St Bride's Primary School (Bothwell),P1,Writing - % Meeting Level,90+%
2024/25,South Lanarkshire,St Bride's Primary School (Bothwell),"P1, P4 & P7 combined",Listening & Talking - % Meeting Level,90+%
2024/25,South Lanarkshire,St Bride's Primary School (Bothwell),"P1, P4 & P7 combined",Numeracy - % Meeting Level,80-90%
2024/25,South Lanarkshire,St Bride's Primary School (Bothwell),"P1, P4 & P7 combined",Reading - % Meeting Level,80-90%
2024/25,South Lanarkshire,St Bride's Primary School (Bothwell),"P1, P4 & P7 combined",Writing - % Meeting Level,80-90%
2024/25,South Lanarkshire,St Bride's Primary School (Bothwell),P4,Listening & Talking - % Meeting Level,90+%
2024/25,South Lanarkshire,St Bride's Primary School (Bothwell),P4,Numeracy - % Meeting Level,80-90%
2024/25,South Lanarkshire,St Bride's Primary School (Bothwell),P4,Reading - % Meeting Level,80-90%
2024/25,South Lanarkshire,St Bride's Primary School (Bothwell),P4,Writing - % Meeting Level,70-80%
2024/25,South Lanarkshire,St Bride's Primary School (Bothwell),P7,Listening & Talking - % Meeting Level,90+%
2024/25,South Lanarkshire,St Bride's Primary School (Bothwell),P7,Numeracy - % Meeting Level,80-90%
2024/25,South Lanarkshire,St Bride's Primary School (Bothwell),P7,Reading - % Meeting Level,80-90%
2024/25,South Lanarkshire,St Bride's Primary School (Bothwell),P7,Writing - % Meeting Level,80-90%
2024/25,South Lanarkshire,St Bride's Primary School (Cambuslang),P1,Listening & Talking - % Meeting Level,90+%
2024/25,South Lanarkshire,St Bride's Primary School (Cambuslang),P1,Numeracy - % Meeting Level,80-90%
2024/25,South Lanarkshire,St Bride's Primary School (Cambuslang),P1,Reading - % Meeting Level,80-90%
2024/25,South Lanarkshire,St Bride's Primary School (Cambuslang),P1,Writing - % Meeting Level,70-80%
2024/25,South Lanarkshire,St Bride's Primary School (Cambuslang),"P1, P4 & P7 combined",Listening & Talking - % Meeting Level,80-90%
2024/25,South Lanarkshire,St Bride's Primary School (Cambuslang),"P1, P4 & P7 combined",Numeracy - % Meeting Level,70-80%
2024/25,South Lanarkshire,St Bride's Primary School (Cambuslang),"P1, P4 & P7 combined",Reading - % Meeting Level,70-80%
2024/25,South Lanarkshire,St Bride's Primary School (Cambuslang),"P1, P4 & P7 combined",Writing - % Meeting Level,70-80%
2024/25,South Lanarkshire,St Bride's Primary School (Cambuslang),P4,Listening & Talking - % Meeting Level,90+%
2024/25,South Lanarkshire,St Bride's Primary School (Cambuslang),P4,Numeracy - % Meeting Level,60-70%
2024/25,South Lanarkshire,St Bride's Primary School (Cambuslang),P4,Reading - % Meeting Level,70-80%
2024/25,South Lanarkshire,St Bride's Primary School (Cambuslang),P4,Writing - % Meeting Level,60-70%
2024/25,South Lanarkshire,St Bride's Primary School (Cambuslang),P7,Listening & Talking - % Meeting Level,80-90%
2024/25,South Lanarkshire,St Bride's Primary School (Cambuslang),P7,Numeracy - % Meeting Level,60-70%
2024/25,South Lanarkshire,St Bride's Primary School (Cambuslang),P7,Reading - % Meeting Level,70-80%
2024/25,South Lanarkshire,St Bride's Primary School (Cambuslang),P7,Writing - % Meeting Level,70-80%
2024/25,South Lanarkshire,St Cadoc's Primary School,P1,Listening & Talking - % Meeting Level,c
2024/25,South Lanarkshire,St Cadoc's Primary School,P1,Numeracy - % Meeting Level,c
2024/25,South Lanarkshire,St Cadoc's Primary School,P1,Reading - % Meeting Level,c
2024/25,South Lanarkshire,St Cadoc's Primary School,P1,Writing - % Meeting Level,c
2024/25,South Lanarkshire,St Cadoc's Primary School,"P1, P4 & P7 combined",Listening & Talking - % Meeting Level,70-80%
2024/25,South Lanarkshire,St Cadoc's Primary School,"P1, P4 & P7 combined",Numeracy - % Meeting Level,60-70%
2024/25,South Lanarkshire,St Cadoc's Primary School,"P1, P4 & P7 combined",Reading - % Meeting Level,80-90%
2024/25,South Lanarkshire,St Cadoc's Primary School,"P1, P4 & P7 combined",Writing - % Meeting Level,70-80%
2024/25,South Lanarkshire,St Cadoc's Primary School,P4,Listening & Talking - % Meeting Level,c
2024/25,South Lanarkshire,St Cadoc's Primary School,P4,Numeracy - % Meeting Level,c
2024/25,South Lanarkshire,St Cadoc's Primary School,P4,Reading - % Meeting Level,c
2024/25,South Lanarkshire,St Cadoc's Primary School,P4,Writing - % Meeting Level,c
2024/25,South Lanarkshire,St Cadoc's Primary School,P7,Listening & Talking - % Meeting Level,90+%
2024/25,South Lanarkshire,St Cadoc's Primary School,P7,Numeracy - % Meeting Level,60-70%
2024/25,South Lanarkshire,St Cadoc's Primary School,P7,Reading - % Meeting Level,90+%
2024/25,South Lanarkshire,St Cadoc's Primary School,P7,Writing - % Meeting Level,80-90%
2024/25,South Lanarkshire,St Charles Primary School,P1,Listening & Talking - % Meeting Level,90+%
2024/25,South Lanarkshire,St Charles Primary School,P1,Numeracy - % Meeting Level,80-90%
2024/25,South Lanarkshire,St Charles Primary School,P1,Reading - % Meeting Level,70-80%
2024/25,South Lanarkshire,St Charles Primary School,P1,Writing - % Meeting Level,60-70%
2024/25,South Lanarkshire,St Charles Primary School,"P1, P4 & P7 combined",Listening & Talking - % Meeting Level,90+%
2024/25,South Lanarkshire,St Charles Primary School,"P1, P4 & P7 combined",Numeracy - % Meeting Level,80-90%
2024/25,South Lanarkshire,St Charles Primary School,"P1, P4 & P7 combined",Reading - % Meeting Level,70-80%
2024/25,South Lanarkshire,St Charles Primary School,"P1, P4 & P7 combined",Writing - % Meeting Level,60-70%
2024/25,South Lanarkshire,St Charles Primary School,P4,Listening & Talking - % Meeting Level,70-80%
2024/25,South Lanarkshire,St Charles Primary School,P4,Numeracy - % Meeting Level,70-80%
2024/25,South Lanarkshire,St Charles Primary School,P4,Reading - % Meeting Level,70-80%
2024/25,South Lanarkshire,St Charles Primary School,P4,Writing - % Meeting Level,50-60%
2024/25,South Lanarkshire,St Charles Primary School,P7,Listening & Talking - % Meeting Level,90+%
2024/25,South Lanarkshire,St Charles Primary School,P7,Numeracy - % Meeting Level,90+%
2024/25,South Lanarkshire,St Charles Primary School,P7,Reading - % Meeting Level,80-90%
2024/25,South Lanarkshire,St Charles Primary School,P7,Writing - % Meeting Level,70-80%
2024/25,South Lanarkshire,St Columbkille's Primary School,P1,Listening & Talking - % Meeting Level,90+%
2024/25,South Lanarkshire,St Columbkille's Primary School,P1,Numeracy - % Meeting Level,80-90%
2024/25,South Lanarkshire,St Columbkille's Primary School,P1,Reading - % Meeting Level,70-80%
2024/25,South Lanarkshire,St Columbkille's Primary School,P1,Writing - % Meeting Level,80-90%
2024/25,South Lanarkshire,St Columbkille's Primary School,"P1, P4 & P7 combined",Listening & Talking - % Meeting Level,90+%
2024/25,South Lanarkshire,St Columbkille's Primary School,"P1, P4 & P7 combined",Numeracy - % Meeting Level,80-90%
2024/25,South Lanarkshire,St Columbkille's Primary School,"P1, P4 & P7 combined",Reading - % Meeting Level,80-90%
2024/25,South Lanarkshire,St Columbkille's Primary School,"P1, P4 & P7 combined",Writing - % Meeting Level,80-90%
2024/25,South Lanarkshire,St Columbkille's Primary School,P4,Listening & Talking - % Meeting Level,90+%
2024/25,South Lanarkshire,St Columbkille's Primary School,P4,Numeracy - % Meeting Level,80-90%
2024/25,South Lanarkshire,St Columbkille's Primary School,P4,Reading - % Meeting Level,80-90%
2024/25,South Lanarkshire,St Columbkille's Primary School,P4,Writing - % Meeting Level,80-90%
2024/25,South Lanarkshire,St Columbkille's Primary School,P7,Listening & Talking - % Meeting Level,90+%
2024/25,South Lanarkshire,St Columbkille's Primary School,P7,Numeracy - % Meeting Level,80-90%
2024/25,South Lanarkshire,St Columbkille's Primary School,P7,Reading - % Meeting Level,90+%
2024/25,South Lanarkshire,St Columbkille's Primary School,P7,Writing - % Meeting Level,80-90%
2024/25,South Lanarkshire,St Cuthbert's Primary School,P1,Listening & Talking - % Meeting Level,70-80%
2024/25,South Lanarkshire,St Cuthbert's Primary School,P1,Numeracy - % Meeting Level,80-90%
2024/25,South Lanarkshire,St Cuthbert's Primary School,P1,Reading - % Meeting Level,60-70%
2024/25,South Lanarkshire,St Cuthbert's Primary School,P1,Writing - % Meeting Level,50-60%
2024/25,South Lanarkshire,St Cuthbert's Primary School,"P1, P4 & P7 combined",Listening & Talking - % Meeting Level,70-80%
2024/25,South Lanarkshire,St Cuthbert's Primary School,"P1, P4 & P7 combined",Numeracy - % Meeting Level,60-70%
2024/25,South Lanarkshire,St Cuthbert's Primary School,"P1, P4 & P7 combined",Reading - % Meeting Level,60-70%
2024/25,South Lanarkshire,St Cuthbert's Primary School,"P1, P4 & P7 combined",Writing - % Meeting Level,50-60%
2024/25,South Lanarkshire,St Cuthbert's Primary School,P4,Listening & Talking - % Meeting Level,60-70%
2024/25,South Lanarkshire,St Cuthbert's Primary School,P4,Numeracy - % Meeting Level,50-60%
2024/25,South Lanarkshire,St Cuthbert's Primary School,P4,Reading - % Meeting Level,60-70%
2024/25,South Lanarkshire,St Cuthbert's Primary School,P4,Writing - % Meeting Level,50-60%
2024/25,South Lanarkshire,St Cuthbert's Primary School,P7,Listening & Talking - % Meeting Level,80-90%
2024/25,South Lanarkshire,St Cuthbert's Primary School,P7,Numeracy - % Meeting Level,60-70%
2024/25,South Lanarkshire,St Cuthbert's Primary School,P7,Reading - % Meeting Level,50-60%
2024/25,South Lanarkshire,St Cuthbert's Primary School,P7,Writing - % Meeting Level,50-60%
2024/25,South Lanarkshire,St Elizabeth's Primary School,P1,Listening & Talking - % Meeting Level,90+%
2024/25,South Lanarkshire,St Elizabeth's Primary School,P1,Numeracy - % Meeting Level,90+%
2024/25,South Lanarkshire,St Elizabeth's Primary School,P1,Reading - % Meeting Level,90+%
2024/25,South Lanarkshire,St Elizabeth's Primary School,P1,Writing - % Meeting Level,90+%
2024/25,South Lanarkshire,St Elizabeth's Primary School,"P1, P4 & P7 combined",Listening & Talking - % Meeting Level,80-90%
2024/25,South Lanarkshire,St Elizabeth's Primary School,"P1, P4 & P7 combined",Numeracy - % Meeting Level,90+%
2024/25,South Lanarkshire,St Elizabeth's Primary School,"P1, P4 & P7 combined",Reading - % Meeting Level,80-90%
2024/25,South Lanarkshire,St Elizabeth's Primary School,"P1, P4 & P7 combined",Writing - % Meeting Level,80-90%
2024/25,South Lanarkshire,St Elizabeth's Primary School,P4,Listening & Talking - % Meeting Level,80-90%
2024/25,South Lanarkshire,St Elizabeth's Primary School,P4,Numeracy - % Meeting Level,80-90%
2024/25,South Lanarkshire,St Elizabeth's Primary School,P4,Reading - % Meeting Level,70-80%
2024/25,South Lanarkshire,St Elizabeth's Primary School,P4,Writing - % Meeting Level,70-80%
2024/25,South Lanarkshire,St Elizabeth's Primary School,P7,Listening & Talking - % Meeting Level,90+%
2024/25,South Lanarkshire,St Elizabeth's Primary School,P7,Numeracy - % Meeting Level,90+%
2024/25,South Lanarkshire,St Elizabeth's Primary School,P7,Reading - % Meeting Level,80-90%
2024/25,South Lanarkshire,St Elizabeth's Primary School,P7,Writing - % Meeting Level,90+%
2024/25,South Lanarkshire,St Hilary's Primary School,P1,Listening & Talking - % Meeting Level,c
2024/25,South Lanarkshire,St Hilary's Primary School,P1,Numeracy - % Meeting Level,c
2024/25,South Lanarkshire,St Hilary's Primary School,P1,Reading - % Meeting Level,c
2024/25,South Lanarkshire,St Hilary's Primary School,P1,Writing - % Meeting Level,c
2024/25,South Lanarkshire,St Hilary's Primary School,"P1, P4 & P7 combined",Listening & Talking - % Meeting Level,80-90%
2024/25,South Lanarkshire,St Hilary's Primary School,"P1, P4 & P7 combined",Numeracy - % Meeting Level,60-70%
2024/25,South Lanarkshire,St Hilary's Primary School,"P1, P4 & P7 combined",Reading - % Meeting Level,70-80%
2024/25,South Lanarkshire,St Hilary's Primary School,"P1, P4 & P7 combined",Writing - % Meeting Level,60-70%
2024/25,South Lanarkshire,St Hilary's Primary School,P4,Listening & Talking - % Meeting Level,80-90%
2024/25,South Lanarkshire,St Hilary's Primary School,P4,Numeracy - % Meeting Level,60-70%
2024/25,South Lanarkshire,St Hilary's Primary School,P4,Reading - % Meeting Level,80-90%
2024/25,South Lanarkshire,St Hilary's Primary School,P4,Writing - % Meeting Level,50-60%
2024/25,South Lanarkshire,St Hilary's Primary School,P7,Listening & Talking - % Meeting Level,c
2024/25,South Lanarkshire,St Hilary's Primary School,P7,Numeracy - % Meeting Level,c
2024/25,South Lanarkshire,St Hilary's Primary School,P7,Reading - % Meeting Level,c
2024/25,South Lanarkshire,St Hilary's Primary School,P7,Writing - % Meeting Level,c
2024/25,South Lanarkshire,St John The Baptist Primary School,P1,Listening & Talking - % Meeting Level,80-90%
2024/25,South Lanarkshire,St John The Baptist Primary School,P1,Numeracy - % Meeting Level,90+%
2024/25,South Lanarkshire,St John The Baptist Primary School,P1,Reading - % Meeting Level,80-90%
2024/25,South Lanarkshire,St John The Baptist Primary School,P1,Writing - % Meeting Level,80-90%
2024/25,South Lanarkshire,St John The Baptist Primary School,"P1, P4 & P7 combined",Listening & Talking - % Meeting Level,90+%
2024/25,South Lanarkshire,St John The Baptist Primary School,"P1, P4 & P7 combined",Numeracy - % Meeting Level,80-90%
2024/25,South Lanarkshire,St John The Baptist Primary School,"P1, P4 & P7 combined",Reading - % Meeting Level,80-90%
2024/25,South Lanarkshire,St John The Baptist Primary School,"P1, P4 & P7 combined",Writing - % Meeting Level,80-90%
2024/25,South Lanarkshire,St John The Baptist Primary School,P4,Listening & Talking - % Meeting Level,90+%
2024/25,South Lanarkshire,St John The Baptist Primary School,P4,Numeracy - % Meeting Level,80-90%
2024/25,South Lanarkshire,St John The Baptist Primary School,P4,Reading - % Meeting Level,80-90%
2024/25,South Lanarkshire,St John The Baptist Primary School,P4,Writing - % Meeting Level,80-90%
2024/25,South Lanarkshire,St John The Baptist Primary School,P7,Listening & Talking - % Meeting Level,90+%
2024/25,South Lanarkshire,St John The Baptist Primary School,P7,Numeracy - % Meeting Level,80-90%
2024/25,South Lanarkshire,St John The Baptist Primary School,P7,Reading - % Meeting Level,90+%
2024/25,South Lanarkshire,St John The Baptist Primary School,P7,Writing - % Meeting Level,80-90%
2024/25,South Lanarkshire,St John's Primary School (Blackwood),P1,Listening & Talking - % Meeting Level,c
2024/25,South Lanarkshire,St John's Primary School (Blackwood),P1,Numeracy - % Meeting Level,c
2024/25,South Lanarkshire,St John's Primary School (Blackwood),P1,Reading - % Meeting Level,c
2024/25,South Lanarkshire,St John's Primary School (Blackwood),P1,Writing - % Meeting Level,c
2024/25,South Lanarkshire,St John's Primary School (Blackwood),"P1, P4 & P7 combined",Listening & Talking - % Meeting Level,90+%
2024/25,South Lanarkshire,St John's Primary School (Blackwood),"P1, P4 & P7 combined",Numeracy - % Meeting Level,90+%
2024/25,South Lanarkshire,St John's Primary School (Blackwood),"P1, P4 & P7 combined",Reading - % Meeting Level,80-90%
2024/25,South Lanarkshire,St John's Primary School (Blackwood),"P1, P4 & P7 combined",Writing - % Meeting Level,70-80%
2024/25,South Lanarkshire,St John's Primary School (Blackwood),P4,Listening & Talking - % Meeting Level,c
2024/25,South Lanarkshire,St John's Primary School (Blackwood),P4,Numeracy - % Meeting Level,c
2024/25,South Lanarkshire,St John's Primary School (Blackwood),P4,Reading - % Meeting Level,c
2024/25,South Lanarkshire,St John's Primary School (Blackwood),P4,Writing - % Meeting Level,c
2024/25,South Lanarkshire,St John's Primary School (Blackwood),P7,Listening & Talking - % Meeting Level,c
2024/25,South Lanarkshire,St John's Primary School (Blackwood),P7,Numeracy - % Meeting Level,c
2024/25,South Lanarkshire,St John's Primary School (Blackwood),P7,Reading - % Meeting Level,c
2024/25,South Lanarkshire,St John's Primary School (Blackwood),P7,Writing - % Meeting Level,c
2024/25,South Lanarkshire,St John's Primary School (Hamilton),P1,Listening & Talking - % Meeting Level,60-70%
2024/25,South Lanarkshire,St John's Primary School (Hamilton),P1,Numeracy - % Meeting Level,60-70%
2024/25,South Lanarkshire,St John's Primary School (Hamilton),P1,Reading - % Meeting Level,50-60%
2024/25,South Lanarkshire,St John's Primary School (Hamilton),P1,Writing - % Meeting Level,50-60%
2024/25,South Lanarkshire,St John's Primary School (Hamilton),"P1, P4 & P7 combined",Listening & Talking - % Meeting Level,60-70%
2024/25,South Lanarkshire,St John's Primary School (Hamilton),"P1, P4 & P7 combined",Numeracy - % Meeting Level,60-70%
2024/25,South Lanarkshire,St John's Primary School (Hamilton),"P1, P4 & P7 combined",Reading - % Meeting Level,50-60%
2024/25,South Lanarkshire,St John's Primary School (Hamilton),"P1, P4 & P7 combined",Writing - % Meeting Level,50-60%
2024/25,South Lanarkshire,St John's Primary School (Hamilton),P4,Listening & Talking - % Meeting Level,50-60%
2024/25,South Lanarkshire,St John's Primary School (Hamilton),P4,Numeracy - % Meeting Level,60-70%
2024/25,South Lanarkshire,St John's Primary School (Hamilton),P4,Reading - % Meeting Level,50-60%
2024/25,South Lanarkshire,St John's Primary School (Hamilton),P4,Writing - % Meeting Level,50-60%
2024/25,South Lanarkshire,St John's Primary School (Hamilton),P7,Listening & Talking - % Meeting Level,70-80%
2024/25,South Lanarkshire,St John's Primary School (Hamilton),P7,Numeracy - % Meeting Level,60-70%
2024/25,South Lanarkshire,St John's Primary School (Hamilton),P7,Reading - % Meeting Level,60-70%
2024/25,South Lanarkshire,St John's Primary School (Hamilton),P7,Writing - % Meeting Level,50-60%
2024/25,South Lanarkshire,St Joseph's Primary School,P1,Listening & Talking - % Meeting Level,80-90%
2024/25,South Lanarkshire,St Joseph's Primary School,P1,Numeracy - % Meeting Level,80-90%
2024/25,South Lanarkshire,St Joseph's Primary School,P1,Reading - % Meeting Level,70-80%
2024/25,South Lanarkshire,St Joseph's Primary School,P1,Writing - % Meeting Level,70-80%
2024/25,South Lanarkshire,St Joseph's Primary School,"P1, P4 & P7 combined",Listening & Talking - % Meeting Level,80-90%
2024/25,South Lanarkshire,St Joseph's Primary School,"P1, P4 & P7 combined",Numeracy - % Meeting Level,90+%
2024/25,South Lanarkshire,St Joseph's Primary School,"P1, P4 & P7 combined",Reading - % Meeting Level,80-90%
2024/25,South Lanarkshire,St Joseph's Primary School,"P1, P4 & P7 combined",Writing - % Meeting Level,80-90%
2024/25,South Lanarkshire,St Joseph's Primary School,P4,Listening & Talking - % Meeting Level,80-90%
2024/25,South Lanarkshire,St Joseph's Primary School,P4,Numeracy - % Meeting Level,90+%
2024/25,South Lanarkshire,St Joseph's Primary School,P4,Reading - % Meeting Level,80-90%
2024/25,South Lanarkshire,St Joseph's Primary School,P4,Writing - % Meeting Level,80-90%
2024/25,South Lanarkshire,St Joseph's Primary School,P7,Listening & Talking - % Meeting Level,90+%
2024/25,South Lanarkshire,St Joseph's Primary School,P7,Numeracy - % Meeting Level,80-90%
2024/25,South Lanarkshire,St Joseph's Primary School,P7,Reading - % Meeting Level,90+%
2024/25,South Lanarkshire,St Joseph's Primary School,P7,Writing - % Meeting Level,90+%
2024/25,South Lanarkshire,St Kenneth's Primary School,P1,Listening & Talking - % Meeting Level,90+%
2024/25,South Lanarkshire,St Kenneth's Primary School,P1,Numeracy - % Meeting Level,90+%
2024/25,South Lanarkshire,St Kenneth's Primary School,P1,Reading - % Meeting Level,80-90%
2024/25,South Lanarkshire,St Kenneth's Primary School,P1,Writing - % Meeting Level,80-90%
2024/25,South Lanarkshire,St Kenneth's Primary School,"P1, P4 & P7 combined",Listening & Talking - % Meeting Level,90+%
2024/25,South Lanarkshire,St Kenneth's Primary School,"P1, P4 & P7 combined",Numeracy - % Meeting Level,90+%
2024/25,South Lanarkshire,St Kenneth's Primary School,"P1, P4 & P7 combined",Reading - % Meeting Level,90+%
2024/25,South Lanarkshire,St Kenneth's Primary School,"P1, P4 & P7 combined",Writing - % Meeting Level,80-90%
2024/25,South Lanarkshire,St Kenneth's Primary School,P4,Listening & Talking - % Meeting Level,90+%
2024/25,South Lanarkshire,St Kenneth's Primary School,P4,Numeracy - % Meeting Level,90+%
2024/25,South Lanarkshire,St Kenneth's Primary School,P4,Reading - % Meeting Level,90+%
2024/25,South Lanarkshire,St Kenneth's Primary School,P4,Writing - % Meeting Level,80-90%
2024/25,South Lanarkshire,St Kenneth's Primary School,P7,Listening & Talking - % Meeting Level,90+%
2024/25,South Lanarkshire,St Kenneth's Primary School,P7,Numeracy - % Meeting Level,80-90%
2024/25,South Lanarkshire,St Kenneth's Primary School,P7,Reading - % Meeting Level,90+%
2024/25,South Lanarkshire,St Kenneth's Primary School,P7,Writing - % Meeting Level,80-90%
2024/25,South Lanarkshire,St Leonard's Primary School,P1,Listening & Talking - % Meeting Level,80-90%
2024/25,South Lanarkshire,St Leonard's Primary School,P1,Numeracy - % Meeting Level,80-90%
2024/25,South Lanarkshire,St Leonard's Primary School,P1,Reading - % Meeting Level,80-90%
2024/25,South Lanarkshire,St Leonard's Primary School,P1,Writing - % Meeting Level,70-80%
2024/25,South Lanarkshire,St Leonard's Primary School,"P1, P4 & P7 combined",Listening & Talking - % Meeting Level,80-90%
2024/25,South Lanarkshire,St Leonard's Primary School,"P1, P4 & P7 combined",Numeracy - % Meeting Level,70-80%
2024/25,South Lanarkshire,St Leonard's Primary School,"P1, P4 & P7 combined",Reading - % Meeting Level,70-80%
2024/25,South Lanarkshire,St Leonard's Primary School,"P1, P4 & P7 combined",Writing - % Meeting Level,60-70%
2024/25,South Lanarkshire,St Leonard's Primary School,P4,Listening & Talking - % Meeting Level,80-90%
2024/25,South Lanarkshire,St Leonard's Primary School,P4,Numeracy - % Meeting Level,50-60%
2024/25,South Lanarkshire,St Leonard's Primary School,P4,Reading - % Meeting Level,60-70%
2024/25,South Lanarkshire,St Leonard's Primary School,P4,Writing - % Meeting Level,50-60%
2024/25,South Lanarkshire,St Leonard's Primary School,P7,Listening & Talking - % Meeting Level,80-90%
2024/25,South Lanarkshire,St Leonard's Primary School,P7,Numeracy - % Meeting Level,60-70%
2024/25,South Lanarkshire,St Leonard's Primary School,P7,Reading - % Meeting Level,80-90%
2024/25,South Lanarkshire,St Leonard's Primary School,P7,Writing - % Meeting Level,80-90%
2024/25,South Lanarkshire,St Louise's Primary School,P1,Listening & Talking - % Meeting Level,90+%
2024/25,South Lanarkshire,St Louise's Primary School,P1,Numeracy - % Meeting Level,80-90%
2024/25,South Lanarkshire,St Louise's Primary School,P1,Reading - % Meeting Level,80-90%
2024/25,South Lanarkshire,St Louise's Primary School,P1,Writing - % Meeting Level,70-80%
2024/25,South Lanarkshire,St Louise's Primary School,"P1, P4 & P7 combined",Listening & Talking - % Meeting Level,90+%
2024/25,South Lanarkshire,St Louise's Primary School,"P1, P4 & P7 combined",Numeracy - % Meeting Level,80-90%
2024/25,South Lanarkshire,St Louise's Primary School,"P1, P4 & P7 combined",Reading - % Meeting Level,80-90%
2024/25,South Lanarkshire,St Louise's Primary School,"P1, P4 & P7 combined",Writing - % Meeting Level,80-90%
2024/25,South Lanarkshire,St Louise's Primary School,P4,Listening & Talking - % Meeting Level,90+%
2024/25,South Lanarkshire,St Louise's Primary School,P4,Numeracy - % Meeting Level,80-90%
2024/25,South Lanarkshire,St Louise's Primary School,P4,Reading - % Meeting Level,80-90%
2024/25,South Lanarkshire,St Louise's Primary School,P4,Writing - % Meeting Level,80-90%
2024/25,South Lanarkshire,St Louise's Primary School,P7,Listening & Talking - % Meeting Level,90+%
2024/25,South Lanarkshire,St Louise's Primary School,P7,Numeracy - % Meeting Level,70-80%
2024/25,South Lanarkshire,St Louise's Primary School,P7,Reading - % Meeting Level,80-90%
2024/25,South Lanarkshire,St Louise's Primary School,P7,Writing - % Meeting Level,70-80%
2024/25,South Lanarkshire,St Mark's Primary School (Hamilton),P1,Listening & Talking - % Meeting Level,90+%
2024/25,South Lanarkshire,St Mark's Primary School (Hamilton),P1,Numeracy - % Meeting Level,80-90%
2024/25,South Lanarkshire,St Mark's Primary School (Hamilton),P1,Reading - % Meeting Level,80-90%
2024/25,South Lanarkshire,St Mark's Primary School (Hamilton),P1,Writing - % Meeting Level,80-90%
2024/25,South Lanarkshire,St Mark's Primary School (Hamilton),"P1, P4 & P7 combined",Listening & Talking - % Meeting Level,80-90%
2024/25,South Lanarkshire,St Mark's Primary School (Hamilton),"P1, P4 & P7 combined",Numeracy - % Meeting Level,80-90%
2024/25,South Lanarkshire,St Mark's Primary School (Hamilton),"P1, P4 & P7 combined",Reading - % Meeting Level,70-80%
2024/25,South Lanarkshire,St Mark's Primary School (Hamilton),"P1, P4 & P7 combined",Writing - % Meeting Level,60-70%
2024/25,South Lanarkshire,St Mark's Primary School (Hamilton),P4,Listening & Talking - % Meeting Level,70-80%
2024/25,South Lanarkshire,St Mark's Primary School (Hamilton),P4,Numeracy - % Meeting Level,80-90%
2024/25,South Lanarkshire,St Mark's Primary School (Hamilton),P4,Reading - % Meeting Level,60-70%
2024/25,South Lanarkshire,St Mark's Primary School (Hamilton),P4,Writing - % Meeting Level,50-60%
2024/25,South Lanarkshire,St Mark's Primary School (Hamilton),P7,Listening & Talking - % Meeting Level,70-80%
2024/25,South Lanarkshire,St Mark's Primary School (Hamilton),P7,Numeracy - % Meeting Level,70-80%
2024/25,South Lanarkshire,St Mark's Primary School (Hamilton),P7,Reading - % Meeting Level,60-70%
2024/25,South Lanarkshire,St Mark's Primary School (Hamilton),P7,Writing - % Meeting Level,50-60%
2024/25,South Lanarkshire,St Mark's Primary School (Rutherglen),P1,Listening & Talking - % Meeting Level,c
2024/25,South Lanarkshire,St Mark's Primary School (Rutherglen),P1,Numeracy - % Meeting Level,c
2024/25,South Lanarkshire,St Mark's Primary School (Rutherglen),P1,Reading - % Meeting Level,c
2024/25,South Lanarkshire,St Mark's Primary School (Rutherglen),P1,Writing - % Meeting Level,c
2024/25,South Lanarkshire,St Mark's Primary School (Rutherglen),"P1, P4 & P7 combined",Listening & Talking - % Meeting Level,80-90%
2024/25,South Lanarkshire,St Mark's Primary School (Rutherglen),"P1, P4 & P7 combined",Numeracy - % Meeting Level,70-80%
2024/25,South Lanarkshire,St Mark's Primary School (Rutherglen),"P1, P4 & P7 combined",Reading - % Meeting Level,70-80%
2024/25,South Lanarkshire,St Mark's Primary School (Rutherglen),"P1, P4 & P7 combined",Writing - % Meeting Level,70-80%
2024/25,South Lanarkshire,St Mark's Primary School (Rutherglen),P4,Listening & Talking - % Meeting Level,c
2024/25,South Lanarkshire,St Mark's Primary School (Rutherglen),P4,Numeracy - % Meeting Level,c
2024/25,South Lanarkshire,St Mark's Primary School (Rutherglen),P4,Reading - % Meeting Level,c
2024/25,South Lanarkshire,St Mark's Primary School (Rutherglen),P4,Writing - % Meeting Level,c
2024/25,South Lanarkshire,St Mark's Primary School (Rutherglen),P7,Listening & Talking - % Meeting Level,90+%
2024/25,South Lanarkshire,St Mark's Primary School (Rutherglen),P7,Numeracy - % Meeting Level,80-90%
2024/25,South Lanarkshire,St Mark's Primary School (Rutherglen),P7,Reading - % Meeting Level,80-90%
2024/25,South Lanarkshire,St Mark's Primary School (Rutherglen),P7,Writing - % Meeting Level,80-90%
2024/25,South Lanarkshire,St Mary's Primary School (Hamilton),P1,Listening & Talking - % Meeting Level,80-90%
2024/25,South Lanarkshire,St Mary's Primary School (Hamilton),P1,Numeracy - % Meeting Level,80-90%
2024/25,South Lanarkshire,St Mary's Primary School (Hamilton),P1,Reading - % Meeting Level,80-90%
2024/25,South Lanarkshire,St Mary's Primary School (Hamilton),P1,Writing - % Meeting Level,80-90%
2024/25,South Lanarkshire,St Mary's Primary School (Hamilton),"P1, P4 & P7 combined",Listening & Talking - % Meeting Level,80-90%
2024/25,South Lanarkshire,St Mary's Primary School (Hamilton),"P1, P4 & P7 combined",Numeracy - % Meeting Level,70-80%
2024/25,South Lanarkshire,St Mary's Primary School (Hamilton),"P1, P4 & P7 combined",Reading - % Meeting Level,80-90%
2024/25,South Lanarkshire,St Mary's Primary School (Hamilton),"P1, P4 & P7 combined",Writing - % Meeting Level,80-90%
2024/25,South Lanarkshire,St Mary's Primary School (Hamilton),P4,Listening & Talking - % Meeting Level,90+%
2024/25,South Lanarkshire,St Mary's Primary School (Hamilton),P4,Numeracy - % Meeting Level,70-80%
2024/25,South Lanarkshire,St Mary's Primary School (Hamilton),P4,Reading - % Meeting Level,90+%
2024/25,South Lanarkshire,St Mary's Primary School (Hamilton),P4,Writing - % Meeting Level,80-90%
2024/25,South Lanarkshire,St Mary's Primary School (Hamilton),P7,Listening & Talking - % Meeting Level,80-90%
2024/25,South Lanarkshire,St Mary's Primary School (Hamilton),P7,Numeracy - % Meeting Level,70-80%
2024/25,South Lanarkshire,St Mary's Primary School (Hamilton),P7,Reading - % Meeting Level,70-80%
2024/25,South Lanarkshire,St Mary's Primary School (Hamilton),P7,Writing - % Meeting Level,70-80%
2024/25,South Lanarkshire,St Mary's Primary School (Lanark),P1,Listening & Talking - % Meeting Level,c
2024/25,South Lanarkshire,St Mary's Primary School (Lanark),P1,Numeracy - % Meeting Level,c
2024/25,South Lanarkshire,St Mary's Primary School (Lanark),P1,Reading - % Meeting Level,c
2024/25,South Lanarkshire,St Mary's Primary School (Lanark),P1,Writing - % Meeting Level,c
2024/25,South Lanarkshire,St Mary's Primary School (Lanark),"P1, P4 & P7 combined",Listening & Talking - % Meeting Level,80-90%
2024/25,South Lanarkshire,St Mary's Primary School (Lanark),"P1, P4 & P7 combined",Numeracy - % Meeting Level,70-80%
2024/25,South Lanarkshire,St Mary's Primary School (Lanark),"P1, P4 & P7 combined",Reading - % Meeting Level,70-80%
2024/25,South Lanarkshire,St Mary's Primary School (Lanark),"P1, P4 & P7 combined",Writing - % Meeting Level,70-80%
2024/25,South Lanarkshire,St Mary's Primary School (Lanark),P4,Listening & Talking - % Meeting Level,c
2024/25,South Lanarkshire,St Mary's Primary School (Lanark),P4,Numeracy - % Meeting Level,c
2024/25,South Lanarkshire,St Mary's Primary School (Lanark),P4,Reading - % Meeting Level,c
2024/25,South Lanarkshire,St Mary's Primary School (Lanark),P4,Writing - % Meeting Level,c
2024/25,South Lanarkshire,St Mary's Primary School (Lanark),P7,Listening & Talking - % Meeting Level,c
2024/25,South Lanarkshire,St Mary's Primary School (Lanark),P7,Numeracy - % Meeting Level,c
2024/25,South Lanarkshire,St Mary's Primary School (Lanark),P7,Reading - % Meeting Level,c
2024/25,South Lanarkshire,St Mary's Primary School (Lanark),P7,Writing - % Meeting Level,c
2024/25,South Lanarkshire,St Mary's Primary School (Larkhall),P1,Listening & Talking - % Meeting Level,c
2024/25,South Lanarkshire,St Mary's Primary School (Larkhall),P1,Numeracy - % Meeting Level,c
2024/25,South Lanarkshire,St Mary's Primary School (Larkhall),P1,Reading - % Meeting Level,c
2024/25,South Lanarkshire,St Mary's Primary School (Larkhall),P1,Writing - % Meeting Level,c
2024/25,South Lanarkshire,St Mary's Primary School (Larkhall),"P1, P4 & P7 combined",Listening & Talking - % Meeting Level,90+%
2024/25,South Lanarkshire,St Mary's Primary School (Larkhall),"P1, P4 & P7 combined",Numeracy - % Meeting Level,80-90%
2024/25,South Lanarkshire,St Mary's Primary School (Larkhall),"P1, P4 & P7 combined",Reading - % Meeting Level,90+%
2024/25,South Lanarkshire,St Mary's Primary School (Larkhall),"P1, P4 & P7 combined",Writing - % Meeting Level,80-90%
2024/25,South Lanarkshire,St Mary's Primary School (Larkhall),P4,Listening & Talking - % Meeting Level,c
2024/25,South Lanarkshire,St Mary's Primary School (Larkhall),P4,Numeracy - % Meeting Level,c
2024/25,South Lanarkshire,St Mary's Primary School (Larkhall),P4,Reading - % Meeting Level,c
2024/25,South Lanarkshire,St Mary's Primary School (Larkhall),P4,Writing - % Meeting Level,c
2024/25,South Lanarkshire,St Mary's Primary School (Larkhall),P7,Listening & Talking - % Meeting Level,c
2024/25,South Lanarkshire,St Mary's Primary School (Larkhall),P7,Numeracy - % Meeting Level,c
2024/25,South Lanarkshire,St Mary's Primary School (Larkhall),P7,Reading - % Meeting Level,c
2024/25,South Lanarkshire,St Mary's Primary School (Larkhall),P7,Writing - % Meeting Level,c
2024/25,South Lanarkshire,St Ninian's Primary School,P1,Listening & Talking - % Meeting Level,70-80%
2024/25,South Lanarkshire,St Ninian's Primary School,P1,Numeracy - % Meeting Level,80-90%
2024/25,South Lanarkshire,St Ninian's Primary School,P1,Reading - % Meeting Level,70-80%
2024/25,South Lanarkshire,St Ninian's Primary School,P1,Writing - % Meeting Level,70-80%
2024/25,South Lanarkshire,St Ninian's Primary School,"P1, P4 & P7 combined",Listening & Talking - % Meeting Level,80-90%
2024/25,South Lanarkshire,St Ninian's Primary School,"P1, P4 & P7 combined",Numeracy - % Meeting Level,80-90%
2024/25,South Lanarkshire,St Ninian's Primary School,"P1, P4 & P7 combined",Reading - % Meeting Level,80-90%
2024/25,South Lanarkshire,St Ninian's Primary School,"P1, P4 & P7 combined",Writing - % Meeting Level,70-80%
2024/25,South Lanarkshire,St Ninian's Primary School,P4,Listening & Talking - % Meeting Level,80-90%
2024/25,South Lanarkshire,St Ninian's Primary School,P4,Numeracy - % Meeting Level,70-80%
2024/25,South Lanarkshire,St Ninian's Primary School,P4,Reading - % Meeting Level,80-90%
2024/25,South Lanarkshire,St Ninian's Primary School,P4,Writing - % Meeting Level,60-70%
2024/25,South Lanarkshire,St Ninian's Primary School,P7,Listening & Talking - % Meeting Level,90+%
2024/25,South Lanarkshire,St Ninian's Primary School,P7,Numeracy - % Meeting Level,80-90%
2024/25,South Lanarkshire,St Ninian's Primary School,P7,Reading - % Meeting Level,80-90%
2024/25,South Lanarkshire,St Ninian's Primary School,P7,Writing - % Meeting Level,80-90%
2024/25,South Lanarkshire,St Patrick's Primary School,P1,Listening & Talking - % Meeting Level,c
2024/25,South Lanarkshire,St Patrick's Primary School,P1,Numeracy - % Meeting Level,c
2024/25,South Lanarkshire,St Patrick's Primary School,P1,Reading - % Meeting Level,c
2024/25,South Lanarkshire,St Patrick's Primary School,P1,Writing - % Meeting Level,c
2024/25,South Lanarkshire,St Patrick's Primary School,"P1, P4 & P7 combined",Listening & Talking - % Meeting Level,90+%
2024/25,South Lanarkshire,St Patrick's Primary School,"P1, P4 & P7 combined",Numeracy - % Meeting Level,80-90%
2024/25,South Lanarkshire,St Patrick's Primary School,"P1, P4 & P7 combined",Reading - % Meeting Level,80-90%
2024/25,South Lanarkshire,St Patrick's Primary School,"P1, P4 & P7 combined",Writing - % Meeting Level,80-90%
2024/25,South Lanarkshire,St Patrick's Primary School,P4,Listening & Talking - % Meeting Level,c
2024/25,South Lanarkshire,St Patrick's Primary School,P4,Numeracy - % Meeting Level,c
2024/25,South Lanarkshire,St Patrick's Primary School,P4,Reading - % Meeting Level,c
2024/25,South Lanarkshire,St Patrick's Primary School,P4,Writing - % Meeting Level,c
2024/25,South Lanarkshire,St Patrick's Primary School,P7,Listening & Talking - % Meeting Level,c
2024/25,South Lanarkshire,St Patrick's Primary School,P7,Numeracy - % Meeting Level,c
2024/25,South Lanarkshire,St Patrick's Primary School,P7,Reading - % Meeting Level,c
2024/25,South Lanarkshire,St Patrick's Primary School,P7,Writing - % Meeting Level,c
2024/25,South Lanarkshire,St Paul's Primary School,P1,Listening & Talking - % Meeting Level,90+%
2024/25,South Lanarkshire,St Paul's Primary School,P1,Numeracy - % Meeting Level,90+%
2024/25,South Lanarkshire,St Paul's Primary School,P1,Reading - % Meeting Level,90+%
2024/25,South Lanarkshire,St Paul's Primary School,P1,Writing - % Meeting Level,90+%
2024/25,South Lanarkshire,St Paul's Primary School,"P1, P4 & P7 combined",Listening & Talking - % Meeting Level,80-90%
2024/25,South Lanarkshire,St Paul's Primary School,"P1, P4 & P7 combined",Numeracy - % Meeting Level,70-80%
2024/25,South Lanarkshire,St Paul's Primary School,"P1, P4 & P7 combined",Reading - % Meeting Level,80-90%
2024/25,South Lanarkshire,St Paul's Primary School,"P1, P4 & P7 combined",Writing - % Meeting Level,60-70%
2024/25,South Lanarkshire,St Paul's Primary School,P4,Listening & Talking - % Meeting Level,80-90%
2024/25,South Lanarkshire,St Paul's Primary School,P4,Numeracy - % Meeting Level,70-80%
2024/25,South Lanarkshire,St Paul's Primary School,P4,Reading - % Meeting Level,70-80%
2024/25,South Lanarkshire,St Paul's Primary School,P4,Writing - % Meeting Level,60-70%
2024/25,South Lanarkshire,St Paul's Primary School,P7,Listening & Talking - % Meeting Level,c
2024/25,South Lanarkshire,St Paul's Primary School,P7,Numeracy - % Meeting Level,c
2024/25,South Lanarkshire,St Paul's Primary School,P7,Reading - % Meeting Level,c
2024/25,South Lanarkshire,St Paul's Primary School,P7,Writing - % Meeting Level,c
2024/25,South Lanarkshire,St Peter's Primary School,P1,Listening & Talking - % Meeting Level,c
2024/25,South Lanarkshire,St Peter's Primary School,P1,Numeracy - % Meeting Level,c
2024/25,South Lanarkshire,St Peter's Primary School,P1,Reading - % Meeting Level,c
2024/25,South Lanarkshire,St Peter's Primary School,P1,Writing - % Meeting Level,c
2024/25,South Lanarkshire,St Peter's Primary School,"P1, P4 & P7 combined",Listening & Talking - % Meeting Level,80-90%
2024/25,South Lanarkshire,St Peter's Primary School,"P1, P4 & P7 combined",Numeracy - % Meeting Level,60-70%
2024/25,South Lanarkshire,St Peter's Primary School,"P1, P4 & P7 combined",Reading - % Meeting Level,70-80%
2024/25,South Lanarkshire,St Peter's Primary School,"P1, P4 & P7 combined",Writing - % Meeting Level,60-70%
2024/25,South Lanarkshire,St Peter's Primary School,P4,Listening & Talking - % Meeting Level,c
2024/25,South Lanarkshire,St Peter's Primary School,P4,Numeracy - % Meeting Level,c
2024/25,South Lanarkshire,St Peter's Primary School,P4,Reading - % Meeting Level,c
2024/25,South Lanarkshire,St Peter's Primary School,P4,Writing - % Meeting Level,c
2024/25,South Lanarkshire,St Peter's Primary School,P7,Listening & Talking - % Meeting Level,70-80%
2024/25,South Lanarkshire,St Peter's Primary School,P7,Numeracy - % Meeting Level,50-60%
2024/25,South Lanarkshire,St Peter's Primary School,P7,Reading - % Meeting Level,70-80%
2024/25,South Lanarkshire,St Peter's Primary School,P7,Writing - % Meeting Level,60-70%
2024/25,South Lanarkshire,St Vincent's Primary School,P1,Listening & Talking - % Meeting Level,90+%
2024/25,South Lanarkshire,St Vincent's Primary School,P1,Numeracy - % Meeting Level,90+%
2024/25,South Lanarkshire,St Vincent's Primary School,P1,Reading - % Meeting Level,90+%
2024/25,South Lanarkshire,St Vincent's Primary School,P1,Writing - % Meeting Level,90+%
2024/25,South Lanarkshire,St Vincent's Primary School,"P1, P4 & P7 combined",Listening & Talking - % Meeting Level,80-90%
2024/25,South Lanarkshire,St Vincent's Primary School,"P1, P4 & P7 combined",Numeracy - % Meeting Level,70-80%
2024/25,South Lanarkshire,St Vincent's Primary School,"P1, P4 & P7 combined",Reading - % Meeting Level,70-80%
2024/25,South Lanarkshire,St Vincent's Primary School,"P1, P4 & P7 combined",Writing - % Meeting Level,70-80%
2024/25,South Lanarkshire,St Vincent's Primary School,P4,Listening & Talking - % Meeting Level,80-90%
2024/25,South Lanarkshire,St Vincent's Primary School,P4,Numeracy - % Meeting Level,60-70%
2024/25,South Lanarkshire,St Vincent's Primary School,P4,Reading - % Meeting Level,60-70%
2024/25,South Lanarkshire,St Vincent's Primary School,P4,Writing - % Meeting Level,50-60%
2024/25,South Lanarkshire,St Vincent's Primary School,P7,Listening & Talking - % Meeting Level,80-90%
2024/25,South Lanarkshire,St Vincent's Primary School,P7,Numeracy - % Meeting Level,60-70%
2024/25,South Lanarkshire,St Vincent's Primary School,P7,Reading - % Meeting Level,60-70%
2024/25,South Lanarkshire,St Vincent's Primary School,P7,Writing - % Meeting Level,70-80%
2024/25,South Lanarkshire,Stonehouse Primary School,P1,Listening & Talking - % Meeting Level,80-90%
2024/25,South Lanarkshire,Stonehouse Primary School,P1,Numeracy - % Meeting Level,60-70%
2024/25,South Lanarkshire,Stonehouse Primary School,P1,Reading - % Meeting Level,70-80%
2024/25,South Lanarkshire,Stonehouse Primary School,P1,Writing - % Meeting Level,70-80%
2024/25,South Lanarkshire,Stonehouse Primary School,"P1, P4 & P7 combined",Listening & Talking - % Meeting Level,80-90%
2024/25,South Lanarkshire,Stonehouse Primary School,"P1, P4 & P7 combined",Numeracy - % Meeting Level,60-70%
2024/25,South Lanarkshire,Stonehouse Primary School,"P1, P4 & P7 combined",Reading - % Meeting Level,70-80%
2024/25,South Lanarkshire,Stonehouse Primary School,"P1, P4 & P7 combined",Writing - % Meeting Level,70-80%
2024/25,South Lanarkshire,Stonehouse Primary School,P4,Listening & Talking - % Meeting Level,80-90%
2024/25,South Lanarkshire,Stonehouse Primary School,P4,Numeracy - % Meeting Level,60-70%
2024/25,South Lanarkshire,Stonehouse Primary School,P4,Reading - % Meeting Level,60-70%
2024/25,South Lanarkshire,Stonehouse Primary School,P4,Writing - % Meeting Level,60-70%
2024/25,South Lanarkshire,Stonehouse Primary School,P7,Listening & Talking - % Meeting Level,90+%
2024/25,South Lanarkshire,Stonehouse Primary School,P7,Numeracy - % Meeting Level,70-80%
2024/25,South Lanarkshire,Stonehouse Primary School,P7,Reading - % Meeting Level,70-80%
2024/25,South Lanarkshire,Stonehouse Primary School,P7,Writing - % Meeting Level,70-80%
2024/25,South Lanarkshire,Tinto Primary School,P1,Listening & Talking - % Meeting Level,c
2024/25,South Lanarkshire,Tinto Primary School,P1,Numeracy - % Meeting Level,c
2024/25,South Lanarkshire,Tinto Primary School,P1,Reading - % Meeting Level,c
2024/25,South Lanarkshire,Tinto Primary School,P1,Writing - % Meeting Level,c
2024/25,South Lanarkshire,Tinto Primary School,"P1, P4 & P7 combined",Listening & Talking - % Meeting Level,90+%
2024/25,South Lanarkshire,Tinto Primary School,"P1, P4 & P7 combined",Numeracy - % Meeting Level,80-90%
2024/25,South Lanarkshire,Tinto Primary School,"P1, P4 & P7 combined",Reading - % Meeting Level,80-90%
2024/25,South Lanarkshire,Tinto Primary School,"P1, P4 & P7 combined",Writing - % Meeting Level,80-90%
2024/25,South Lanarkshire,Tinto Primary School,P4,Listening & Talking - % Meeting Level,c
2024/25,South Lanarkshire,Tinto Primary School,P4,Numeracy - % Meeting Level,c
2024/25,South Lanarkshire,Tinto Primary School,P4,Reading - % Meeting Level,c
2024/25,South Lanarkshire,Tinto Primary School,P4,Writing - % Meeting Level,c
2024/25,South Lanarkshire,Tinto Primary School,P7,Listening & Talking - % Meeting Level,c
2024/25,South Lanarkshire,Tinto Primary School,P7,Numeracy - % Meeting Level,c
2024/25,South Lanarkshire,Tinto Primary School,P7,Reading - % Meeting Level,c
2024/25,South Lanarkshire,Tinto Primary School,P7,Writing - % Meeting Level,c
2024/25,South Lanarkshire,Townhill Primary School,P1,Listening & Talking - % Meeting Level,90+%
2024/25,South Lanarkshire,Townhill Primary School,P1,Numeracy - % Meeting Level,90+%
2024/25,South Lanarkshire,Townhill Primary School,P1,Reading - % Meeting Level,80-90%
2024/25,South Lanarkshire,Townhill Primary School,P1,Writing - % Meeting Level,90+%
2024/25,South Lanarkshire,Townhill Primary School,"P1, P4 & P7 combined",Listening & Talking - % Meeting Level,90+%
2024/25,South Lanarkshire,Townhill Primary School,"P1, P4 & P7 combined",Numeracy - % Meeting Level,80-90%
2024/25,South Lanarkshire,Townhill Primary School,"P1, P4 & P7 combined",Reading - % Meeting Level,80-90%
2024/25,South Lanarkshire,Townhill Primary School,"P1, P4 & P7 combined",Writing - % Meeting Level,80-90%
2024/25,South Lanarkshire,Townhill Primary School,P4,Listening & Talking - % Meeting Level,90+%
2024/25,South Lanarkshire,Townhill Primary School,P4,Numeracy - % Meeting Level,90+%
2024/25,South Lanarkshire,Townhill Primary School,P4,Reading - % Meeting Level,70-80%
2024/25,South Lanarkshire,Townhill Primary School,P4,Writing - % Meeting Level,70-80%
2024/25,South Lanarkshire,Townhill Primary School,P7,Listening & Talking - % Meeting Level,90+%
2024/25,South Lanarkshire,Townhill Primary School,P7,Numeracy - % Meeting Level,70-80%
2024/25,South Lanarkshire,Townhill Primary School,P7,Reading - % Meeting Level,70-80%
2024/25,South Lanarkshire,Townhill Primary School,P7,Writing - % Meeting Level,70-80%
2024/25,South Lanarkshire,Udston Primary School,P1,Listening & Talking - % Meeting Level,70-80%
2024/25,South Lanarkshire,Udston Primary School,P1,Numeracy - % Meeting Level,80-90%
2024/25,South Lanarkshire,Udston Primary School,P1,Reading - % Meeting Level,70-80%
2024/25,South Lanarkshire,Udston Primary School,P1,Writing - % Meeting Level,50-60%
2024/25,South Lanarkshire,Udston Primary School,"P1, P4 & P7 combined",Listening & Talking - % Meeting Level,70-80%
2024/25,South Lanarkshire,Udston Primary School,"P1, P4 & P7 combined",Numeracy - % Meeting Level,70-80%
2024/25,South Lanarkshire,Udston Primary School,"P1, P4 & P7 combined",Reading - % Meeting Level,60-70%
2024/25,South Lanarkshire,Udston Primary School,"P1, P4 & P7 combined",Writing - % Meeting Level,50-60%
2024/25,South Lanarkshire,Udston Primary School,P4,Listening & Talking - % Meeting Level,70-80%
2024/25,South Lanarkshire,Udston Primary School,P4,Numeracy - % Meeting Level,50-60%
2024/25,South Lanarkshire,Udston Primary School,P4,Reading - % Meeting Level,50-60%
2024/25,South Lanarkshire,Udston Primary School,P4,Writing - % Meeting Level,40-50%
2024/25,South Lanarkshire,Udston Primary School,P7,Listening & Talking - % Meeting Level,80-90%
2024/25,South Lanarkshire,Udston Primary School,P7,Numeracy - % Meeting Level,70-80%
2024/25,South Lanarkshire,Udston Primary School,P7,Reading - % Meeting Level,80-90%
2024/25,South Lanarkshire,Udston Primary School,P7,Writing - % Meeting Level,70-80%
2024/25,South Lanarkshire,Underbank Primary School,P1,Listening & Talking - % Meeting Level,c
2024/25,South Lanarkshire,Underbank Primary School,P1,Numeracy - % Meeting Level,c
2024/25,South Lanarkshire,Underbank Primary School,P1,Reading - % Meeting Level,c
2024/25,South Lanarkshire,Underbank Primary School,P1,Writing - % Meeting Level,c
2024/25,South Lanarkshire,Underbank Primary School,"P1, P4 & P7 combined",Listening & Talking - % Meeting Level,90+%
2024/25,South Lanarkshire,Underbank Primary School,"P1, P4 & P7 combined",Numeracy - % Meeting Level,80-90%
2024/25,South Lanarkshire,Underbank Primary School,"P1, P4 & P7 combined",Reading - % Meeting Level,90+%
2024/25,South Lanarkshire,Underbank Primary School,"P1, P4 & P7 combined",Writing - % Meeting Level,80-90%
2024/25,South Lanarkshire,Underbank Primary School,P4,Listening & Talking - % Meeting Level,c
2024/25,South Lanarkshire,Underbank Primary School,P4,Numeracy - % Meeting Level,c
2024/25,South Lanarkshire,Underbank Primary School,P4,Reading - % Meeting Level,c
2024/25,South Lanarkshire,Underbank Primary School,P4,Writing - % Meeting Level,c
2024/25,South Lanarkshire,Underbank Primary School,P7,Listening & Talking - % Meeting Level,c
2024/25,South Lanarkshire,Underbank Primary School,P7,Numeracy - % Meeting Level,c
2024/25,South Lanarkshire,Underbank Primary School,P7,Reading - % Meeting Level,c
2024/25,South Lanarkshire,Underbank Primary School,P7,Writing - % Meeting Level,c
2024/25,South Lanarkshire,West Coats Primary School,P1,Listening & Talking - % Meeting Level,90+%
2024/25,South Lanarkshire,West Coats Primary School,P1,Numeracy - % Meeting Level,90+%
2024/25,South Lanarkshire,West Coats Primary School,P1,Reading - % Meeting Level,90+%
2024/25,South Lanarkshire,West Coats Primary School,P1,Writing - % Meeting Level,80-90%
2024/25,South Lanarkshire,West Coats Primary School,"P1, P4 & P7 combined",Listening & Talking - % Meeting Level,80-90%
2024/25,South Lanarkshire,West Coats Primary School,"P1, P4 & P7 combined",Numeracy - % Meeting Level,80-90%
2024/25,South Lanarkshire,West Coats Primary School,"P1, P4 & P7 combined",Reading - % Meeting Level,80-90%
2024/25,South Lanarkshire,West Coats Primary School,"P1, P4 & P7 combined",Writing - % Meeting Level,70-80%
2024/25,South Lanarkshire,West Coats Primary School,P4,Listening & Talking - % Meeting Level,80-90%
2024/25,South Lanarkshire,West Coats Primary School,P4,Numeracy - % Meeting Level,70-80%
2024/25,South Lanarkshire,West Coats Primary School,P4,Reading - % Meeting Level,70-80%
2024/25,South Lanarkshire,West Coats Primary School,P4,Writing - % Meeting Level,70-80%
2024/25,South Lanarkshire,West Coats Primary School,P7,Listening & Talking - % Meeting Level,80-90%
2024/25,South Lanarkshire,West Coats Primary School,P7,Numeracy - % Meeting Level,80-90%
2024/25,South Lanarkshire,West Coats Primary School,P7,Reading - % Meeting Level,80-90%
2024/25,South Lanarkshire,West Coats Primary School,P7,Writing - % Meeting Level,80-90%
2024/25,South Lanarkshire,Wester Overton Primary School,P1,Listening & Talking - % Meeting Level,90+%
2024/25,South Lanarkshire,Wester Overton Primary School,P1,Numeracy - % Meeting Level,90+%
2024/25,South Lanarkshire,Wester Overton Primary School,P1,Reading - % Meeting Level,90+%
2024/25,South Lanarkshire,Wester Overton Primary School,P1,Writing - % Meeting Level,90+%
2024/25,South Lanarkshire,Wester Overton Primary School,"P1, P4 & P7 combined",Listening & Talking - % Meeting Level,90+%
2024/25,South Lanarkshire,Wester Overton Primary School,"P1, P4 & P7 combined",Numeracy - % Meeting Level,90+%
2024/25,South Lanarkshire,Wester Overton Primary School,"P1, P4 & P7 combined",Reading - % Meeting Level,90+%
2024/25,South Lanarkshire,Wester Overton Primary School,"P1, P4 & P7 combined",Writing - % Meeting Level,90+%
2024/25,South Lanarkshire,Wester Overton Primary School,P4,Listening & Talking - % Meeting Level,90+%
2024/25,South Lanarkshire,Wester Overton Primary School,P4,Numeracy - % Meeting Level,90+%
2024/25,South Lanarkshire,Wester Overton Primary School,P4,Reading - % Meeting Level,90+%
2024/25,South Lanarkshire,Wester Overton Primary School,P4,Writing - % Meeting Level,90+%
2024/25,South Lanarkshire,Wester Overton Primary School,P7,Listening & Talking - % Meeting Level,90+%
2024/25,South Lanarkshire,Wester Overton Primary School,P7,Numeracy - % Meeting Level,90+%
2024/25,South Lanarkshire,Wester Overton Primary School,P7,Reading - % Meeting Level,90+%
2024/25,South Lanarkshire,Wester Overton Primary School,P7,Writing - % Meeting Level,90+%
2024/25,South Lanarkshire,Wiston Primary School,"P1, P4 & P7 combined",Listening & Talking - % Meeting Level,c
2024/25,South Lanarkshire,Wiston Primary School,"P1, P4 & P7 combined",Numeracy - % Meeting Level,c
2024/25,South Lanarkshire,Wiston Primary School,"P1, P4 & P7 combined",Reading - % Meeting Level,c
2024/25,South Lanarkshire,Wiston Primary School,"P1, P4 & P7 combined",Writing - % Meeting Level,c
2024/25,South Lanarkshire,Wiston Primary School,P7,Listening & Talking - % Meeting Level,c
2024/25,South Lanarkshire,Wiston Primary School,P7,Numeracy - % Meeting Level,c
2024/25,South Lanarkshire,Wiston Primary School,P7,Reading - % Meeting Level,c
2024/25,South Lanarkshire,Wiston Primary School,P7,Writing - % Meeting Level,c
2024/25,South Lanarkshire,Woodhead Primary School,P1,Listening & Talking - % Meeting Level,80-90%
2024/25,South Lanarkshire,Woodhead Primary School,P1,Numeracy - % Meeting Level,80-90%
2024/25,South Lanarkshire,Woodhead Primary School,P1,Reading - % Meeting Level,60-70%
2024/25,South Lanarkshire,Woodhead Primary School,P1,Writing - % Meeting Level,70-80%
2024/25,South Lanarkshire,Woodhead Primary School,"P1, P4 & P7 combined",Listening & Talking - % Meeting Level,90+%
2024/25,South Lanarkshire,Woodhead Primary School,"P1, P4 & P7 combined",Numeracy - % Meeting Level,70-80%
2024/25,South Lanarkshire,Woodhead Primary School,"P1, P4 & P7 combined",Reading - % Meeting Level,70-80%
2024/25,South Lanarkshire,Woodhead Primary School,"P1, P4 & P7 combined",Writing - % Meeting Level,70-80%
2024/25,South Lanarkshire,Woodhead Primary School,P4,Listening & Talking - % Meeting Level,90+%
2024/25,South Lanarkshire,Woodhead Primary School,P4,Numeracy - % Meeting Level,70-80%
2024/25,South Lanarkshire,Woodhead Primary School,P4,Reading - % Meeting Level,70-80%
2024/25,South Lanarkshire,Woodhead Primary School,P4,Writing - % Meeting Level,60-70%
2024/25,South Lanarkshire,Woodhead Primary School,P7,Listening & Talking - % Meeting Level,90+%
2024/25,South Lanarkshire,Woodhead Primary School,P7,Numeracy - % Meeting Level,80-90%
2024/25,South Lanarkshire,Woodhead Primary School,P7,Reading - % Meeting Level,80-90%
2024/25,South Lanarkshire,Woodhead Primary School,P7,Writing - % Meeting Level,80-90%
2024/25,South Lanarkshire,Woodpark Primary School,P1,Listening & Talking - % Meeting Level,c
2024/25,South Lanarkshire,Woodpark Primary School,P1,Numeracy - % Meeting Level,c
2024/25,South Lanarkshire,Woodpark Primary School,P1,Reading - % Meeting Level,c
2024/25,South Lanarkshire,Woodpark Primary School,P1,Writing - % Meeting Level,c
2024/25,South Lanarkshire,Woodpark Primary School,"P1, P4 & P7 combined",Listening & Talking - % Meeting Level,90+%
2024/25,South Lanarkshire,Woodpark Primary School,"P1, P4 & P7 combined",Numeracy - % Meeting Level,90+%
2024/25,South Lanarkshire,Woodpark Primary School,"P1, P4 & P7 combined",Reading - % Meeting Level,80-90%
2024/25,South Lanarkshire,Woodpark Primary School,"P1, P4 & P7 combined",Writing - % Meeting Level,80-90%
2024/25,South Lanarkshire,Woodpark Primary School,P4,Listening & Talking - % Meeting Level,c
2024/25,South Lanarkshire,Woodpark Primary School,P4,Numeracy - % Meeting Level,c
2024/25,South Lanarkshire,Woodpark Primary School,P4,Reading - % Meeting Level,c
2024/25,South Lanarkshire,Woodpark Primary School,P4,Writing - % Meeting Level,c
2024/25,South Lanarkshire,Woodpark Primary School,P7,Listening & Talking - % Meeting Level,90+%
2024/25,South Lanarkshire,Woodpark Primary School,P7,Numeracy - % Meeting Level,80-90%
2024/25,South Lanarkshire,Woodpark Primary School,P7,Reading - % Meeting Level,80-90%
2024/25,South Lanarkshire,Woodpark Primary School,P7,Writing - % Meeting Level,80-90%
2024/25,South Lanarkshire,Woodside Primary School,P1,Listening & Talking - % Meeting Level,90+%
2024/25,South Lanarkshire,Woodside Primary School,P1,Numeracy - % Meeting Level,90+%
2024/25,South Lanarkshire,Woodside Primary School,P1,Reading - % Meeting Level,80-90%
2024/25,South Lanarkshire,Woodside Primary School,P1,Writing - % Meeting Level,80-90%
2024/25,South Lanarkshire,Woodside Primary School,"P1, P4 & P7 combined",Listening & Talking - % Meeting Level,80-90%
2024/25,South Lanarkshire,Woodside Primary School,"P1, P4 & P7 combined",Numeracy - % Meeting Level,80-90%
2024/25,South Lanarkshire,Woodside Primary School,"P1, P4 & P7 combined",Reading - % Meeting Level,80-90%
2024/25,South Lanarkshire,Woodside Primary School,"P1, P4 & P7 combined",Writing - % Meeting Level,80-90%
2024/25,South Lanarkshire,Woodside Primary School,P4,Listening & Talking - % Meeting Level,80-90%
2024/25,South Lanarkshire,Woodside Primary School,P4,Numeracy - % Meeting Level,80-90%
2024/25,South Lanarkshire,Woodside Primary School,P4,Reading - % Meeting Level,80-90%
2024/25,South Lanarkshire,Woodside Primary School,P4,Writing - % Meeting Level,70-80%
2024/25,South Lanarkshire,Woodside Primary School,P7,Listening & Talking - % Meeting Level,80-90%
2024/25,South Lanarkshire,Woodside Primary School,P7,Numeracy - % Meeting Level,80-90%
2024/25,South Lanarkshire,Woodside Primary School,P7,Reading - % Meeting Level,80-90%
2024/25,South Lanarkshire,Woodside Primary School,P7,Writing - % Meeting Level,80-90%
